{
  "rep": 38,
  "scenario": "C",
  "status": "ok",
  "n": 98,
  "n_sh": 61,
  "n_ns": 37,
  "true_mu": 0.8,
  "true_beta": 4.0,
  "true_Ksh": 0.12,
  "true_Kns": 0.08,
  "true_ash": 0.8,
  "true_ans": 0.7,
  "true_R": 1.5,
  "mu_hat": 0.5717345520221957,
  "beta_hat": 0.08204244425216936,
  "Ksh_hat": 0.3275170933189762,
  "Kns_hat": 0.18075177733340791,
  "ash_hat": 1.3142155077139983,
  "ans_hat": 1.000000050207733e-06,
  "R_hat": 1.8119716339765253,
  "ll2": -87.03874361719117,
  "aic2": 186.07748723438235,
  "ll1": -87.90344025456012,
  "aic1": 183.80688050912025,
  "LR": 1.7293932747379017,
  "lrt_p": 0.42117930331054565,
  "R_lo": 1.209979147308379e-08,
  "R_hi": 35.97613898379863,
  "R_covered": true,
  "n_boot_ok": 39,
  "ks_p": 0.5811272602724706
}