{
  "rep": 99,
  "scenario": "C",
  "status": "ok",
  "n": 71,
  "n_sh": 37,
  "n_ns": 34,
  "true_mu": 0.8,
  "true_beta": 4.0,
  "true_Ksh": 0.12,
  "true_Kns": 0.08,
  "true_ash": 0.8,
  "true_ans": 0.7,
  "true_R": 1.5,
  "mu_hat": 0.5527677214717371,
  "beta_hat": 0.889609868196236,
  "Ksh_hat": 0.016803659719563033,
  "Kns_hat": 0.5693797170882934,
  "ash_hat": 1.925082895352892e-06,
  "ans_hat": 0.1510600759496887,
  "R_hat": 0.029512220430847027,
  "ll2": -83.39955899171814,
  "aic2": 178.79911798343628,
  "ll1": -84.87485522819846,
  "aic1": 177.7497104563969,
  "LR": 2.9505924729606363,
  "lrt_p": 0.22871096447771866,
  "R_lo": 0.002742389469099865,
  "R_hi": 75.73069175379096,
  "R_covered": true,
  "n_boot_ok": 42,
  "ks_p": 0.9482473191093999
}