{
  "rep": 134,
  "scenario": "C",
  "status": "ok",
  "n": 85,
  "n_sh": 49,
  "n_ns": 36,
  "true_mu": 0.8,
  "true_beta": 4.0,
  "true_Ksh": 0.12,
  "true_Kns": 0.08,
  "true_ash": 0.8,
  "true_ans": 0.7,
  "true_R": 1.5,
  "mu_hat": 0.32946046453142896,
  "beta_hat": 0.11601964722775351,
  "Ksh_hat": 0.9487773805478894,
  "Kns_hat": 0.02632044390975906,
  "ash_hat": 0.3219681354180862,
  "ans_hat": 2.25,
  "R_hat": 36.04716485028974,
  "ll2": -85.80108804774905,
  "aic2": 183.6021760954981,
  "ll1": -86.28212814318334,
  "aic1": 180.56425628636669,
  "LR": 0.9620801908685905,
  "lrt_p": 0.6181401326089724,
  "R_lo": 5.007309932127336e-08,
  "R_hi": 42.87055153009531,
  "R_covered": true,
  "n_boot_ok": 40,
  "ks_p": 0.36540532455464214
}