{
  "rep": 159,
  "scenario": "C",
  "status": "ok",
  "n": 54,
  "n_sh": 30,
  "n_ns": 24,
  "true_mu": 0.8,
  "true_beta": 4.0,
  "true_Ksh": 0.12,
  "true_Kns": 0.08,
  "true_ash": 0.8,
  "true_ans": 0.7,
  "true_R": 1.5,
  "mu_hat": 0.5295427081486941,
  "beta_hat": 1.929647180115093,
  "Ksh_hat": 0.12170385562922237,
  "Kns_hat": 0.04328628617196174,
  "ash_hat": 2.1294583898033335e-06,
  "ans_hat": 2.25,
  "R_hat": 2.8116030824574376,
  "ll2": -80.58433155485841,
  "aic2": 173.16866310971682,
  "ll1": -80.97241171960135,
  "aic1": 169.9448234392027,
  "LR": 0.7761603294858901,
  "lrt_p": 0.6783579606928072,
  "R_lo": 4.435374302150644e-07,
  "R_hi": 23.773306149765617,
  "R_covered": true,
  "n_boot_ok": 43,
  "ks_p": 0.7187248123780712
}