{
  "rep": 82,
  "scenario": "C",
  "status": "ok",
  "n": 61,
  "n_sh": 35,
  "n_ns": 26,
  "true_mu": 0.8,
  "true_beta": 4.0,
  "true_Ksh": 0.12,
  "true_Kns": 0.08,
  "true_ash": 0.8,
  "true_ans": 0.7,
  "true_R": 1.5,
  "mu_hat": 0.6103969710731567,
  "beta_hat": 1.533180930194793,
  "Ksh_hat": 1.000000187994166e-08,
  "Kns_hat": 0.23332166091106726,
  "ash_hat": 6.57117033680533e-05,
  "ans_hat": 1.4771912679098733e-06,
  "R_hat": 4.285929493598648e-08,
  "ll2": -84.02006645691037,
  "aic2": 180.04013291382074,
  "ll1": -84.72508417664801,
  "aic1": 177.45016835329602,
  "LR": 1.4100354394752799,
  "lrt_p": 0.49409981885941234,
  "R_lo": 1.1162273192520237e-07,
  "R_hi": 24.749202570650006,
  "R_covered": true,
  "n_boot_ok": 41,
  "ks_p": 0.5830218670091027
}