{
  "rep": 119,
  "scenario": "C",
  "status": "ok",
  "n": 82,
  "n_sh": 40,
  "n_ns": 42,
  "true_mu": 0.8,
  "true_beta": 4.0,
  "true_Ksh": 0.12,
  "true_Kns": 0.08,
  "true_ash": 0.8,
  "true_ans": 0.7,
  "true_R": 1.5,
  "mu_hat": 0.8036392919355962,
  "beta_hat": 10.000000000000002,
  "Ksh_hat": 0.05000964237164674,
  "Kns_hat": 0.03723246703961408,
  "ash_hat": 1.3536994580044241,
  "ans_hat": 2.25,
  "R_hat": 1.3431729441521612,
  "ll2": -84.93095915337697,
  "aic2": 181.86191830675395,
  "ll1": -85.36968367948167,
  "aic1": 178.73936735896334,
  "LR": 0.8774490522093856,
  "lrt_p": 0.6448583968187218,
  "R_lo": 1.02731526651985e-07,
  "R_hi": 73.43499531701825,
  "R_covered": true,
  "n_boot_ok": 44,
  "ks_p": 0.9961514205968619
}