{
  "rep": 188,
  "scenario": "C",
  "status": "ok",
  "n": 88,
  "n_sh": 45,
  "n_ns": 43,
  "true_mu": 0.8,
  "true_beta": 4.0,
  "true_Ksh": 0.12,
  "true_Kns": 0.08,
  "true_ash": 0.8,
  "true_ans": 0.7,
  "true_R": 1.5,
  "mu_hat": 0.9079195107576902,
  "beta_hat": 10.000000000000002,
  "Ksh_hat": 0.03952844297423446,
  "Kns_hat": 0.05981654720823081,
  "ash_hat": 0.7239603328993238,
  "ans_hat": 0.746215758573916,
  "R_hat": 0.6608278949406714,
  "ll2": -88.35201168185402,
  "aic2": 188.70402336370805,
  "ll1": -88.39018100559407,
  "aic1": 184.78036201118815,
  "LR": 0.07633864748009955,
  "lrt_p": 0.9625499445354192,
  "R_lo": 1.2776057940708108e-06,
  "R_hi": 18.418902110584384,
  "R_covered": true,
  "n_boot_ok": 44,
  "ks_p": 0.7336015068761415
}