{
  "rep": 58,
  "scenario": "C",
  "status": "ok",
  "n": 71,
  "n_sh": 44,
  "n_ns": 27,
  "true_mu": 0.8,
  "true_beta": 4.0,
  "true_Ksh": 0.12,
  "true_Kns": 0.08,
  "true_ash": 0.8,
  "true_ans": 0.7,
  "true_R": 1.5,
  "mu_hat": 0.6420980396839197,
  "beta_hat": 6.724628220816597,
  "Ksh_hat": 0.13462388273006223,
  "Kns_hat": 0.054419484852282284,
  "ash_hat": 0.8776509496740669,
  "ans_hat": 1.1849314362886012,
  "R_hat": 2.473817660999345,
  "ll2": -81.84825100366757,
  "aic2": 175.69650200733514,
  "ll1": -82.05392162643534,
  "aic1": 172.10784325287068,
  "LR": 0.41134124553553875,
  "lrt_p": 0.8141011785200472,
  "R_lo": 0.14912643457912,
  "R_hi": 25.956079730335766,
  "R_covered": true,
  "n_boot_ok": 42,
  "ks_p": 0.4870083460100696
}