{
  "rep": 154,
  "scenario": "C",
  "status": "ok",
  "n": 71,
  "n_sh": 39,
  "n_ns": 32,
  "true_mu": 0.8,
  "true_beta": 4.0,
  "true_Ksh": 0.12,
  "true_Kns": 0.08,
  "true_ash": 0.8,
  "true_ans": 0.7,
  "true_R": 1.5,
  "mu_hat": 0.5127851195823073,
  "beta_hat": 0.2341756182794125,
  "Ksh_hat": 0.1845211851224567,
  "Kns_hat": 1.7982154969428356e-08,
  "ash_hat": 2.25,
  "ans_hat": 0.03522268484324733,
  "R_hat": 10261349.957008103,
  "ll2": -83.50178654354661,
  "aic2": 179.00357308709323,
  "ll1": -83.73984957330288,
  "aic1": 175.47969914660575,
  "LR": 0.4761260595125236,
  "lrt_p": 0.7881530124358992,
  "R_lo": 0.03282190424958291,
  "R_hi": 26.113670075696973,
  "R_covered": true,
  "n_boot_ok": 43,
  "ks_p": 0.31320521988088657
}