{
  "rep": 73,
  "scenario": "C",
  "status": "ok",
  "n": 87,
  "n_sh": 52,
  "n_ns": 35,
  "true_mu": 0.8,
  "true_beta": 4.0,
  "true_Ksh": 0.12,
  "true_Kns": 0.08,
  "true_ash": 0.8,
  "true_ans": 0.7,
  "true_R": 1.5,
  "mu_hat": 0.6521122155777064,
  "beta_hat": 1.1097597608048162,
  "Ksh_hat": 0.15204035453385875,
  "Kns_hat": 0.49377536384350496,
  "ash_hat": 0.661798643982819,
  "ans_hat": 7.922467141822293e-06,
  "R_hat": 0.3079140144830024,
  "ll2": -86.5801382784295,
  "aic2": 185.160276556859,
  "ll1": -86.91875866891141,
  "aic1": 181.83751733782282,
  "LR": 0.6772407809638139,
  "lrt_p": 0.7127529655504035,
  "R_lo": 2.668769409833643e-07,
  "R_hi": 7.878107187702316,
  "R_covered": true,
  "n_boot_ok": 38,
  "ks_p": 0.9552476126036873
}