{
  "rep": 116,
  "scenario": "C",
  "status": "ok",
  "n": 98,
  "n_sh": 54,
  "n_ns": 44,
  "true_mu": 0.8,
  "true_beta": 4.0,
  "true_Ksh": 0.12,
  "true_Kns": 0.08,
  "true_ash": 0.8,
  "true_ans": 0.7,
  "true_R": 1.5,
  "mu_hat": 0.6906292805587368,
  "beta_hat": 1.3004069302986363,
  "Ksh_hat": 0.108811404926608,
  "Kns_hat": 0.11834156106556716,
  "ash_hat": 1.404580521010474,
  "ans_hat": 1.9065790447441793,
  "R_hat": 0.9194690685744886,
  "ll2": -77.68471029751457,
  "aic2": 167.36942059502914,
  "ll1": -78.18103899883637,
  "aic1": 164.36207799767274,
  "LR": 0.9926574026436015,
  "lrt_p": 0.608761507470442,
  "R_lo": 3.957620301647086e-06,
  "R_hi": 40.14488176092824,
  "R_covered": true,
  "n_boot_ok": 44,
  "ks_p": 0.1704541065800957
}