{
  "rep": 133,
  "scenario": "C",
  "status": "ok",
  "n": 86,
  "n_sh": 53,
  "n_ns": 33,
  "true_mu": 0.8,
  "true_beta": 4.0,
  "true_Ksh": 0.12,
  "true_Kns": 0.08,
  "true_ash": 0.8,
  "true_ans": 0.7,
  "true_R": 1.5,
  "mu_hat": 0.7672509128709157,
  "beta_hat": 1.4955184557050274,
  "Ksh_hat": 0.1459192561294846,
  "Kns_hat": 0.05642449296519066,
  "ash_hat": 1.125514038000243,
  "ans_hat": 1.0000000000000004e-06,
  "R_hat": 2.586097782385124,
  "ll2": -86.90853641680856,
  "aic2": 185.81707283361712,
  "ll1": -87.67263342824941,
  "aic1": 183.34526685649882,
  "LR": 1.5281940228817064,
  "lrt_p": 0.4657543119612124,
  "R_lo": 2.9323152420996533e-06,
  "R_hi": 26.21134398130059,
  "R_covered": true,
  "n_boot_ok": 42,
  "ks_p": 0.6787977802281946
}