{
  "rep": 114,
  "scenario": "C",
  "status": "ok",
  "n": 102,
  "n_sh": 65,
  "n_ns": 37,
  "true_mu": 0.8,
  "true_beta": 4.0,
  "true_Ksh": 0.12,
  "true_Kns": 0.08,
  "true_ash": 0.8,
  "true_ans": 0.7,
  "true_R": 1.5,
  "mu_hat": 1.0285361677438587,
  "beta_hat": 2.032080554476139,
  "Ksh_hat": 0.0204564941490231,
  "Kns_hat": 1.6545265385397248e-07,
  "ash_hat": 2.0360376021072595,
  "ans_hat": 0.10685701967805164,
  "R_hat": 123639.56499046477,
  "ll2": -83.77681309199455,
  "aic2": 179.5536261839891,
  "ll1": -83.63317592407407,
  "aic1": 175.26635184814813,
  "LR": -0.2872743358409764,
  "lrt_p": 1.0,
  "R_lo": 2.5759871245773597e-08,
  "R_hi": 44.106249995072126,
  "R_covered": true,
  "n_boot_ok": 38,
  "ks_p": 0.7781046823743598
}