{
  "rep": 135,
  "scenario": "C",
  "status": "ok",
  "n": 97,
  "n_sh": 61,
  "n_ns": 36,
  "true_mu": 0.8,
  "true_beta": 4.0,
  "true_Ksh": 0.12,
  "true_Kns": 0.08,
  "true_ash": 0.8,
  "true_ans": 0.7,
  "true_R": 1.5,
  "mu_hat": 0.8546454764921071,
  "beta_hat": 5.698782478591008,
  "Ksh_hat": 0.22388424609187005,
  "Kns_hat": 0.1594376628918496,
  "ash_hat": 0.1405433406559389,
  "ans_hat": 1.0000000000000004e-06,
  "R_hat": 1.4042117905587723,
  "ll2": -84.86677803690948,
  "aic2": 181.73355607381896,
  "ll1": -84.98744029159069,
  "aic1": 177.97488058318137,
  "LR": 0.24132450936241412,
  "lrt_p": 0.8863332639564984,
  "R_lo": 0.0032687656900480403,
  "R_hi": 14.908323507169484,
  "R_covered": true,
  "n_boot_ok": 47,
  "ks_p": 0.8973883814369702
}