{
  "rep": 44,
  "scenario": "C",
  "status": "ok",
  "n": 79,
  "n_sh": 48,
  "n_ns": 31,
  "true_mu": 0.8,
  "true_beta": 4.0,
  "true_Ksh": 0.12,
  "true_Kns": 0.08,
  "true_ash": 0.8,
  "true_ans": 0.7,
  "true_R": 1.5,
  "mu_hat": 0.7945105971754012,
  "beta_hat": 10.000000000000002,
  "Ksh_hat": 0.04045588874276781,
  "Kns_hat": 0.01991845255377593,
  "ash_hat": 1.8637778987835194,
  "ans_hat": 2.25,
  "R_hat": 2.0310758897331413,
  "ll2": -85.94497336820096,
  "aic2": 183.88994673640192,
  "ll1": -86.04136220450091,
  "aic1": 180.08272440900183,
  "LR": 0.19277767259990242,
  "lrt_p": 0.9081108409501621,
  "R_lo": 0.1055186872178371,
  "R_hi": 157.3961696169707,
  "R_covered": true,
  "n_boot_ok": 39,
  "ks_p": 0.7827165447593961
}