{
  "rep": 130,
  "scenario": "C",
  "status": "ok",
  "n": 89,
  "n_sh": 53,
  "n_ns": 36,
  "true_mu": 0.8,
  "true_beta": 4.0,
  "true_Ksh": 0.12,
  "true_Kns": 0.08,
  "true_ash": 0.8,
  "true_ans": 0.7,
  "true_R": 1.5,
  "mu_hat": 0.8359401250306189,
  "beta_hat": 3.790969944981067,
  "Ksh_hat": 0.1619322636472065,
  "Kns_hat": 0.020247869543645863,
  "ash_hat": 0.497983056629601,
  "ans_hat": 2.25,
  "R_hat": 7.997496393294558,
  "ll2": -86.69870306340754,
  "aic2": 185.39740612681507,
  "ll1": -87.10010232236213,
  "aic1": 182.20020464472427,
  "LR": 0.8027985179091957,
  "lrt_p": 0.6693827506212078,
  "R_lo": 1.569838122176968e-07,
  "R_hi": 1468.4626125143625,
  "R_covered": true,
  "n_boot_ok": 41,
  "ks_p": 0.5138153553898542
}