{
  "rep": 93,
  "scenario": "C",
  "status": "ok",
  "n": 77,
  "n_sh": 47,
  "n_ns": 30,
  "true_mu": 0.8,
  "true_beta": 4.0,
  "true_Ksh": 0.12,
  "true_Kns": 0.08,
  "true_ash": 0.8,
  "true_ans": 0.7,
  "true_R": 1.5,
  "mu_hat": 0.6982905594435526,
  "beta_hat": 3.8139925470356557,
  "Ksh_hat": 0.30114752830403435,
  "Kns_hat": 9.999999999999982e-09,
  "ash_hat": 1.0000000000000004e-06,
  "ans_hat": 0.03458416852533431,
  "R_hat": 30114752.830403488,
  "ll2": -84.8921026659026,
  "aic2": 181.7842053318052,
  "ll1": -86.99553960276629,
  "aic1": 181.99107920553257,
  "LR": 4.206873873727375,
  "lrt_p": 0.12203627567305775,
  "R_lo": 0.0023974938907991073,
  "R_hi": 22.063300312445215,
  "R_covered": true,
  "n_boot_ok": 43,
  "ks_p": 0.9422914067777464
}