{
  "rep": 161,
  "scenario": "C",
  "status": "ok",
  "n": 70,
  "n_sh": 43,
  "n_ns": 27,
  "true_mu": 0.8,
  "true_beta": 4.0,
  "true_Ksh": 0.12,
  "true_Kns": 0.08,
  "true_ash": 0.8,
  "true_ans": 0.7,
  "true_R": 1.5,
  "mu_hat": 0.6935547223083429,
  "beta_hat": 4.31426665918439,
  "Ksh_hat": 0.16298847593465463,
  "Kns_hat": 7.219147740348924e-07,
  "ash_hat": 0.20671133533976238,
  "ans_hat": 0.011316382682634499,
  "R_hat": 225772.46206458283,
  "ll2": -85.93407749415348,
  "aic2": 183.86815498830697,
  "ll1": -86.40121737464162,
  "aic1": 180.80243474928324,
  "LR": 0.934279760976267,
  "lrt_p": 0.6267924082519836,
  "R_lo": 1.3560291779602528e-08,
  "R_hi": 26.64766838596795,
  "R_covered": true,
  "n_boot_ok": 42,
  "ks_p": 0.5502799328875201
}