{
  "rep": 47,
  "scenario": "C",
  "status": "ok",
  "n": 77,
  "n_sh": 47,
  "n_ns": 30,
  "true_mu": 0.8,
  "true_beta": 4.0,
  "true_Ksh": 0.12,
  "true_Kns": 0.08,
  "true_ash": 0.8,
  "true_ans": 0.7,
  "true_R": 1.5,
  "mu_hat": 0.7133077315634311,
  "beta_hat": 5.010733005037979,
  "Ksh_hat": 0.04151972686362367,
  "Kns_hat": 0.12118077662002766,
  "ash_hat": 1.278989073216421,
  "ans_hat": 1.8659747453656785,
  "R_hat": 0.34262634736045805,
  "ll2": -84.48343973411772,
  "aic2": 180.96687946823545,
  "ll1": -85.11912539003065,
  "aic1": 178.2382507800613,
  "LR": 1.2713713118258454,
  "lrt_p": 0.5295722594557746,
  "R_lo": 0.22281576905679426,
  "R_hi": 183.84649162899066,
  "R_covered": true,
  "n_boot_ok": 44,
  "ks_p": 0.8730267110149699
}