{
  "rep": 143,
  "scenario": "C",
  "status": "ok",
  "n": 93,
  "n_sh": 60,
  "n_ns": 33,
  "true_mu": 0.8,
  "true_beta": 4.0,
  "true_Ksh": 0.12,
  "true_Kns": 0.08,
  "true_ash": 0.8,
  "true_ans": 0.7,
  "true_R": 1.5,
  "mu_hat": 0.8310487213243548,
  "beta_hat": 4.273159152967067,
  "Ksh_hat": 0.08155284812765017,
  "Kns_hat": 0.04355404185229009,
  "ash_hat": 1.7738088193627375,
  "ans_hat": 1.4971838712680763,
  "R_hat": 1.872451893310611,
  "ll2": -83.93691608788318,
  "aic2": 179.87383217576635,
  "ll1": -84.43951638225978,
  "aic1": 176.87903276451956,
  "LR": 1.0052005887532118,
  "lrt_p": 0.6049555502106465,
  "R_lo": 6.271202683361918e-07,
  "R_hi": 24.533093457068656,
  "R_covered": true,
  "n_boot_ok": 40,
  "ks_p": 0.9603167723959801
}