{
  "rep": 144,
  "scenario": "C",
  "status": "ok",
  "n": 110,
  "n_sh": 60,
  "n_ns": 50,
  "true_mu": 0.8,
  "true_beta": 4.0,
  "true_Ksh": 0.12,
  "true_Kns": 0.08,
  "true_ash": 0.8,
  "true_ans": 0.7,
  "true_R": 1.5,
  "mu_hat": 0.9571805386063629,
  "beta_hat": 6.012349525756786,
  "Ksh_hat": 0.3238586634727417,
  "Kns_hat": 3.376502637592213e-08,
  "ash_hat": 0.4689604606367991,
  "ans_hat": 0.16077857123041348,
  "R_hat": 9591541.847681945,
  "ll2": -77.1653468508083,
  "aic2": 166.3306937016166,
  "ll1": -80.25859236295173,
  "aic1": 168.51718472590346,
  "LR": 6.186491024286852,
  "lrt_p": 0.045354516643990817,
  "R_lo": 1.3732688213321006e-06,
  "R_hi": 196.68425616608275,
  "R_covered": true,
  "n_boot_ok": 39,
  "ks_p": 0.9047747709367873
}