{
  "rep": 183,
  "scenario": "C",
  "status": "ok",
  "n": 74,
  "n_sh": 44,
  "n_ns": 30,
  "true_mu": 0.8,
  "true_beta": 4.0,
  "true_Ksh": 0.12,
  "true_Kns": 0.08,
  "true_ash": 0.8,
  "true_ans": 0.7,
  "true_R": 1.5,
  "mu_hat": 0.8222148319964961,
  "beta_hat": 0.00010000000000000009,
  "Ksh_hat": 7.79329000530308e-06,
  "Kns_hat": 0.0006714481803765887,
  "ash_hat": 0.04036227364463816,
  "ans_hat": 0.2027540164224552,
  "R_hat": 0.011606688696262654,
  "ll2": -88.48509917304932,
  "aic2": 188.97019834609864,
  "ll1": -88.47978355663791,
  "aic1": 184.95956711327582,
  "LR": -0.010631232822817083,
  "lrt_p": 1.0,
  "R_lo": 0.001414395713263856,
  "R_hi": 29.15114362284256,
  "R_covered": true,
  "n_boot_ok": 41,
  "ks_p": 0.18715321935153326
}