{
  "rep": 25,
  "scenario": "C",
  "status": "ok",
  "n": 97,
  "n_sh": 59,
  "n_ns": 38,
  "true_mu": 0.8,
  "true_beta": 4.0,
  "true_Ksh": 0.12,
  "true_Kns": 0.08,
  "true_ash": 0.8,
  "true_ans": 0.7,
  "true_R": 1.5,
  "mu_hat": 1.031053491619395,
  "beta_hat": 10.000000000000002,
  "Ksh_hat": 3.6067563410571916e-08,
  "Kns_hat": 0.0702575433929704,
  "ash_hat": 0.0035407114561185346,
  "ans_hat": 0.7132994986313206,
  "R_hat": 5.13362148301084e-07,
  "ll2": -88.77540303883637,
  "aic2": 189.55080607767275,
  "ll1": -89.53162638839166,
  "aic1": 187.06325277678332,
  "LR": 1.5124466991105692,
  "lrt_p": 0.4694359790158674,
  "R_lo": 1.1504014026802512e-07,
  "R_hi": 37.39971282796652,
  "R_covered": true,
  "n_boot_ok": 43,
  "ks_p": 0.7830048254686272
}