{
  "rep": 55,
  "scenario": "C",
  "status": "ok",
  "n": 90,
  "n_sh": 55,
  "n_ns": 35,
  "true_mu": 0.8,
  "true_beta": 4.0,
  "true_Ksh": 0.12,
  "true_Kns": 0.08,
  "true_ash": 0.8,
  "true_ans": 0.7,
  "true_R": 1.5,
  "mu_hat": 0.7619848459869101,
  "beta_hat": 3.3722119191392106,
  "Ksh_hat": 0.16416179531259587,
  "Kns_hat": 0.060680728887662835,
  "ash_hat": 1.0184460125726473,
  "ans_hat": 1.6141574757649024,
  "R_hat": 2.705336575908732,
  "ll2": -83.89676512174665,
  "aic2": 179.7935302434933,
  "ll1": -84.12521128939997,
  "aic1": 176.25042257879994,
  "LR": 0.45689233530663387,
  "lrt_p": 0.7957691341713775,
  "R_lo": 2.6893115813328208e-08,
  "R_hi": 49.90112303401128,
  "R_covered": true,
  "n_boot_ok": 41,
  "ks_p": 0.9935103923355655
}