{
  "rep": 127,
  "scenario": "C",
  "status": "ok",
  "n": 78,
  "n_sh": 52,
  "n_ns": 26,
  "true_mu": 0.8,
  "true_beta": 4.0,
  "true_Ksh": 0.12,
  "true_Kns": 0.08,
  "true_ash": 0.8,
  "true_ans": 0.7,
  "true_R": 1.5,
  "mu_hat": 0.5551881047093136,
  "beta_hat": 0.003050932141632763,
  "Ksh_hat": 1.3306704913634127e-06,
  "Kns_hat": 10.000000000000002,
  "ash_hat": 0.4199726392168581,
  "ans_hat": 1.0000000000000004e-06,
  "R_hat": 1.3306704913634126e-07,
  "ll2": -87.14987039427702,
  "aic2": 186.29974078855403,
  "ll1": -87.39206316139739,
  "aic1": 182.78412632279478,
  "LR": 0.4843855342407437,
  "lrt_p": 0.7849048591182306,
  "R_lo": 7.911824046505066e-08,
  "R_hi": 42.93279301470409,
  "R_covered": true,
  "n_boot_ok": 42,
  "ks_p": 0.9682548094552371
}