{
  "rep": 171,
  "scenario": "C",
  "status": "ok",
  "n": 86,
  "n_sh": 50,
  "n_ns": 36,
  "true_mu": 0.8,
  "true_beta": 4.0,
  "true_Ksh": 0.12,
  "true_Kns": 0.08,
  "true_ash": 0.8,
  "true_ans": 0.7,
  "true_R": 1.5,
  "mu_hat": 0.767125321822415,
  "beta_hat": 4.204671283846708,
  "Ksh_hat": 0.1144818199946299,
  "Kns_hat": 0.10661163547636125,
  "ash_hat": 0.9633762910611974,
  "ans_hat": 1.000001128371829e-06,
  "R_hat": 1.073821065431584,
  "ll2": -82.6141610093852,
  "aic2": 177.2283220187704,
  "ll1": -84.31690288797031,
  "aic1": 176.63380577594063,
  "LR": 3.4054837571702308,
  "lrt_p": 0.18218331408116284,
  "R_lo": 7.727416391998454e-07,
  "R_hi": 53.36951432758242,
  "R_covered": true,
  "n_boot_ok": 43,
  "ks_p": 0.7759899644128099
}