{
  "rep": 65,
  "scenario": "C",
  "status": "ok",
  "n": 87,
  "n_sh": 45,
  "n_ns": 42,
  "true_mu": 0.8,
  "true_beta": 4.0,
  "true_Ksh": 0.12,
  "true_Kns": 0.08,
  "true_ash": 0.8,
  "true_ans": 0.7,
  "true_R": 1.5,
  "mu_hat": 0.6845780548842105,
  "beta_hat": 1.4955474810521945,
  "Ksh_hat": 0.26902885198504073,
  "Kns_hat": 1.0058076872002722e-07,
  "ash_hat": 0.9496116445991601,
  "ans_hat": 0.009880654080286821,
  "R_hat": 2674754.3830560604,
  "ll2": -78.67440108860974,
  "aic2": 169.34880217721948,
  "ll1": -81.89479078917489,
  "aic1": 171.78958157834978,
  "LR": 6.4407794011303,
  "lrt_p": 0.03993949078539316,
  "R_lo": 6.470775735514939e-08,
  "R_hi": 22.45060370640247,
  "R_covered": true,
  "n_boot_ok": 42,
  "ks_p": 0.9515911778410622
}