{
  "rep": 37,
  "scenario": "C",
  "status": "ok",
  "n": 100,
  "n_sh": 55,
  "n_ns": 45,
  "true_mu": 0.8,
  "true_beta": 4.0,
  "true_Ksh": 0.12,
  "true_Kns": 0.08,
  "true_ash": 0.8,
  "true_ans": 0.7,
  "true_R": 1.5,
  "mu_hat": 0.791310968435387,
  "beta_hat": 2.743739198716925,
  "Ksh_hat": 0.06369111217244304,
  "Kns_hat": 0.320482816349272,
  "ash_hat": 2.25,
  "ans_hat": 1.0000000000000004e-06,
  "R_hat": 0.1987348741438621,
  "ll2": -76.86754743763403,
  "aic2": 165.73509487526806,
  "ll1": -78.28239377921273,
  "aic1": 164.56478755842545,
  "LR": 2.82969268315739,
  "lrt_p": 0.2429629438829939,
  "R_lo": 1.7651461889366368e-07,
  "R_hi": 17.97974146101195,
  "R_covered": true,
  "n_boot_ok": 43,
  "ks_p": 0.7206621760336054
}