{
  "rep": 138,
  "scenario": "C",
  "status": "ok",
  "n": 82,
  "n_sh": 52,
  "n_ns": 30,
  "true_mu": 0.8,
  "true_beta": 4.0,
  "true_Ksh": 0.12,
  "true_Kns": 0.08,
  "true_ash": 0.8,
  "true_ans": 0.7,
  "true_R": 1.5,
  "mu_hat": 0.6705547924311144,
  "beta_hat": 2.2302680522581406,
  "Ksh_hat": 0.3015222509552997,
  "Kns_hat": 0.15970945892886412,
  "ash_hat": 2.05648325320783e-06,
  "ans_hat": 0.36113162089458706,
  "R_hat": 1.8879423484215807,
  "ll2": -85.5883543597909,
  "aic2": 183.1767087195818,
  "ll1": -85.73246219974271,
  "aic1": 179.46492439948543,
  "LR": 0.2882156799036295,
  "lrt_p": 0.8657943758008978,
  "R_lo": 1.6837407994790808e-07,
  "R_hi": 62.9380918505655,
  "R_covered": true,
  "n_boot_ok": 44,
  "ks_p": 0.9452147713537887
}