{
  "rep": 95,
  "scenario": "C",
  "status": "ok",
  "n": 97,
  "n_sh": 59,
  "n_ns": 38,
  "true_mu": 0.8,
  "true_beta": 4.0,
  "true_Ksh": 0.12,
  "true_Kns": 0.08,
  "true_ash": 0.8,
  "true_ans": 0.7,
  "true_R": 1.5,
  "mu_hat": 0.9958056863927687,
  "beta_hat": 10.000000000000002,
  "Ksh_hat": 0.12504837027058918,
  "Kns_hat": 4.678529752619783e-08,
  "ash_hat": 1.0000000000000004e-06,
  "ans_hat": 0.024262198102890993,
  "R_hat": 2672813.4025559477,
  "ll2": -87.67534184544238,
  "aic2": 187.35068369088475,
  "ll1": -88.50848771290774,
  "aic1": 185.01697542581547,
  "LR": 1.6662917349307236,
  "lrt_p": 0.4346796884745726,
  "R_lo": 5.674551202675123e-08,
  "R_hi": 17.416102833145846,
  "R_covered": true,
  "n_boot_ok": 45,
  "ks_p": 0.556528743390102
}