{
  "rep": 74,
  "scenario": "C",
  "status": "ok",
  "n": 107,
  "n_sh": 62,
  "n_ns": 45,
  "true_mu": 0.8,
  "true_beta": 4.0,
  "true_Ksh": 0.12,
  "true_Kns": 0.08,
  "true_ash": 0.8,
  "true_ans": 0.7,
  "true_R": 1.5,
  "mu_hat": 1.0804618462034883,
  "beta_hat": 10.000000000000002,
  "Ksh_hat": 0.04293359123028431,
  "Kns_hat": 0.012615385148924492,
  "ash_hat": 2.009640689462178,
  "ans_hat": 2.121551132831751e-06,
  "R_hat": 3.403272331637418,
  "ll2": -83.07447960035847,
  "aic2": 178.14895920071694,
  "ll1": -85.64788198098404,
  "aic1": 179.29576396196808,
  "LR": 5.146804761251133,
  "lrt_p": 0.07627558486016617,
  "R_lo": 0.018640342864344718,
  "R_hi": 27.195720284717495,
  "R_covered": true,
  "n_boot_ok": 43,
  "ks_p": 0.9048898126987291
}