{
  "rep": 1,
  "scenario": "C",
  "status": "ok",
  "n": 81,
  "n_sh": 56,
  "n_ns": 25,
  "true_mu": 0.8,
  "true_beta": 4.0,
  "true_Ksh": 0.12,
  "true_Kns": 0.08,
  "true_ash": 0.8,
  "true_ans": 0.7,
  "true_R": 1.5,
  "mu_hat": 0.83852554879813,
  "beta_hat": 8.102368912846877,
  "Ksh_hat": 0.022409996690262765,
  "Kns_hat": 0.07061925651772183,
  "ash_hat": 1.1192653425167574,
  "ans_hat": 1.056014158308372,
  "R_hat": 0.3173354945281674,
  "ll2": -88.16802116309219,
  "aic2": 188.33604232618438,
  "ll1": -88.36837079057182,
  "aic1": 184.73674158114363,
  "LR": 0.40069925495924963,
  "lrt_p": 0.8184445523430282,
  "R_lo": 3.117111556208545e-07,
  "R_hi": 21.623692195085603,
  "R_covered": true,
  "n_boot_ok": 42,
  "ks_p": 0.9809318825497291
}