{
  "rep": 51,
  "scenario": "C",
  "status": "ok",
  "n": 92,
  "n_sh": 47,
  "n_ns": 45,
  "true_mu": 0.8,
  "true_beta": 4.0,
  "true_Ksh": 0.12,
  "true_Kns": 0.08,
  "true_ash": 0.8,
  "true_ans": 0.7,
  "true_R": 1.5,
  "mu_hat": 0.8134017632133901,
  "beta_hat": 1.8240282044153033,
  "Ksh_hat": 0.3835065347394063,
  "Kns_hat": 0.01741963903252729,
  "ash_hat": 1.0000000000000004e-06,
  "ans_hat": 9.465501901981591e-06,
  "R_hat": 22.015756699854307,
  "ll2": -86.81594835353486,
  "aic2": 185.63189670706973,
  "ll1": -87.71190758468506,
  "aic1": 183.42381516937013,
  "LR": 1.7919184623004014,
  "lrt_p": 0.4082158374288415,
  "R_lo": 0.00019499396664056893,
  "R_hi": 74.61704380247991,
  "R_covered": true,
  "n_boot_ok": 45,
  "ks_p": 0.9570851292926963
}