{
  "rep": 194,
  "scenario": "C",
  "status": "ok",
  "n": 88,
  "n_sh": 53,
  "n_ns": 35,
  "true_mu": 0.8,
  "true_beta": 4.0,
  "true_Ksh": 0.12,
  "true_Kns": 0.08,
  "true_ash": 0.8,
  "true_ans": 0.7,
  "true_R": 1.5,
  "mu_hat": 0.8580769650762359,
  "beta_hat": 4.858924292735265,
  "Ksh_hat": 0.14113827541171295,
  "Kns_hat": 0.004614228417007396,
  "ash_hat": 0.5820614117394182,
  "ans_hat": 2.25,
  "R_hat": 30.587622167012178,
  "ll2": -87.89933570219372,
  "aic2": 187.79867140438745,
  "ll1": -88.5166104609124,
  "aic1": 185.0332209218248,
  "LR": 1.2345495174373582,
  "lrt_p": 0.5394124654395275,
  "R_lo": 9.54907485969426e-08,
  "R_hi": 58.082403176622314,
  "R_covered": true,
  "n_boot_ok": 42,
  "ks_p": 0.9194958994329215
}