{
  "rep": 17,
  "scenario": "C",
  "status": "ok",
  "n": 92,
  "n_sh": 56,
  "n_ns": 36,
  "true_mu": 0.8,
  "true_beta": 4.0,
  "true_Ksh": 0.12,
  "true_Kns": 0.08,
  "true_ash": 0.8,
  "true_ans": 0.7,
  "true_R": 1.5,
  "mu_hat": 0.8769822382997161,
  "beta_hat": 10.000000000000002,
  "Ksh_hat": 0.13185943280127427,
  "Kns_hat": 0.15972412180777884,
  "ash_hat": 1.0000000000000004e-06,
  "ans_hat": 1.0000000000000004e-06,
  "R_hat": 0.8255448914595471,
  "ll2": -85.20342144223518,
  "aic2": 182.40684288447036,
  "ll1": -85.23019303236858,
  "aic1": 178.46038606473715,
  "LR": 0.05354318026678584,
  "lrt_p": 0.9735835922282545,
  "R_lo": 1.4680824010196776e-06,
  "R_hi": 69.52815313503072,
  "R_covered": true,
  "n_boot_ok": 43,
  "ks_p": 0.6594885075430049
}