{
  "rep": 146,
  "scenario": "C",
  "status": "ok",
  "n": 66,
  "n_sh": 40,
  "n_ns": 26,
  "true_mu": 0.8,
  "true_beta": 4.0,
  "true_Ksh": 0.12,
  "true_Kns": 0.08,
  "true_ash": 0.8,
  "true_ans": 0.7,
  "true_R": 1.5,
  "mu_hat": 0.6555967893656871,
  "beta_hat": 2.827364635576076,
  "Ksh_hat": 0.12107821668192566,
  "Kns_hat": 0.0878524221335243,
  "ash_hat": 1.0000012730942585e-06,
  "ans_hat": 2.4807947171980785e-06,
  "R_hat": 1.3782000967247374,
  "ll2": -85.85674904447805,
  "aic2": 183.7134980889561,
  "ll1": -85.86835274490674,
  "aic1": 179.7367054898135,
  "LR": 0.023207400857387483,
  "lrt_p": 0.9884633628583945,
  "R_lo": 4.65424280916517e-08,
  "R_hi": 87.7879847801693,
  "R_covered": true,
  "n_boot_ok": 46,
  "ks_p": 0.8923391316567443
}