{
  "rep": 131,
  "scenario": "C",
  "status": "ok",
  "n": 84,
  "n_sh": 50,
  "n_ns": 34,
  "true_mu": 0.8,
  "true_beta": 4.0,
  "true_Ksh": 0.12,
  "true_Kns": 0.08,
  "true_ash": 0.8,
  "true_ans": 0.7,
  "true_R": 1.5,
  "mu_hat": 0.8326449320254287,
  "beta_hat": 7.345357028582302,
  "Ksh_hat": 0.1288511817625436,
  "Kns_hat": 9.999999999999982e-09,
  "ash_hat": 0.8178488801146475,
  "ans_hat": 4.6383516956135213e-05,
  "R_hat": 12885118.176254382,
  "ll2": -87.12168458419714,
  "aic2": 186.24336916839428,
  "ll1": -88.2954271205829,
  "aic1": 184.5908542411658,
  "LR": 2.3474850727715193,
  "lrt_p": 0.30920755257529664,
  "R_lo": 3.619980101301971e-08,
  "R_hi": 22.520123615260832,
  "R_covered": true,
  "n_boot_ok": 44,
  "ks_p": 0.9167179804978786
}