{
  "rep": 4,
  "scenario": "C",
  "status": "ok",
  "n": 112,
  "n_sh": 56,
  "n_ns": 56,
  "true_mu": 0.8,
  "true_beta": 4.0,
  "true_Ksh": 0.12,
  "true_Kns": 0.08,
  "true_ash": 0.8,
  "true_ans": 0.7,
  "true_R": 1.5,
  "mu_hat": 0.8661237560032218,
  "beta_hat": 0.8326384545464197,
  "Ksh_hat": 2.999018609340981e-08,
  "Kns_hat": 0.6080900573827215,
  "ash_hat": 0.10456673293968144,
  "ans_hat": 1.0000000000000004e-06,
  "R_hat": 4.931865885538481e-08,
  "ll2": -83.0659289014813,
  "aic2": 178.1318578029626,
  "ll1": -84.81740038293297,
  "aic1": 177.63480076586595,
  "LR": 3.5029429629033473,
  "lrt_p": 0.17351842635631098,
  "R_lo": 7.327169053230761e-06,
  "R_hi": 45.863397290834946,
  "R_covered": true,
  "n_boot_ok": 45,
  "ks_p": 0.7279413362733633
}