{
  "rep": 94,
  "scenario": "C",
  "status": "ok",
  "n": 94,
  "n_sh": 46,
  "n_ns": 48,
  "true_mu": 0.8,
  "true_beta": 4.0,
  "true_Ksh": 0.12,
  "true_Kns": 0.08,
  "true_ash": 0.8,
  "true_ans": 0.7,
  "true_R": 1.5,
  "mu_hat": 0.9426756806723883,
  "beta_hat": 10.000000000000002,
  "Ksh_hat": 0.13282411596322213,
  "Kns_hat": 0.015756611870433094,
  "ash_hat": 0.2646827949703313,
  "ans_hat": 1.8342409850346142,
  "R_hat": 8.429738388902212,
  "ll2": -87.41228832795521,
  "aic2": 186.82457665591042,
  "ll1": -87.86500456182986,
  "aic1": 183.73000912365973,
  "LR": 0.9054324677493071,
  "lrt_p": 0.6358985544954608,
  "R_lo": 3.620117281364045e-08,
  "R_hi": 77.62384640584841,
  "R_covered": true,
  "n_boot_ok": 41,
  "ks_p": 0.6851694301968232
}