{
  "rep": 105,
  "scenario": "C",
  "status": "ok",
  "n": 89,
  "n_sh": 52,
  "n_ns": 37,
  "true_mu": 0.8,
  "true_beta": 4.0,
  "true_Ksh": 0.12,
  "true_Kns": 0.08,
  "true_ash": 0.8,
  "true_ans": 0.7,
  "true_R": 1.5,
  "mu_hat": 0.7455359530165234,
  "beta_hat": 2.0447492210698535,
  "Ksh_hat": 0.30839638350479875,
  "Kns_hat": 0.052052809216608126,
  "ash_hat": 1.0000000000000004e-06,
  "ans_hat": 2.25,
  "R_hat": 5.924682800912134,
  "ll2": -85.94123629164824,
  "aic2": 183.88247258329648,
  "ll1": -86.45703728330368,
  "aic1": 180.91407456660735,
  "LR": 1.0316019833108783,
  "lrt_p": 0.5970221932511581,
  "R_lo": 1.4476695846221502e-07,
  "R_hi": 17.312020563945573,
  "R_covered": true,
  "n_boot_ok": 39,
  "ks_p": 0.9771678634047161
}