{
  "rep": 50,
  "scenario": "C",
  "status": "ok",
  "n": 79,
  "n_sh": 47,
  "n_ns": 32,
  "true_mu": 0.8,
  "true_beta": 4.0,
  "true_Ksh": 0.12,
  "true_Kns": 0.08,
  "true_ash": 0.8,
  "true_ans": 0.7,
  "true_R": 1.5,
  "mu_hat": 0.6847788163647396,
  "beta_hat": 4.694285813056113,
  "Ksh_hat": 0.043558709561968646,
  "Kns_hat": 0.15758870793581328,
  "ash_hat": 2.25,
  "ans_hat": 0.5485764722531619,
  "R_hat": 0.2764075556715037,
  "ll2": -81.19003523283541,
  "aic2": 174.38007046567083,
  "ll1": -82.49338371760544,
  "aic1": 172.98676743521088,
  "LR": 2.606696969540053,
  "lrt_p": 0.2716207506327367,
  "R_lo": 1.5757226196412615e-06,
  "R_hi": 27.758245345193615,
  "R_covered": true,
  "n_boot_ok": 47,
  "ks_p": 0.6649637300960458
}