{
  "rep": 190,
  "scenario": "C",
  "status": "ok",
  "n": 96,
  "n_sh": 60,
  "n_ns": 36,
  "true_mu": 0.8,
  "true_beta": 4.0,
  "true_Ksh": 0.12,
  "true_Kns": 0.08,
  "true_ash": 0.8,
  "true_ans": 0.7,
  "true_R": 1.5,
  "mu_hat": 0.783222141043736,
  "beta_hat": 0.8343610183800781,
  "Ksh_hat": 0.023787210464799088,
  "Kns_hat": 0.5175291568529242,
  "ash_hat": 2.25,
  "ans_hat": 1.0000000000000004e-06,
  "R_hat": 0.045963034449011994,
  "ll2": -86.60210043434105,
  "aic2": 185.2042008686821,
  "ll1": -88.4697571049225,
  "aic1": 184.939514209845,
  "LR": 3.735313341162879,
  "lrt_p": 0.1544852478180565,
  "R_lo": 0.23995056223792874,
  "R_hi": 35.58624318364605,
  "R_covered": true,
  "n_boot_ok": 46,
  "ks_p": 0.7216261547319307
}