{
  "rep": 118,
  "scenario": "C",
  "status": "ok",
  "n": 67,
  "n_sh": 42,
  "n_ns": 25,
  "true_mu": 0.8,
  "true_beta": 4.0,
  "true_Ksh": 0.12,
  "true_Kns": 0.08,
  "true_ash": 0.8,
  "true_ans": 0.7,
  "true_R": 1.5,
  "mu_hat": 0.6482947933442214,
  "beta_hat": 8.302081433666245,
  "Ksh_hat": 0.12961274293306022,
  "Kns_hat": 0.07982382713001308,
  "ash_hat": 0.32471870496707766,
  "ans_hat": 0.38103905733039684,
  "R_hat": 1.623735012378615,
  "ll2": -84.25004397588702,
  "aic2": 180.50008795177405,
  "ll1": -84.32943756384319,
  "aic1": 176.65887512768637,
  "LR": 0.15878717591232316,
  "lrt_p": 0.9236763050226194,
  "R_lo": 5.354419345972428e-07,
  "R_hi": 8.49524753877063,
  "R_covered": true,
  "n_boot_ok": 46,
  "ks_p": 0.7227191137275554
}