{
  "rep": 108,
  "scenario": "C",
  "status": "ok",
  "n": 74,
  "n_sh": 45,
  "n_ns": 29,
  "true_mu": 0.8,
  "true_beta": 4.0,
  "true_Ksh": 0.12,
  "true_Kns": 0.08,
  "true_ash": 0.8,
  "true_ans": 0.7,
  "true_R": 1.5,
  "mu_hat": 0.7770283639811304,
  "beta_hat": 2.3991175537237464,
  "Ksh_hat": 0.09198737900545663,
  "Kns_hat": 2.6590113681131135e-07,
  "ash_hat": 1.0000000000000004e-06,
  "ans_hat": 2.25,
  "R_hat": 345945.79063696397,
  "ll2": -88.25801888741199,
  "aic2": 188.51603777482399,
  "ll1": -88.43313409209931,
  "aic1": 184.86626818419862,
  "LR": 0.3502304093746318,
  "lrt_p": 0.8393603169560877,
  "R_lo": 0.003101417384285751,
  "R_hi": 61.8745173837995,
  "R_covered": true,
  "n_boot_ok": 42,
  "ks_p": 0.9499074175488702
}