{
  "rep": 196,
  "scenario": "C",
  "status": "ok",
  "n": 94,
  "n_sh": 61,
  "n_ns": 33,
  "true_mu": 0.8,
  "true_beta": 4.0,
  "true_Ksh": 0.12,
  "true_Kns": 0.08,
  "true_ash": 0.8,
  "true_ans": 0.7,
  "true_R": 1.5,
  "mu_hat": 0.7928541853692567,
  "beta_hat": 8.641204701055827,
  "Ksh_hat": 0.2531636221913492,
  "Kns_hat": 0.05492988517894684,
  "ash_hat": 0.4845706087633091,
  "ans_hat": 1.1073091550089773,
  "R_hat": 4.608850380200322,
  "ll2": -78.94549275156824,
  "aic2": 169.89098550313648,
  "ll1": -79.87287307755666,
  "aic1": 167.74574615511332,
  "LR": 1.8547606519768465,
  "lrt_p": 0.39558866750610444,
  "R_lo": 0.0038077827953533544,
  "R_hi": 18.13600240531377,
  "R_covered": true,
  "n_boot_ok": 43,
  "ks_p": 0.9569935760360604
}