{
  "rep": 54,
  "scenario": "C",
  "status": "ok",
  "n": 99,
  "n_sh": 56,
  "n_ns": 43,
  "true_mu": 0.8,
  "true_beta": 4.0,
  "true_Ksh": 0.12,
  "true_Kns": 0.08,
  "true_ash": 0.8,
  "true_ans": 0.7,
  "true_R": 1.5,
  "mu_hat": 0.9673603571206771,
  "beta_hat": 0.811050418397129,
  "Ksh_hat": 2.402207177972965e-08,
  "Kns_hat": 0.09436901434553076,
  "ash_hat": 0.004134875525521403,
  "ans_hat": 1.9044851025562444,
  "R_hat": 2.545546538376801e-07,
  "ll2": -88.44324911351858,
  "aic2": 188.88649822703715,
  "ll1": -89.45677012493145,
  "aic1": 186.9135402498629,
  "LR": 2.0270420228257535,
  "lrt_p": 0.36293881544648454,
  "R_lo": 7.979878717308619e-07,
  "R_hi": 57.4965182754307,
  "R_covered": true,
  "n_boot_ok": 42,
  "ks_p": 0.9483914701743705
}