{
  "rep": 121,
  "scenario": "C",
  "status": "ok",
  "n": 93,
  "n_sh": 67,
  "n_ns": 26,
  "true_mu": 0.8,
  "true_beta": 4.0,
  "true_Ksh": 0.12,
  "true_Kns": 0.08,
  "true_ash": 0.8,
  "true_ans": 0.7,
  "true_R": 1.5,
  "mu_hat": 0.8619976899831876,
  "beta_hat": 7.632298843662647,
  "Ksh_hat": 0.11847621195763867,
  "Kns_hat": 0.006450857820102477,
  "ash_hat": 0.8541980227333308,
  "ans_hat": 2.25,
  "R_hat": 18.36596236680916,
  "ll2": -83.48874945716162,
  "aic2": 178.97749891432323,
  "ll1": -84.10975741427427,
  "aic1": 176.21951482854854,
  "LR": 1.2420159142253056,
  "lrt_p": 0.5374024858505309,
  "R_lo": 9.5654266940097e-07,
  "R_hi": 28.26007585527109,
  "R_covered": true,
  "n_boot_ok": 40,
  "ks_p": 0.6539145261451895
}