{
  "rep": 189,
  "scenario": "C",
  "status": "ok",
  "n": 89,
  "n_sh": 56,
  "n_ns": 33,
  "true_mu": 0.8,
  "true_beta": 4.0,
  "true_Ksh": 0.12,
  "true_Kns": 0.08,
  "true_ash": 0.8,
  "true_ans": 0.7,
  "true_R": 1.5,
  "mu_hat": 0.9142339866245666,
  "beta_hat": 5.191867614024864,
  "Ksh_hat": 0.055623502632917494,
  "Kns_hat": 1.687322249260983e-08,
  "ash_hat": 1.1295362843268861,
  "ans_hat": 0.031700834085362166,
  "R_hat": 3296554.8019816363,
  "ll2": -88.68995350492452,
  "aic2": 189.37990700984903,
  "ll1": -89.56521762993954,
  "aic1": 187.13043525987908,
  "LR": 1.7505282500300439,
  "lrt_p": 0.4167519305305877,
  "R_lo": 9.4018639932172e-08,
  "R_hi": 46.665409265411924,
  "R_covered": true,
  "n_boot_ok": 41,
  "ks_p": 0.859575130872042
}