{
  "rep": 86,
  "scenario": "C",
  "status": "ok",
  "n": 95,
  "n_sh": 59,
  "n_ns": 36,
  "true_mu": 0.8,
  "true_beta": 4.0,
  "true_Ksh": 0.12,
  "true_Kns": 0.08,
  "true_ash": 0.8,
  "true_ans": 0.7,
  "true_R": 1.5,
  "mu_hat": 0.9073330282376318,
  "beta_hat": 10.000000000000002,
  "Ksh_hat": 0.006741066203436123,
  "Kns_hat": 0.2914425471494472,
  "ash_hat": 0.08168137615938137,
  "ans_hat": 0.3977636584089812,
  "R_hat": 0.023130000301498223,
  "ll2": -81.9201371353516,
  "aic2": 175.8402742707032,
  "ll1": -85.50202308207078,
  "aic1": 179.00404616414156,
  "LR": 7.163771893438366,
  "lrt_p": 0.02782317571650006,
  "R_lo": 4.6381238156092806e-07,
  "R_hi": 22.636396644618976,
  "R_covered": true,
  "n_boot_ok": 44,
  "ks_p": 0.9784236108775978
}