{
  "rep": 49,
  "scenario": "C",
  "status": "ok",
  "n": 84,
  "n_sh": 54,
  "n_ns": 30,
  "true_mu": 0.8,
  "true_beta": 4.0,
  "true_Ksh": 0.12,
  "true_Kns": 0.08,
  "true_ash": 0.8,
  "true_ans": 0.7,
  "true_R": 1.5,
  "mu_hat": 0.8143355203301933,
  "beta_hat": 10.000000000000002,
  "Ksh_hat": 0.10966417287113565,
  "Kns_hat": 0.1404309848597674,
  "ash_hat": 0.15399118119819935,
  "ans_hat": 0.10088546148996828,
  "R_hat": 0.7809115130869794,
  "ll2": -86.38053095723527,
  "aic2": 184.76106191447053,
  "ll1": -86.4091860398454,
  "aic1": 180.8183720796908,
  "LR": 0.057310165220258114,
  "lrt_p": 0.9717515806883902,
  "R_lo": 5.111199722204523e-08,
  "R_hi": 24.74830844736477,
  "R_covered": true,
  "n_boot_ok": 42,
  "ks_p": 0.9919845163030213
}