{
  "rep": 43,
  "scenario": "C",
  "status": "ok",
  "n": 83,
  "n_sh": 52,
  "n_ns": 31,
  "true_mu": 0.8,
  "true_beta": 4.0,
  "true_Ksh": 0.12,
  "true_Kns": 0.08,
  "true_ash": 0.8,
  "true_ans": 0.7,
  "true_R": 1.5,
  "mu_hat": 0.8780394697379477,
  "beta_hat": 3.5661724746517565,
  "Ksh_hat": 0.006265726956038856,
  "Kns_hat": 9.999999999999982e-09,
  "ash_hat": 2.25,
  "ans_hat": 0.04432456691288008,
  "R_hat": 626572.6956038867,
  "ll2": -87.09632434116381,
  "aic2": 186.19264868232762,
  "ll1": -87.2851444616924,
  "aic1": 182.5702889233848,
  "LR": 0.3776402410571791,
  "lrt_p": 0.8279354218869901,
  "R_lo": 4.857741887553427e-08,
  "R_hi": 45.76673724521807,
  "R_covered": true,
  "n_boot_ok": 43,
  "ks_p": 0.7675479114705537
}