{
  "rep": 107,
  "scenario": "C",
  "status": "ok",
  "n": 89,
  "n_sh": 52,
  "n_ns": 37,
  "true_mu": 0.8,
  "true_beta": 4.0,
  "true_Ksh": 0.12,
  "true_Kns": 0.08,
  "true_ash": 0.8,
  "true_ans": 0.7,
  "true_R": 1.5,
  "mu_hat": 0.8391913439017717,
  "beta_hat": 3.7171025863868943,
  "Ksh_hat": 0.21564905934516354,
  "Kns_hat": 0.06168981415147819,
  "ash_hat": 1.0993823181446694e-06,
  "ans_hat": 7.36982140453729e-06,
  "R_hat": 3.4956996112136327,
  "ll2": -87.89490315944177,
  "aic2": 187.78980631888354,
  "ll1": -88.27975669243314,
  "aic1": 184.55951338486628,
  "LR": 0.7697070659827432,
  "lrt_p": 0.6805503070728606,
  "R_lo": 0.001121873711430275,
  "R_hi": 223.00012045561317,
  "R_covered": true,
  "n_boot_ok": 49,
  "ks_p": 0.9282443114261404
}