{
  "rep": 179,
  "scenario": "C",
  "status": "ok",
  "n": 89,
  "n_sh": 59,
  "n_ns": 30,
  "true_mu": 0.8,
  "true_beta": 4.0,
  "true_Ksh": 0.12,
  "true_Kns": 0.08,
  "true_ash": 0.8,
  "true_ans": 0.7,
  "true_R": 1.5,
  "mu_hat": 0.8942568878356439,
  "beta_hat": 1.7893885189940857,
  "Ksh_hat": 0.005925516538289848,
  "Kns_hat": 0.20234869799261948,
  "ash_hat": 2.25,
  "ans_hat": 1.0327876282991412e-06,
  "R_hat": 0.029283689972178506,
  "ll2": -88.92175311357519,
  "aic2": 189.84350622715039,
  "ll1": -89.67042790430214,
  "aic1": 187.3408558086043,
  "LR": 1.4973495814539035,
  "lrt_p": 0.4729929522405252,
  "R_lo": 6.350301459490715e-08,
  "R_hi": 41.24562602427038,
  "R_covered": true,
  "n_boot_ok": 39,
  "ks_p": 0.8746311904284717
}