{
  "rep": 113,
  "scenario": "C",
  "status": "ok",
  "n": 85,
  "n_sh": 58,
  "n_ns": 27,
  "true_mu": 0.8,
  "true_beta": 4.0,
  "true_Ksh": 0.12,
  "true_Kns": 0.08,
  "true_ash": 0.8,
  "true_ans": 0.7,
  "true_R": 1.5,
  "mu_hat": 0.8086952928563013,
  "beta_hat": 10.000000000000002,
  "Ksh_hat": 0.12603697649827056,
  "Kns_hat": 0.08635192312786295,
  "ash_hat": 0.0571475212962378,
  "ans_hat": 1.4432117636243869,
  "R_hat": 1.4595734748332725,
  "ll2": -84.95254323746124,
  "aic2": 181.90508647492248,
  "ll1": -85.20188551151804,
  "aic1": 178.4037710230361,
  "LR": 0.4986845481136015,
  "lrt_p": 0.7793131890438932,
  "R_lo": 8.268289726477956e-08,
  "R_hi": 23.619403427521345,
  "R_covered": true,
  "n_boot_ok": 46,
  "ks_p": 0.7282074578369893
}