{
  "rep": 36,
  "scenario": "C",
  "status": "ok",
  "n": 79,
  "n_sh": 48,
  "n_ns": 31,
  "true_mu": 0.8,
  "true_beta": 4.0,
  "true_Ksh": 0.12,
  "true_Kns": 0.08,
  "true_ash": 0.8,
  "true_ans": 0.7,
  "true_R": 1.5,
  "mu_hat": 0.718021392339581,
  "beta_hat": 3.8382393025131045,
  "Ksh_hat": 0.06919161714506082,
  "Kns_hat": 0.03634880336315901,
  "ash_hat": 1.7756062419582261,
  "ans_hat": 1.7565941916998533,
  "R_hat": 1.903545942180571,
  "ll2": -83.95323445058385,
  "aic2": 179.9064689011677,
  "ll1": -84.0896498643245,
  "aic1": 176.179299728649,
  "LR": 0.2728308274813003,
  "lrt_p": 0.8724801169679358,
  "R_lo": 1.0279345760091808e-07,
  "R_hi": 43.7412996621573,
  "R_covered": true,
  "n_boot_ok": 47,
  "ks_p": 0.9446338545464142
}