{
  "rep": 63,
  "scenario": "C",
  "status": "ok",
  "n": 98,
  "n_sh": 50,
  "n_ns": 48,
  "true_mu": 0.8,
  "true_beta": 4.0,
  "true_Ksh": 0.12,
  "true_Kns": 0.08,
  "true_ash": 0.8,
  "true_ans": 0.7,
  "true_R": 1.5,
  "mu_hat": 0.726615046701513,
  "beta_hat": 2.427444989204525,
  "Ksh_hat": 0.2148052807302554,
  "Kns_hat": 0.3521682646088268,
  "ash_hat": 1.0000000000000004e-06,
  "ans_hat": 0.5187781573952541,
  "R_hat": 0.6099507034481139,
  "ll2": -81.38064750742303,
  "aic2": 174.76129501484607,
  "ll1": -82.07361795536198,
  "aic1": 172.14723591072396,
  "LR": 1.3859408958778943,
  "lrt_p": 0.5000883741195641,
  "R_lo": 2.519779124176009e-07,
  "R_hi": 67.29187172205337,
  "R_covered": true,
  "n_boot_ok": 43,
  "ks_p": 0.9842425342526036
}