{
  "rep": 22,
  "scenario": "C",
  "status": "ok",
  "n": 113,
  "n_sh": 66,
  "n_ns": 47,
  "true_mu": 0.8,
  "true_beta": 4.0,
  "true_Ksh": 0.12,
  "true_Kns": 0.08,
  "true_ash": 0.8,
  "true_ans": 0.7,
  "true_R": 1.5,
  "mu_hat": 0.9440534303013163,
  "beta_hat": 4.276500274024512,
  "Ksh_hat": 0.005919056890027217,
  "Kns_hat": 0.3231489098116516,
  "ash_hat": 2.0832509997325657,
  "ans_hat": 0.5987315553964884,
  "R_hat": 0.01831680909422581,
  "ll2": -75.379777140737,
  "aic2": 162.759554281474,
  "ll1": -78.30897066155435,
  "aic1": 164.6179413231087,
  "LR": 5.8583870416347,
  "lrt_p": 0.053440119114493756,
  "R_lo": 1.8764888466709466e-07,
  "R_hi": 62.32281467505275,
  "R_covered": true,
  "n_boot_ok": 48,
  "ks_p": 0.4399988197481204
}