{
  "rep": 59,
  "scenario": "C",
  "status": "ok",
  "n": 94,
  "n_sh": 56,
  "n_ns": 38,
  "true_mu": 0.8,
  "true_beta": 4.0,
  "true_Ksh": 0.12,
  "true_Kns": 0.08,
  "true_ash": 0.8,
  "true_ans": 0.7,
  "true_R": 1.5,
  "mu_hat": 0.9475447245504918,
  "beta_hat": 10.000000000000002,
  "Ksh_hat": 0.036174355189637096,
  "Kns_hat": 0.10181421201812624,
  "ash_hat": 1.2553448472191633,
  "ans_hat": 1.0000000000000004e-06,
  "R_hat": 0.35529769835272984,
  "ll2": -87.325049775789,
  "aic2": 186.650099551578,
  "ll1": -87.69841363357557,
  "aic1": 183.39682726715114,
  "LR": 0.7467277155731438,
  "lrt_p": 0.6884147022181678,
  "R_lo": 6.140722845677566e-07,
  "R_hi": 16.30411022977153,
  "R_covered": true,
  "n_boot_ok": 41,
  "ks_p": 0.6516552751037197
}