{
  "rep": 162,
  "scenario": "C",
  "status": "ok",
  "n": 77,
  "n_sh": 47,
  "n_ns": 30,
  "true_mu": 0.8,
  "true_beta": 4.0,
  "true_Ksh": 0.12,
  "true_Kns": 0.08,
  "true_ash": 0.8,
  "true_ans": 0.7,
  "true_R": 1.5,
  "mu_hat": 0.4137820879516211,
  "beta_hat": 0.1475688100959884,
  "Ksh_hat": 0.9446513837616277,
  "Kns_hat": 1.127252156278077e-06,
  "ash_hat": 1.0000000000000004e-06,
  "ans_hat": 0.038234152288301924,
  "R_hat": 838012.4877122841,
  "ll2": -86.74857790377317,
  "aic2": 185.49715580754633,
  "ll1": -87.65042086739406,
  "aic1": 183.30084173478812,
  "LR": 1.8036859272417871,
  "lrt_p": 0.40582105668432455,
  "R_lo": 3.9615489985410584e-08,
  "R_hi": 72.74327586997182,
  "R_covered": true,
  "n_boot_ok": 46,
  "ks_p": 0.7618775266765826
}