{
  "rep": 198,
  "scenario": "C",
  "status": "ok",
  "n": 85,
  "n_sh": 46,
  "n_ns": 39,
  "true_mu": 0.8,
  "true_beta": 4.0,
  "true_Ksh": 0.12,
  "true_Kns": 0.08,
  "true_ash": 0.8,
  "true_ans": 0.7,
  "true_R": 1.5,
  "mu_hat": 0.6357513123975342,
  "beta_hat": 1.1796051637192124,
  "Ksh_hat": 0.5955353133703515,
  "Kns_hat": 1.1197535916553117e-05,
  "ash_hat": 0.04566429304828737,
  "ans_hat": 0.07338855385439,
  "R_hat": 53184.4968221966,
  "ll2": -83.12790200166096,
  "aic2": 178.2558040033219,
  "ll1": -86.31089343305045,
  "aic1": 180.6217868661009,
  "LR": 6.365982862778992,
  "lrt_p": 0.04146144036967392,
  "R_lo": 8.115241656885846e-08,
  "R_hi": 317.59870423342966,
  "R_covered": true,
  "n_boot_ok": 45,
  "ks_p": 0.6734070211736947
}