{
  "rep": 89,
  "scenario": "C",
  "status": "ok",
  "n": 88,
  "n_sh": 50,
  "n_ns": 38,
  "true_mu": 0.8,
  "true_beta": 4.0,
  "true_Ksh": 0.12,
  "true_Kns": 0.08,
  "true_ash": 0.8,
  "true_ans": 0.7,
  "true_R": 1.5,
  "mu_hat": 0.5180375972599626,
  "beta_hat": 0.8066792911637383,
  "Ksh_hat": 0.7995017627226083,
  "Kns_hat": 0.001328211600867454,
  "ash_hat": 1.985754166498552e-06,
  "ans_hat": 2.25,
  "R_hat": 601.9385481955242,
  "ll2": -78.16220218030129,
  "aic2": 168.32440436060259,
  "ll1": -80.5479206198705,
  "aic1": 169.095841239741,
  "LR": 4.771436879138406,
  "lrt_p": 0.0920228429728861,
  "R_lo": 2.9769899414195095e-07,
  "R_hi": 128.13037968592363,
  "R_covered": true,
  "n_boot_ok": 44,
  "ks_p": 0.751410300417108
}