{
  "rep": 174,
  "scenario": "C",
  "status": "ok",
  "n": 83,
  "n_sh": 43,
  "n_ns": 40,
  "true_mu": 0.8,
  "true_beta": 4.0,
  "true_Ksh": 0.12,
  "true_Kns": 0.08,
  "true_ash": 0.8,
  "true_ans": 0.7,
  "true_R": 1.5,
  "mu_hat": 0.8267071236834307,
  "beta_hat": 7.2905545357196315,
  "Ksh_hat": 0.02568654102877637,
  "Kns_hat": 0.017357094548356933,
  "ash_hat": 2.25,
  "ans_hat": 2.25,
  "R_hat": 1.479887141088825,
  "ll2": -85.40994691300705,
  "aic2": 182.8198938260141,
  "ll1": -85.47025415977382,
  "aic1": 178.94050831954763,
  "LR": 0.12061449353353737,
  "lrt_p": 0.9414752239232524,
  "R_lo": 8.296436150666339e-07,
  "R_hi": 24.585754178191703,
  "R_covered": true,
  "n_boot_ok": 44,
  "ks_p": 0.37982785792019197
}