{
  "rep": 76,
  "scenario": "C",
  "status": "ok",
  "n": 86,
  "n_sh": 52,
  "n_ns": 34,
  "true_mu": 0.8,
  "true_beta": 4.0,
  "true_Ksh": 0.12,
  "true_Kns": 0.08,
  "true_ash": 0.8,
  "true_ans": 0.7,
  "true_R": 1.5,
  "mu_hat": 0.8272562277266252,
  "beta_hat": 6.186550535609845,
  "Ksh_hat": 0.06209749905986154,
  "Kns_hat": 0.09925870895844305,
  "ash_hat": 1.1751966730509098,
  "ans_hat": 1.0000017061735022e-06,
  "R_hat": 0.6256126007629224,
  "ll2": -86.27967527550972,
  "aic2": 184.55935055101943,
  "ll1": -86.65274098974231,
  "aic1": 181.30548197948463,
  "LR": 0.7461314284651905,
  "lrt_p": 0.6886199792235841,
  "R_lo": 3.0959239447448484e-07,
  "R_hi": 114.2462407767305,
  "R_covered": true,
  "n_boot_ok": 37,
  "ks_p": 0.9661662641530036
}