{
  "rep": 117,
  "scenario": "C",
  "status": "ok",
  "n": 103,
  "n_sh": 65,
  "n_ns": 38,
  "true_mu": 0.8,
  "true_beta": 4.0,
  "true_Ksh": 0.12,
  "true_Kns": 0.08,
  "true_ash": 0.8,
  "true_ans": 0.7,
  "true_R": 1.5,
  "mu_hat": 0.9410524892959807,
  "beta_hat": 10.000000000000002,
  "Ksh_hat": 0.10781361512772214,
  "Kns_hat": 9.999999999999982e-09,
  "ash_hat": 1.674308783439101,
  "ans_hat": 0.0016339698188845887,
  "R_hat": 10781361.512772234,
  "ll2": -77.81165038421771,
  "aic2": 167.62330076843543,
  "ll1": -81.08019129633175,
  "aic1": 170.1603825926635,
  "LR": 6.537081824228068,
  "lrt_p": 0.03806192226884553,
  "R_lo": 6.875572163160738e-08,
  "R_hi": 19.69631046354181,
  "R_covered": true,
  "n_boot_ok": 46,
  "ks_p": 0.9753316424793179
}