{
  "rep": 13,
  "scenario": "C",
  "status": "ok",
  "n": 64,
  "n_sh": 35,
  "n_ns": 29,
  "true_mu": 0.8,
  "true_beta": 4.0,
  "true_Ksh": 0.12,
  "true_Kns": 0.08,
  "true_ash": 0.8,
  "true_ans": 0.7,
  "true_R": 1.5,
  "mu_hat": 0.6570642226985003,
  "beta_hat": 3.776289026948275,
  "Ksh_hat": 0.022693367402982112,
  "Kns_hat": 0.007958324312184172,
  "ash_hat": 2.25,
  "ans_hat": 2.25,
  "R_hat": 2.8515258379504127,
  "ll2": -83.86914546134065,
  "aic2": 179.7382909226813,
  "ll1": -84.08642851608923,
  "aic1": 176.17285703217846,
  "LR": 0.4345661094971547,
  "lrt_p": 0.8047021622973661,
  "R_lo": 2.0860950290930107e-07,
  "R_hi": 95.4781675008252,
  "R_covered": true,
  "n_boot_ok": 43,
  "ks_p": 0.9861448488434564
}