{
  "rep": 142,
  "scenario": "C",
  "status": "ok",
  "n": 75,
  "n_sh": 48,
  "n_ns": 27,
  "true_mu": 0.8,
  "true_beta": 4.0,
  "true_Ksh": 0.12,
  "true_Kns": 0.08,
  "true_ash": 0.8,
  "true_ans": 0.7,
  "true_R": 1.5,
  "mu_hat": 0.6897553055819893,
  "beta_hat": 1.776746481210823,
  "Ksh_hat": 0.1723355827069866,
  "Kns_hat": 0.013978738929134414,
  "ash_hat": 0.5965107332508591,
  "ans_hat": 2.25,
  "R_hat": 12.328406988688062,
  "ll2": -86.56605664687443,
  "aic2": 185.13211329374886,
  "ll1": -87.72889168787299,
  "aic1": 183.45778337574598,
  "LR": 2.3256700819971172,
  "lrt_p": 0.31259869333354384,
  "R_lo": 0.012453605825640184,
  "R_hi": 15.397703911473888,
  "R_covered": true,
  "n_boot_ok": 42,
  "ks_p": 0.5656038910671688
}