{
  "rep": 155,
  "scenario": "C",
  "status": "ok",
  "n": 81,
  "n_sh": 56,
  "n_ns": 25,
  "true_mu": 0.8,
  "true_beta": 4.0,
  "true_Ksh": 0.12,
  "true_Kns": 0.08,
  "true_ash": 0.8,
  "true_ans": 0.7,
  "true_R": 1.5,
  "mu_hat": 0.8109233685530185,
  "beta_hat": 7.817693000732648,
  "Ksh_hat": 0.005300686282051382,
  "Kns_hat": 0.20571886351788926,
  "ash_hat": 2.25,
  "ans_hat": 0.3049527337157773,
  "R_hat": 0.025766651591434812,
  "ll2": -86.12754449051492,
  "aic2": 184.25508898102984,
  "ll1": -87.11950682291416,
  "aic1": 182.23901364582832,
  "LR": 1.9839246647984794,
  "lrt_p": 0.37084824899889623,
  "R_lo": 0.006236689458808363,
  "R_hi": 188.59409345160526,
  "R_covered": true,
  "n_boot_ok": 41,
  "ks_p": 0.7228450641080884
}