{
  "rep": 157,
  "scenario": "C",
  "status": "ok",
  "n": 95,
  "n_sh": 52,
  "n_ns": 43,
  "true_mu": 0.8,
  "true_beta": 4.0,
  "true_Ksh": 0.12,
  "true_Kns": 0.08,
  "true_ash": 0.8,
  "true_ans": 0.7,
  "true_R": 1.5,
  "mu_hat": 0.8853908908292062,
  "beta_hat": 5.995574583275829,
  "Ksh_hat": 0.10827187202023442,
  "Kns_hat": 0.002949265751890648,
  "ash_hat": 1.4660242049364658,
  "ans_hat": 1.0827770866977422,
  "R_hat": 36.711466896744035,
  "ll2": -81.46180569011477,
  "aic2": 174.92361138022954,
  "ll1": -84.8229201038917,
  "aic1": 177.6458402077834,
  "LR": 6.722228827553863,
  "lrt_p": 0.03469657105478796,
  "R_lo": 0.0020270217958560993,
  "R_hi": 17.65424417193494,
  "R_covered": true,
  "n_boot_ok": 47,
  "ks_p": 0.9440512283758711
}