{
  "rep": 115,
  "scenario": "C",
  "status": "ok",
  "n": 78,
  "n_sh": 40,
  "n_ns": 38,
  "true_mu": 0.8,
  "true_beta": 4.0,
  "true_Ksh": 0.12,
  "true_Kns": 0.08,
  "true_ash": 0.8,
  "true_ans": 0.7,
  "true_R": 1.5,
  "mu_hat": 0.6117906662113666,
  "beta_hat": 4.174658843350502,
  "Ksh_hat": 0.30765198639862273,
  "Kns_hat": 0.2798109324729897,
  "ash_hat": 1.0000000000000004e-06,
  "ans_hat": 1.0000000000000004e-06,
  "R_hat": 1.0994995216218741,
  "ll2": -81.30168653892136,
  "aic2": 174.60337307784272,
  "ll1": -81.31099412793077,
  "aic1": 170.62198825586154,
  "LR": 0.018615178018819734,
  "lrt_p": 0.9907355925213454,
  "R_lo": 1.3994971413686835e-07,
  "R_hi": 23.529757907429833,
  "R_covered": true,
  "n_boot_ok": 45,
  "ks_p": 0.7504268048239293
}