{
  "rep": 88,
  "scenario": "C",
  "status": "ok",
  "n": 73,
  "n_sh": 40,
  "n_ns": 33,
  "true_mu": 0.8,
  "true_beta": 4.0,
  "true_Ksh": 0.12,
  "true_Kns": 0.08,
  "true_ash": 0.8,
  "true_ans": 0.7,
  "true_R": 1.5,
  "mu_hat": 0.6299745998571785,
  "beta_hat": 5.242747897086458,
  "Ksh_hat": 0.3444811389572129,
  "Kns_hat": 0.07737222142903036,
  "ash_hat": 1.0000000000000004e-06,
  "ans_hat": 1.0000000000000004e-06,
  "R_hat": 4.452258609030478,
  "ll2": -81.4669243452523,
  "aic2": 174.9338486905046,
  "ll1": -82.38706241201015,
  "aic1": 172.7741248240203,
  "LR": 1.8402761335157152,
  "lrt_p": 0.398464022650763,
  "R_lo": 0.0596295362965108,
  "R_hi": 141.70224465993584,
  "R_covered": true,
  "n_boot_ok": 45,
  "ks_p": 0.9138846640122401
}