{
  "rep": 150,
  "scenario": "C",
  "status": "ok",
  "n": 71,
  "n_sh": 39,
  "n_ns": 32,
  "true_mu": 0.8,
  "true_beta": 4.0,
  "true_Ksh": 0.12,
  "true_Kns": 0.08,
  "true_ash": 0.8,
  "true_ans": 0.7,
  "true_R": 1.5,
  "mu_hat": 0.6474405599270152,
  "beta_hat": 5.11335012922103,
  "Ksh_hat": 0.12613172216993765,
  "Kns_hat": 0.022315981608191114,
  "ash_hat": 0.9866643880957878,
  "ans_hat": 2.8203485248692665e-06,
  "R_hat": 5.65208039621438,
  "ll2": -79.75941958276088,
  "aic2": 171.51883916552177,
  "ll1": -81.5692233331096,
  "aic1": 171.1384466662192,
  "LR": 3.619607500697441,
  "lrt_p": 0.16368625702166983,
  "R_lo": 0.009395590394518953,
  "R_hi": 42.53931852738809,
  "R_covered": true,
  "n_boot_ok": 41,
  "ks_p": 0.8050063718034751
}