{
  "rep": 27,
  "scenario": "C",
  "status": "ok",
  "n": 83,
  "n_sh": 45,
  "n_ns": 38,
  "true_mu": 0.8,
  "true_beta": 4.0,
  "true_Ksh": 0.12,
  "true_Kns": 0.08,
  "true_ash": 0.8,
  "true_ans": 0.7,
  "true_R": 1.5,
  "mu_hat": 0.7077975597580739,
  "beta_hat": 0.825699382062466,
  "Ksh_hat": 0.344182020567893,
  "Kns_hat": 0.04274361828280469,
  "ash_hat": 1.0000000000000004e-06,
  "ans_hat": 2.25,
  "R_hat": 8.052243455167524,
  "ll2": -88.30077189993129,
  "aic2": 188.60154379986258,
  "ll1": -88.85492679648382,
  "aic1": 185.70985359296765,
  "LR": 1.1083097931050645,
  "lrt_p": 0.5745576167023876,
  "R_lo": 0.016542793048910254,
  "R_hi": 45.46381265175897,
  "R_covered": true,
  "n_boot_ok": 41,
  "ks_p": 0.9546322883124981
}