{
  "rep": 172,
  "scenario": "C",
  "status": "ok",
  "n": 78,
  "n_sh": 48,
  "n_ns": 30,
  "true_mu": 0.8,
  "true_beta": 4.0,
  "true_Ksh": 0.12,
  "true_Kns": 0.08,
  "true_ash": 0.8,
  "true_ans": 0.7,
  "true_R": 1.5,
  "mu_hat": 0.7926163863037741,
  "beta_hat": 9.76816173146543,
  "Ksh_hat": 0.03252483348707982,
  "Kns_hat": 0.047583731779838864,
  "ash_hat": 2.0949548795568807e-06,
  "ans_hat": 2.25,
  "R_hat": 0.6835284302115314,
  "ll2": -85.95827168011571,
  "aic2": 183.91654336023143,
  "ll1": -86.87532159841282,
  "aic1": 181.75064319682565,
  "LR": 1.8340998365942198,
  "lrt_p": 0.3996964406744574,
  "R_lo": 2.680307772650553e-07,
  "R_hi": 722.5759112635722,
  "R_covered": true,
  "n_boot_ok": 42,
  "ks_p": 0.5672906347441571
}