{
  "rep": 33,
  "scenario": "C",
  "status": "ok",
  "n": 82,
  "n_sh": 50,
  "n_ns": 32,
  "true_mu": 0.8,
  "true_beta": 4.0,
  "true_Ksh": 0.12,
  "true_Kns": 0.08,
  "true_ash": 0.8,
  "true_ans": 0.7,
  "true_R": 1.5,
  "mu_hat": 0.7210778667116811,
  "beta_hat": 3.549884458487451,
  "Ksh_hat": 0.2800308107403679,
  "Kns_hat": 0.026528803031645187,
  "ash_hat": 0.25103890200391676,
  "ans_hat": 1.2191487634054925,
  "R_hat": 10.555727312925876,
  "ll2": -84.89265875894786,
  "aic2": 181.78531751789572,
  "ll1": -85.7170664307865,
  "aic1": 179.434132861573,
  "LR": 1.6488153436772848,
  "lrt_p": 0.43849464828541407,
  "R_lo": 0.1212335271882438,
  "R_hi": 69.32376198102702,
  "R_covered": true,
  "n_boot_ok": 39,
  "ks_p": 0.8335286478259303
}