{
  "rep": 96,
  "scenario": "C",
  "status": "ok",
  "n": 79,
  "n_sh": 49,
  "n_ns": 30,
  "true_mu": 0.8,
  "true_beta": 4.0,
  "true_Ksh": 0.12,
  "true_Kns": 0.08,
  "true_ash": 0.8,
  "true_ans": 0.7,
  "true_R": 1.5,
  "mu_hat": 0.725237490014597,
  "beta_hat": 8.313697168441633,
  "Ksh_hat": 0.20929996825589778,
  "Kns_hat": 0.03602778318758088,
  "ash_hat": 1.0000000000000004e-06,
  "ans_hat": 1.7458451921745846,
  "R_hat": 5.8094045688618845,
  "ll2": -82.8368083361292,
  "aic2": 177.6736166722584,
  "ll1": -84.07022222171065,
  "aic1": 176.1404444434213,
  "LR": 2.4668277711629116,
  "lrt_p": 0.29129642560643065,
  "R_lo": 0.00021270852668033556,
  "R_hi": 16.732812312493603,
  "R_covered": true,
  "n_boot_ok": 43,
  "ks_p": 0.9312623048521638
}