{
  "rep": 178,
  "scenario": "C",
  "status": "ok",
  "n": 82,
  "n_sh": 57,
  "n_ns": 25,
  "true_mu": 0.8,
  "true_beta": 4.0,
  "true_Ksh": 0.12,
  "true_Kns": 0.08,
  "true_ash": 0.8,
  "true_ans": 0.7,
  "true_R": 1.5,
  "mu_hat": 0.7667288945545937,
  "beta_hat": 10.000000000000002,
  "Ksh_hat": 0.22797292833987323,
  "Kns_hat": 9.999999999999982e-09,
  "ash_hat": 1.0000000000000004e-06,
  "ans_hat": 0.12751045680914613,
  "R_hat": 22797292.833987363,
  "ll2": -82.85821644983817,
  "aic2": 177.71643289967633,
  "ll1": -84.77908006926944,
  "aic1": 177.55816013853888,
  "LR": 3.8417272388625463,
  "lrt_p": 0.14648040416591912,
  "R_lo": 2.2244547153701695e-08,
  "R_hi": 34.38592681086309,
  "R_covered": true,
  "n_boot_ok": 42,
  "ks_p": 0.9927172599454566
}