{
  "rep": 40,
  "scenario": "C",
  "status": "ok",
  "n": 87,
  "n_sh": 57,
  "n_ns": 30,
  "true_mu": 0.8,
  "true_beta": 4.0,
  "true_Ksh": 0.12,
  "true_Kns": 0.08,
  "true_ash": 0.8,
  "true_ans": 0.7,
  "true_R": 1.5,
  "mu_hat": 0.9048636064170836,
  "beta_hat": 7.26288713936375,
  "Ksh_hat": 0.015573412422165695,
  "Kns_hat": 9.999999999999982e-09,
  "ash_hat": 1.7032807599802615,
  "ans_hat": 0.06371244430609668,
  "R_hat": 1557341.2422165722,
  "ll2": -87.6415027493797,
  "aic2": 187.2830054987594,
  "ll1": -88.08175945621343,
  "aic1": 184.16351891242687,
  "LR": 0.8805134136674724,
  "lrt_p": 0.6438711137513431,
  "R_lo": 3.343663292152575e-07,
  "R_hi": 2927.300102445476,
  "R_covered": true,
  "n_boot_ok": 44,
  "ks_p": 0.208552954521123
}