{
  "rep": 66,
  "scenario": "C",
  "status": "ok",
  "n": 83,
  "n_sh": 48,
  "n_ns": 35,
  "true_mu": 0.8,
  "true_beta": 4.0,
  "true_Ksh": 0.12,
  "true_Kns": 0.08,
  "true_ash": 0.8,
  "true_ans": 0.7,
  "true_R": 1.5,
  "mu_hat": 0.6577917365505781,
  "beta_hat": 1.9240944412587946,
  "Ksh_hat": 0.27736059583284306,
  "Kns_hat": 0.19633903960947652,
  "ash_hat": 1.0000000000000004e-06,
  "ans_hat": 0.8476878242470058,
  "R_hat": 1.4126614675538829,
  "ll2": -85.71733844743663,
  "aic2": 183.43467689487326,
  "ll1": -86.0925267761375,
  "aic1": 180.185053552275,
  "LR": 0.7503766574017448,
  "lrt_p": 0.6871598546814937,
  "R_lo": 0.002246693008477284,
  "R_hi": 50.04138083261713,
  "R_covered": true,
  "n_boot_ok": 42,
  "ks_p": 0.9263577139243007
}