{
  "rep": 98,
  "scenario": "C",
  "status": "ok",
  "n": 79,
  "n_sh": 48,
  "n_ns": 31,
  "true_mu": 0.8,
  "true_beta": 4.0,
  "true_Ksh": 0.12,
  "true_Kns": 0.08,
  "true_ash": 0.8,
  "true_ans": 0.7,
  "true_R": 1.5,
  "mu_hat": 0.4978744647914781,
  "beta_hat": 0.14331278236749243,
  "Ksh_hat": 0.6959726881394692,
  "Kns_hat": 1.5143495139683314e-08,
  "ash_hat": 0.21657216776808963,
  "ans_hat": 0.018797190793683357,
  "R_hat": 45958524.21913371,
  "ll2": -86.62793069235342,
  "aic2": 185.25586138470683,
  "ll1": -88.32356315698426,
  "aic1": 184.64712631396853,
  "LR": 3.3912649292616948,
  "lrt_p": 0.18348314572226898,
  "R_lo": 4.372514331961427e-08,
  "R_hi": 58.247940527670806,
  "R_covered": true,
  "n_boot_ok": 38,
  "ks_p": 0.9045622621603044
}