{
  "rep": 78,
  "scenario": "C",
  "status": "ok",
  "n": 99,
  "n_sh": 58,
  "n_ns": 41,
  "true_mu": 0.8,
  "true_beta": 4.0,
  "true_Ksh": 0.12,
  "true_Kns": 0.08,
  "true_ash": 0.8,
  "true_ans": 0.7,
  "true_R": 1.5,
  "mu_hat": 0.8306712731153898,
  "beta_hat": 6.81069077216892,
  "Ksh_hat": 0.1463592305719037,
  "Kns_hat": 0.28753018914084866,
  "ash_hat": 0.5189974847727816,
  "ans_hat": 1.0000000000000004e-06,
  "R_hat": 0.5090221343686754,
  "ll2": -77.46130249625352,
  "aic2": 166.92260499250705,
  "ll1": -77.81115670510381,
  "aic1": 163.62231341020762,
  "LR": 0.6997084177005775,
  "lrt_p": 0.7047908344949589,
  "R_lo": 5.969859821130967e-08,
  "R_hi": 19.72115506483656,
  "R_covered": true,
  "n_boot_ok": 42,
  "ks_p": 0.9596523699893688
}