{
  "rep": 185,
  "scenario": "C",
  "status": "ok",
  "n": 75,
  "n_sh": 45,
  "n_ns": 30,
  "true_mu": 0.8,
  "true_beta": 4.0,
  "true_Ksh": 0.12,
  "true_Kns": 0.08,
  "true_ash": 0.8,
  "true_ans": 0.7,
  "true_R": 1.5,
  "mu_hat": 0.7281804689354056,
  "beta_hat": 5.64056510983153,
  "Ksh_hat": 0.04943918566752108,
  "Kns_hat": 0.02871640456385715,
  "ash_hat": 1.5318353193792766,
  "ans_hat": 2.25,
  "R_hat": 1.7216356440996063,
  "ll2": -84.7468500553837,
  "aic2": 181.4937001107674,
  "ll1": -84.9192010787717,
  "aic1": 177.8384021575434,
  "LR": 0.3447020467760069,
  "lrt_p": 0.8416836706536872,
  "R_lo": 0.004239183571941887,
  "R_hi": 35.10989795242422,
  "R_covered": true,
  "n_boot_ok": 44,
  "ks_p": 0.68675221987701
}