{
  "rep": 16,
  "scenario": "C",
  "status": "ok",
  "n": 106,
  "n_sh": 68,
  "n_ns": 38,
  "true_mu": 0.8,
  "true_beta": 4.0,
  "true_Ksh": 0.12,
  "true_Kns": 0.08,
  "true_ash": 0.8,
  "true_ans": 0.7,
  "true_R": 1.5,
  "mu_hat": 1.0332137034455655,
  "beta_hat": 9.412122857779696,
  "Ksh_hat": 0.021424594728764488,
  "Kns_hat": 0.03966447386478701,
  "ash_hat": 2.25,
  "ans_hat": 1.684475228823301,
  "R_hat": 0.5401456931408999,
  "ll2": -82.24632404982728,
  "aic2": 176.49264809965456,
  "ll1": -82.35804944644798,
  "aic1": 172.71609889289596,
  "LR": 0.2234507932413976,
  "lrt_p": 0.8942897987864021,
  "R_lo": 1.4402283520342505e-06,
  "R_hi": 14.662173795359786,
  "R_covered": true,
  "n_boot_ok": 44,
  "ks_p": 0.8973275049661597
}