{
  "rep": 173,
  "scenario": "C",
  "status": "ok",
  "n": 82,
  "n_sh": 46,
  "n_ns": 36,
  "true_mu": 0.8,
  "true_beta": 4.0,
  "true_Ksh": 0.12,
  "true_Kns": 0.08,
  "true_ash": 0.8,
  "true_ans": 0.7,
  "true_R": 1.5,
  "mu_hat": 0.3895664784714933,
  "beta_hat": 0.2689752986278151,
  "Ksh_hat": 0.7427252641238268,
  "Kns_hat": 9.20170513523472e-08,
  "ash_hat": 0.9489908974999693,
  "ans_hat": 0.08392724133187815,
  "R_hat": 8071604.699435755,
  "ll2": -82.76156996030966,
  "aic2": 177.52313992061931,
  "ll1": -84.50537619218399,
  "aic1": 177.01075238436798,
  "LR": 3.487612463748661,
  "lrt_p": 0.17485359907922482,
  "R_lo": 0.027825303390092995,
  "R_hi": 32.162870533015735,
  "R_covered": true,
  "n_boot_ok": 45,
  "ks_p": 0.9371283399815173
}