{
  "rep": 101,
  "scenario": "C",
  "status": "ok",
  "n": 70,
  "n_sh": 35,
  "n_ns": 35,
  "true_mu": 0.8,
  "true_beta": 4.0,
  "true_Ksh": 0.12,
  "true_Kns": 0.08,
  "true_ash": 0.8,
  "true_ans": 0.7,
  "true_R": 1.5,
  "mu_hat": 0.5337273129115429,
  "beta_hat": 1.2083290638599953,
  "Ksh_hat": 0.20369550479441043,
  "Kns_hat": 0.06507839900686761,
  "ash_hat": 1.0581939434021717,
  "ans_hat": 2.25,
  "R_hat": 3.130001780973665,
  "ll2": -82.09724130723073,
  "aic2": 176.19448261446146,
  "ll1": -82.38570227283466,
  "aic1": 172.77140454566933,
  "LR": 0.5769219312078633,
  "lrt_p": 0.749416057579785,
  "R_lo": 2.1502582079710844e-06,
  "R_hi": 65.88602870679522,
  "R_covered": true,
  "n_boot_ok": 42,
  "ks_p": 0.3763529902736081
}