{
  "rep": 100,
  "scenario": "C",
  "status": "ok",
  "n": 90,
  "n_sh": 54,
  "n_ns": 36,
  "true_mu": 0.8,
  "true_beta": 4.0,
  "true_Ksh": 0.12,
  "true_Kns": 0.08,
  "true_ash": 0.8,
  "true_ans": 0.7,
  "true_R": 1.5,
  "mu_hat": 0.6876684494381972,
  "beta_hat": 0.7720603412435728,
  "Ksh_hat": 0.0016083903641828615,
  "Kns_hat": 0.4705513862359159,
  "ash_hat": 2.25,
  "ans_hat": 0.7272624517970253,
  "R_hat": 0.0034180971754198125,
  "ll2": -85.10682029391633,
  "aic2": 182.21364058783266,
  "ll1": -87.58002839652336,
  "aic1": 183.16005679304672,
  "LR": 4.946416205214064,
  "lrt_p": 0.08431393690019529,
  "R_lo": 8.301129444354737e-07,
  "R_hi": 37.23986672029535,
  "R_covered": true,
  "n_boot_ok": 44,
  "ks_p": 0.3296609586412589
}