{
  "rep": 149,
  "scenario": "C",
  "status": "ok",
  "n": 87,
  "n_sh": 61,
  "n_ns": 26,
  "true_mu": 0.8,
  "true_beta": 4.0,
  "true_Ksh": 0.12,
  "true_Kns": 0.08,
  "true_ash": 0.8,
  "true_ans": 0.7,
  "true_R": 1.5,
  "mu_hat": 0.6872483360142214,
  "beta_hat": 2.43751413263454,
  "Ksh_hat": 0.20082282445896588,
  "Kns_hat": 0.01174142772050315,
  "ash_hat": 1.4587890525082914,
  "ans_hat": 2.052198787452472,
  "R_hat": 17.103782371225982,
  "ll2": -81.62857315705335,
  "aic2": 175.2571463141067,
  "ll1": -83.20095475295842,
  "aic1": 174.40190950591685,
  "LR": 3.144763191810142,
  "lrt_p": 0.20755029235057354,
  "R_lo": 5.2533955874356025e-09,
  "R_hi": 38.67554601812112,
  "R_covered": true,
  "n_boot_ok": 43,
  "ks_p": 0.860365124790956
}