{
  "rep": 56,
  "scenario": "C",
  "status": "ok",
  "n": 87,
  "n_sh": 51,
  "n_ns": 36,
  "true_mu": 0.8,
  "true_beta": 4.0,
  "true_Ksh": 0.12,
  "true_Kns": 0.08,
  "true_ash": 0.8,
  "true_ans": 0.7,
  "true_R": 1.5,
  "mu_hat": 0.776859919160834,
  "beta_hat": 2.7824389145195725,
  "Ksh_hat": 0.2858173342099722,
  "Kns_hat": 0.014530265559359226,
  "ash_hat": 1.0000000000000004e-06,
  "ans_hat": 2.25,
  "R_hat": 19.670482486527693,
  "ll2": -86.11945760430169,
  "aic2": 184.23891520860337,
  "ll1": -86.34111138570562,
  "aic1": 180.68222277141123,
  "LR": 0.44330756280785977,
  "lrt_p": 0.8011927041349979,
  "R_lo": 0.003332287503595985,
  "R_hi": 10.782201047018406,
  "R_covered": true,
  "n_boot_ok": 43,
  "ks_p": 0.9257693663128417
}