{
  "rep": 139,
  "scenario": "C",
  "status": "ok",
  "n": 84,
  "n_sh": 43,
  "n_ns": 41,
  "true_mu": 0.8,
  "true_beta": 4.0,
  "true_Ksh": 0.12,
  "true_Kns": 0.08,
  "true_ash": 0.8,
  "true_ans": 0.7,
  "true_R": 1.5,
  "mu_hat": 0.6749755322685229,
  "beta_hat": 1.6445996633692264,
  "Ksh_hat": 0.3395391767370602,
  "Kns_hat": 0.057658468753192305,
  "ash_hat": 0.8886384346246631,
  "ans_hat": 3.408959987331976e-06,
  "R_hat": 5.888799756206868,
  "ll2": -84.45270162784071,
  "aic2": 180.90540325568142,
  "ll1": -85.76935676598247,
  "aic1": 179.53871353196493,
  "LR": 2.6333102762835097,
  "lrt_p": 0.26803032868428245,
  "R_lo": 0.0013240655804485461,
  "R_hi": 85.95037732278881,
  "R_covered": true,
  "n_boot_ok": 44,
  "ks_p": 0.870471240801357
}