{
  "rep": 163,
  "scenario": "C",
  "status": "ok",
  "n": 71,
  "n_sh": 47,
  "n_ns": 24,
  "true_mu": 0.8,
  "true_beta": 4.0,
  "true_Ksh": 0.12,
  "true_Kns": 0.08,
  "true_ash": 0.8,
  "true_ans": 0.7,
  "true_R": 1.5,
  "mu_hat": 0.5440159325777607,
  "beta_hat": 1.221918908920504,
  "Ksh_hat": 0.17034274387060017,
  "Kns_hat": 0.05688303721020858,
  "ash_hat": 1.278151621676485,
  "ans_hat": 2.25,
  "R_hat": 2.9946140752137866,
  "ll2": -80.45718594609171,
  "aic2": 172.91437189218342,
  "ll1": -80.8978565028414,
  "aic1": 169.7957130056828,
  "LR": 0.8813411134993885,
  "lrt_p": 0.6436047028758908,
  "R_lo": 1.4411581296297167e-07,
  "R_hi": 19.03191233434936,
  "R_covered": true,
  "n_boot_ok": 41,
  "ks_p": 0.43638933768969235
}