{
  "rep": 152,
  "scenario": "C",
  "status": "ok",
  "n": 79,
  "n_sh": 58,
  "n_ns": 21,
  "true_mu": 0.8,
  "true_beta": 4.0,
  "true_Ksh": 0.12,
  "true_Kns": 0.08,
  "true_ash": 0.8,
  "true_ans": 0.7,
  "true_R": 1.5,
  "mu_hat": 0.7111547246623066,
  "beta_hat": 0.7645593502282869,
  "Ksh_hat": 0.16603657807553754,
  "Kns_hat": 4.045780717815351e-07,
  "ash_hat": 1.1205015551897564,
  "ans_hat": 0.06401545496993132,
  "R_hat": 410394.40754761006,
  "ll2": -88.21450729302265,
  "aic2": 188.4290145860453,
  "ll1": -88.57844591503583,
  "aic1": 185.15689183007166,
  "LR": 0.7278772440263594,
  "lrt_p": 0.6949338470744469,
  "R_lo": 4.36582734136524e-08,
  "R_hi": 16.229676822816497,
  "R_covered": true,
  "n_boot_ok": 39,
  "ks_p": 0.9924292097851313
}