{
  "rep": 23,
  "scenario": "C",
  "status": "ok",
  "n": 84,
  "n_sh": 53,
  "n_ns": 31,
  "true_mu": 0.8,
  "true_beta": 4.0,
  "true_Ksh": 0.12,
  "true_Kns": 0.08,
  "true_ash": 0.8,
  "true_ans": 0.7,
  "true_R": 1.5,
  "mu_hat": 0.8782578530488704,
  "beta_hat": 2.022168825889517,
  "Ksh_hat": 0.029053668323027443,
  "Kns_hat": 5.517325299869753e-08,
  "ash_hat": 2.25,
  "ans_hat": 0.050409238540295484,
  "R_hat": 526589.728608413,
  "ll2": -89.40954648830514,
  "aic2": 190.81909297661028,
  "ll1": -89.78836337783113,
  "aic1": 187.57672675566226,
  "LR": 0.7576337790519858,
  "lrt_p": 0.6846709716148112,
  "R_lo": 8.865553407874857e-07,
  "R_hi": 22.354370855043936,
  "R_covered": true,
  "n_boot_ok": 43,
  "ks_p": 0.7326403829255586
}