{
  "rep": 12,
  "scenario": "C",
  "status": "ok",
  "n": 94,
  "n_sh": 41,
  "n_ns": 53,
  "true_mu": 0.8,
  "true_beta": 4.0,
  "true_Ksh": 0.12,
  "true_Kns": 0.08,
  "true_ash": 0.8,
  "true_ans": 0.7,
  "true_R": 1.5,
  "mu_hat": 0.8001066563590873,
  "beta_hat": 2.709547158271256,
  "Ksh_hat": 0.11545567766054096,
  "Kns_hat": 0.14570495022405047,
  "ash_hat": 1.8517189196272386,
  "ans_hat": 0.010708519694927043,
  "R_hat": 0.792393652260989,
  "ll2": -84.57313456138547,
  "aic2": 181.14626912277095,
  "ll1": -85.62329294050821,
  "aic1": 179.24658588101641,
  "LR": 2.1003167582454694,
  "lrt_p": 0.3498823306661174,
  "R_lo": 0.04818071709164735,
  "R_hi": 181.77885470484506,
  "R_covered": true,
  "n_boot_ok": 38,
  "ks_p": 0.6426511441321502
}