{
  "rep": 199,
  "scenario": "C",
  "status": "ok",
  "n": 65,
  "n_sh": 33,
  "n_ns": 32,
  "true_mu": 0.8,
  "true_beta": 4.0,
  "true_Ksh": 0.12,
  "true_Kns": 0.08,
  "true_ash": 0.8,
  "true_ans": 0.7,
  "true_R": 1.5,
  "mu_hat": 0.6081452439368434,
  "beta_hat": 4.041924202354476,
  "Ksh_hat": 0.031001513791794177,
  "Kns_hat": 0.031679863650060265,
  "ash_hat": 2.25,
  "ans_hat": 2.25,
  "R_hat": 0.9785873491830891,
  "ll2": -80.5434660273706,
  "aic2": 173.0869320547412,
  "ll1": -80.54373111123752,
  "aic1": 169.08746222247504,
  "LR": 0.0005301677338422905,
  "lrt_p": 0.9997349512647028,
  "R_lo": 8.357613959432029e-05,
  "R_hi": 14.44073030506468,
  "R_covered": true,
  "n_boot_ok": 44,
  "ks_p": 0.9041509553942788
}