{
  "rep": 102,
  "scenario": "C",
  "status": "ok",
  "n": 67,
  "n_sh": 47,
  "n_ns": 20,
  "true_mu": 0.8,
  "true_beta": 4.0,
  "true_Ksh": 0.12,
  "true_Kns": 0.08,
  "true_ash": 0.8,
  "true_ans": 0.7,
  "true_R": 1.5,
  "mu_hat": 0.6282301679182988,
  "beta_hat": 4.3366261388559,
  "Ksh_hat": 0.014669859924138265,
  "Kns_hat": 0.20713106184243685,
  "ash_hat": 2.25,
  "ans_hat": 1.0000000000000004e-06,
  "R_hat": 0.07082404634847826,
  "ll2": -79.22423336237631,
  "aic2": 170.44846672475262,
  "ll1": -80.75921877759862,
  "aic1": 169.51843755519724,
  "LR": 3.0699708304446176,
  "lrt_p": 0.21545883356601547,
  "R_lo": 7.119863073547536e-08,
  "R_hi": 26.730046200927703,
  "R_covered": true,
  "n_boot_ok": 47,
  "ks_p": 0.6801272463257607
}