{
  "rep": 140,
  "scenario": "C",
  "status": "ok",
  "n": 107,
  "n_sh": 74,
  "n_ns": 33,
  "true_mu": 0.8,
  "true_beta": 4.0,
  "true_Ksh": 0.12,
  "true_Kns": 0.08,
  "true_ash": 0.8,
  "true_ans": 0.7,
  "true_R": 1.5,
  "mu_hat": 0.9077997392129398,
  "beta_hat": 4.74171675600686,
  "Ksh_hat": 0.24992344165155583,
  "Kns_hat": 0.09598414149756175,
  "ash_hat": 0.4473284564110224,
  "ans_hat": 0.00010014849227508028,
  "R_hat": 2.60379931259691,
  "ll2": -81.17804064875017,
  "aic2": 174.35608129750034,
  "ll1": -81.93524592993387,
  "aic1": 171.87049185986774,
  "LR": 1.5144105623674022,
  "lrt_p": 0.4689752512191717,
  "R_lo": 3.635094152453114e-08,
  "R_hi": 9.31920506261028,
  "R_covered": true,
  "n_boot_ok": 40,
  "ks_p": 0.5806383443510361
}