{
  "rep": 18,
  "scenario": "C",
  "status": "ok",
  "n": 89,
  "n_sh": 52,
  "n_ns": 37,
  "true_mu": 0.8,
  "true_beta": 4.0,
  "true_Ksh": 0.12,
  "true_Kns": 0.08,
  "true_ash": 0.8,
  "true_ans": 0.7,
  "true_R": 1.5,
  "mu_hat": 0.8055991221486799,
  "beta_hat": 5.550528185594282,
  "Ksh_hat": 0.10741706798459887,
  "Kns_hat": 0.2159405569956482,
  "ash_hat": 0.6209097781330872,
  "ans_hat": 0.2458763465572815,
  "R_hat": 0.4974381351936756,
  "ll2": -84.6972136895331,
  "aic2": 181.3944273790662,
  "ll1": -84.85173893804586,
  "aic1": 177.7034778760917,
  "LR": 0.3090504970255097,
  "lrt_p": 0.8568218583913676,
  "R_lo": 3.962985854844888e-07,
  "R_hi": 61.919587414055975,
  "R_covered": true,
  "n_boot_ok": 40,
  "ks_p": 0.9485195375317212
}