{
  "rep": 21,
  "scenario": "C",
  "status": "ok",
  "n": 89,
  "n_sh": 56,
  "n_ns": 33,
  "true_mu": 0.8,
  "true_beta": 4.0,
  "true_Ksh": 0.12,
  "true_Kns": 0.08,
  "true_ash": 0.8,
  "true_ans": 0.7,
  "true_R": 1.5,
  "mu_hat": 0.8890561368496902,
  "beta_hat": 6.080783346095562,
  "Ksh_hat": 0.1451371322065091,
  "Kns_hat": 9.999999999999982e-09,
  "ash_hat": 0.16897602881069806,
  "ans_hat": 0.005647106338280409,
  "R_hat": 14513713.220650936,
  "ll2": -88.0850621274057,
  "aic2": 188.1701242548114,
  "ll1": -89.45524700656293,
  "aic1": 186.91049401312586,
  "LR": 2.7403697583144435,
  "lrt_p": 0.2540599848147328,
  "R_lo": 1.6277391973163786e-08,
  "R_hi": 26.00854675597221,
  "R_covered": true,
  "n_boot_ok": 45,
  "ks_p": 0.5415382475575157
}