{
  "rep": 141,
  "scenario": "C",
  "status": "ok",
  "n": 85,
  "n_sh": 47,
  "n_ns": 38,
  "true_mu": 0.8,
  "true_beta": 4.0,
  "true_Ksh": 0.12,
  "true_Kns": 0.08,
  "true_ash": 0.8,
  "true_ans": 0.7,
  "true_R": 1.5,
  "mu_hat": 0.7261981414411335,
  "beta_hat": 2.1217442017826658,
  "Ksh_hat": 0.06003799263398757,
  "Kns_hat": 0.21841097244842247,
  "ash_hat": 2.25,
  "ans_hat": 1.0000000000000004e-06,
  "R_hat": 0.2748854233876253,
  "ll2": -83.89401789607551,
  "aic2": 179.78803579215102,
  "ll1": -84.73731612413151,
  "aic1": 177.47463224826302,
  "LR": 1.6865964561119995,
  "lrt_p": 0.4302889892292827,
  "R_lo": 0.001688942818601567,
  "R_hi": 21.821050905044473,
  "R_covered": true,
  "n_boot_ok": 42,
  "ks_p": 0.49280937762631116
}