{
  "rep": 109,
  "scenario": "C",
  "status": "ok",
  "n": 75,
  "n_sh": 39,
  "n_ns": 36,
  "true_mu": 0.8,
  "true_beta": 4.0,
  "true_Ksh": 0.12,
  "true_Kns": 0.08,
  "true_ash": 0.8,
  "true_ans": 0.7,
  "true_R": 1.5,
  "mu_hat": 0.672627011214393,
  "beta_hat": 5.493446296836086,
  "Ksh_hat": 0.08105396495660434,
  "Kns_hat": 0.1322780831532618,
  "ash_hat": 1.6012101655007862,
  "ans_hat": 1.0000000000000004e-06,
  "R_hat": 0.6127543053575437,
  "ll2": -79.68982562422781,
  "aic2": 171.37965124845562,
  "ll1": -80.95826261599704,
  "aic1": 169.9165252319941,
  "LR": 2.53687398353847,
  "lrt_p": 0.2812709071285564,
  "R_lo": 4.329309469317127e-08,
  "R_hi": 15.30592797084354,
  "R_covered": true,
  "n_boot_ok": 45,
  "ks_p": 0.4171045493616957
}