{
  "rep": 90,
  "scenario": "C",
  "status": "ok",
  "n": 91,
  "n_sh": 53,
  "n_ns": 38,
  "true_mu": 0.8,
  "true_beta": 4.0,
  "true_Ksh": 0.12,
  "true_Kns": 0.08,
  "true_ash": 0.8,
  "true_ans": 0.7,
  "true_R": 1.5,
  "mu_hat": 0.7511049028359984,
  "beta_hat": 1.1246752842654182,
  "Ksh_hat": 0.0735367581621396,
  "Kns_hat": 0.33870051249268635,
  "ash_hat": 2.591167135689423e-05,
  "ans_hat": 0.8072723470801595,
  "R_hat": 0.21711439885620928,
  "ll2": -87.03320896448572,
  "aic2": 186.06641792897145,
  "ll1": -87.66264481490855,
  "aic1": 183.3252896298171,
  "LR": 1.2588717008456456,
  "lrt_p": 0.5328923472147802,
  "R_lo": 0.04044341046286576,
  "R_hi": 28.365509905908525,
  "R_covered": true,
  "n_boot_ok": 40,
  "ks_p": 0.9766637598842888
}