{
  "rep": 69,
  "scenario": "C",
  "status": "ok",
  "n": 86,
  "n_sh": 58,
  "n_ns": 28,
  "true_mu": 0.8,
  "true_beta": 4.0,
  "true_Ksh": 0.12,
  "true_Kns": 0.08,
  "true_ash": 0.8,
  "true_ans": 0.7,
  "true_R": 1.5,
  "mu_hat": 0.7950926781528214,
  "beta_hat": 10.000000000000002,
  "Ksh_hat": 0.21363126650586758,
  "Kns_hat": 0.0467888229679027,
  "ash_hat": 1.3457413905936469e-05,
  "ans_hat": 0.8220776042509929,
  "R_hat": 4.565861095766811,
  "ll2": -82.50602145378352,
  "aic2": 177.01204290756704,
  "ll1": -83.27310290501097,
  "aic1": 174.54620581002195,
  "LR": 1.5341629024549093,
  "lrt_p": 0.4643663684089808,
  "R_lo": 3.68385673177362e-08,
  "R_hi": 11.281452899784568,
  "R_covered": true,
  "n_boot_ok": 41,
  "ks_p": 0.9691956866155643
}