{
  "rep": 126,
  "scenario": "C",
  "status": "ok",
  "n": 102,
  "n_sh": 57,
  "n_ns": 45,
  "true_mu": 0.8,
  "true_beta": 4.0,
  "true_Ksh": 0.12,
  "true_Kns": 0.08,
  "true_ash": 0.8,
  "true_ans": 0.7,
  "true_R": 1.5,
  "mu_hat": 1.0907173228477305,
  "beta_hat": 10.000000000000002,
  "Ksh_hat": 0.004542585668502622,
  "Kns_hat": 0.048140935363845755,
  "ash_hat": 2.25,
  "ans_hat": 1.1357313594918858e-05,
  "R_hat": 0.09436014556364732,
  "ll2": -88.04544537822652,
  "aic2": 188.09089075645304,
  "ll1": -88.41020937072138,
  "aic1": 184.82041874144275,
  "LR": 0.7295279849897156,
  "lrt_p": 0.6943605058323696,
  "R_lo": 1.6850432156756802e-07,
  "R_hi": 22.082853605011156,
  "R_covered": true,
  "n_boot_ok": 43,
  "ks_p": 0.8448836534156033
}