{
  "rep": 192,
  "scenario": "C",
  "status": "ok",
  "n": 72,
  "n_sh": 48,
  "n_ns": 24,
  "true_mu": 0.8,
  "true_beta": 4.0,
  "true_Ksh": 0.12,
  "true_Kns": 0.08,
  "true_ash": 0.8,
  "true_ans": 0.7,
  "true_R": 1.5,
  "mu_hat": 0.5710120252215287,
  "beta_hat": 2.6702049308997573,
  "Ksh_hat": 0.08625937098183821,
  "Kns_hat": 0.12400991595330768,
  "ash_hat": 2.25,
  "ans_hat": 1.0000000000000004e-06,
  "R_hat": 0.6955844645061824,
  "ll2": -74.9661131902556,
  "aic2": 161.9322263805112,
  "ll1": -78.29527315087712,
  "aic1": 164.59054630175424,
  "LR": 6.658319921243049,
  "lrt_p": 0.035823185317918504,
  "R_lo": 0.010540393355501857,
  "R_hi": 16.29385646609136,
  "R_covered": true,
  "n_boot_ok": 45,
  "ks_p": 0.9121013449427988
}