{
  "rep": 60,
  "scenario": "C",
  "status": "ok",
  "n": 82,
  "n_sh": 56,
  "n_ns": 26,
  "true_mu": 0.8,
  "true_beta": 4.0,
  "true_Ksh": 0.12,
  "true_Kns": 0.08,
  "true_ash": 0.8,
  "true_ans": 0.7,
  "true_R": 1.5,
  "mu_hat": 0.723838460307812,
  "beta_hat": 5.677131521566123,
  "Ksh_hat": 0.22387694889857654,
  "Kns_hat": 0.16851748101395708,
  "ash_hat": 1.0737653705922414e-06,
  "ans_hat": 2.112624020858123e-06,
  "R_hat": 1.3285087550058645,
  "ll2": -84.20758698843306,
  "aic2": 180.41517397686613,
  "ll1": -84.24937305731937,
  "aic1": 176.49874611463875,
  "LR": 0.08357213777262018,
  "lrt_p": 0.959074934596158,
  "R_lo": 0.09678255220716969,
  "R_hi": 68.82127421772698,
  "R_covered": true,
  "n_boot_ok": 42,
  "ks_p": 0.5518288938203428
}