{
  "rep": 11,
  "scenario": "C",
  "status": "ok",
  "n": 87,
  "n_sh": 49,
  "n_ns": 38,
  "true_mu": 0.8,
  "true_beta": 4.0,
  "true_Ksh": 0.12,
  "true_Kns": 0.08,
  "true_ash": 0.8,
  "true_ans": 0.7,
  "true_R": 1.5,
  "mu_hat": 0.7132687792244614,
  "beta_hat": 0.08536407211761998,
  "Ksh_hat": 8.545296840138928e-08,
  "Kns_hat": 0.27882279435223367,
  "ash_hat": 0.8646935005163735,
  "ans_hat": 1.5543021807744135,
  "R_hat": 3.06477698854985e-07,
  "ll2": -88.46248779109891,
  "aic2": 188.92497558219782,
  "ll1": -88.70770396557566,
  "aic1": 185.41540793115132,
  "LR": 0.4904323489535045,
  "lrt_p": 0.7825353557849855,
  "R_lo": 5.4956445009323906e-08,
  "R_hi": 54.058136039298795,
  "R_covered": true,
  "n_boot_ok": 38,
  "ks_p": 0.9873394574640433
}