{
  "rep": 167,
  "scenario": "C",
  "status": "ok",
  "n": 81,
  "n_sh": 54,
  "n_ns": 27,
  "true_mu": 0.8,
  "true_beta": 4.0,
  "true_Ksh": 0.12,
  "true_Kns": 0.08,
  "true_ash": 0.8,
  "true_ans": 0.7,
  "true_R": 1.5,
  "mu_hat": 0.842245281419899,
  "beta_hat": 2.795822222700529,
  "Ksh_hat": 0.01262056308759947,
  "Kns_hat": 9.712800024514344e-08,
  "ash_hat": 2.159936937235876,
  "ans_hat": 0.7207679627522423,
  "R_hat": 129937.43365194548,
  "ll2": -87.93196736330357,
  "aic2": 187.86393472660714,
  "ll1": -88.04329071802101,
  "aic1": 184.08658143604202,
  "LR": 0.2226467094348834,
  "lrt_p": 0.8946494130443261,
  "R_lo": 2.1367445867537987e-07,
  "R_hi": 19.30272257071686,
  "R_covered": true,
  "n_boot_ok": 43,
  "ks_p": 0.59985005196654
}