{
  "rep": 122,
  "scenario": "C",
  "status": "ok",
  "n": 80,
  "n_sh": 54,
  "n_ns": 26,
  "true_mu": 0.8,
  "true_beta": 4.0,
  "true_Ksh": 0.12,
  "true_Kns": 0.08,
  "true_ash": 0.8,
  "true_ans": 0.7,
  "true_R": 1.5,
  "mu_hat": 0.7214411904253286,
  "beta_hat": 4.068893574781695,
  "Ksh_hat": 0.043884811528011526,
  "Kns_hat": 0.07026737517342867,
  "ash_hat": 2.25,
  "ans_hat": 2.25,
  "R_hat": 0.6245403563132723,
  "ll2": -82.92215560927751,
  "aic2": 177.84431121855502,
  "ll1": -82.97679456956176,
  "aic1": 173.95358913912352,
  "LR": 0.10927792056850194,
  "lrt_p": 0.9468269283767026,
  "R_lo": 8.140583561264234e-08,
  "R_hi": 231.66865387361582,
  "R_covered": true,
  "n_boot_ok": 41,
  "ks_p": 0.9738855950333163
}