{
  "rep": 77,
  "scenario": "C",
  "status": "ok",
  "n": 74,
  "n_sh": 42,
  "n_ns": 32,
  "true_mu": 0.8,
  "true_beta": 4.0,
  "true_Ksh": 0.12,
  "true_Kns": 0.08,
  "true_ash": 0.8,
  "true_ans": 0.7,
  "true_R": 1.5,
  "mu_hat": 0.7714645056960701,
  "beta_hat": 10.000000000000002,
  "Ksh_hat": 0.04391762959180561,
  "Kns_hat": 2.7920269870950128e-08,
  "ash_hat": 2.25,
  "ans_hat": 0.0076883793677992905,
  "R_hat": 1572965.7984968142,
  "ll2": -86.74524215257213,
  "aic2": 185.49048430514426,
  "ll1": -87.40633381818584,
  "aic1": 182.81266763637169,
  "LR": 1.3221833312274214,
  "lrt_p": 0.516287413525002,
  "R_lo": 4.3003309601068225e-07,
  "R_hi": 29.99153706469896,
  "R_covered": true,
  "n_boot_ok": 45,
  "ks_p": 0.6415124088919876
}