{
  "rep": 193,
  "scenario": "C",
  "status": "ok",
  "n": 66,
  "n_sh": 37,
  "n_ns": 29,
  "true_mu": 0.8,
  "true_beta": 4.0,
  "true_Ksh": 0.12,
  "true_Kns": 0.08,
  "true_ash": 0.8,
  "true_ans": 0.7,
  "true_R": 1.5,
  "mu_hat": 0.6069318560743344,
  "beta_hat": 5.280307525752908,
  "Ksh_hat": 0.2750162517014886,
  "Kns_hat": 0.041351825496553196,
  "ash_hat": 1.0000000000000004e-06,
  "ans_hat": 1.0000000000000004e-06,
  "R_hat": 6.6506435544039535,
  "ll2": -82.51803555426434,
  "aic2": 177.0360711085287,
  "ll1": -83.36135170434426,
  "aic1": 174.72270340868852,
  "LR": 1.686632300159829,
  "lrt_p": 0.4302812776488313,
  "R_lo": 2.3573672267123726e-08,
  "R_hi": 14.848759698485285,
  "R_covered": true,
  "n_boot_ok": 45,
  "ks_p": 0.9233341561503278
}