{
  "rep": 182,
  "scenario": "C",
  "status": "ok",
  "n": 76,
  "n_sh": 40,
  "n_ns": 36,
  "true_mu": 0.8,
  "true_beta": 4.0,
  "true_Ksh": 0.12,
  "true_Kns": 0.08,
  "true_ash": 0.8,
  "true_ans": 0.7,
  "true_R": 1.5,
  "mu_hat": 0.45976542659878133,
  "beta_hat": 0.47933094854217156,
  "Ksh_hat": 0.3780747823595026,
  "Kns_hat": 0.40078877978610267,
  "ash_hat": 1.2543453350332365e-06,
  "ans_hat": 0.6464043483611228,
  "R_hat": 0.9433267631925167,
  "ll2": -85.42839264806723,
  "aic2": 182.85678529613446,
  "ll1": -85.60679066126855,
  "aic1": 179.2135813225371,
  "LR": 0.35679602640263397,
  "lrt_p": 0.8366093756385945,
  "R_lo": 1.830855829554134e-08,
  "R_hi": 37.10419469406452,
  "R_covered": true,
  "n_boot_ok": 40,
  "ks_p": 0.8165827703203756
}