{
  "rep": 62,
  "scenario": "C",
  "status": "ok",
  "n": 84,
  "n_sh": 58,
  "n_ns": 26,
  "true_mu": 0.8,
  "true_beta": 4.0,
  "true_Ksh": 0.12,
  "true_Kns": 0.08,
  "true_ash": 0.8,
  "true_ans": 0.7,
  "true_R": 1.5,
  "mu_hat": 0.8344676046302788,
  "beta_hat": 10.000000000000002,
  "Ksh_hat": 0.11318603616555765,
  "Kns_hat": 0.08974949982301014,
  "ash_hat": 1.0000000000000004e-06,
  "ans_hat": 1.0000000000000004e-06,
  "R_hat": 1.261132779444625,
  "ll2": -87.2307119376818,
  "aic2": 186.4614238753636,
  "ll1": -87.24421893656263,
  "aic1": 182.48843787312526,
  "LR": 0.027013997761656583,
  "lrt_p": 0.9865838113110466,
  "R_lo": 1.1958897768179754e-07,
  "R_hi": 115.17762393782549,
  "R_covered": true,
  "n_boot_ok": 44,
  "ks_p": 0.9437506227929302
}