{
  "rep": 129,
  "scenario": "C",
  "status": "ok",
  "n": 74,
  "n_sh": 40,
  "n_ns": 34,
  "true_mu": 0.8,
  "true_beta": 4.0,
  "true_Ksh": 0.12,
  "true_Kns": 0.08,
  "true_ash": 0.8,
  "true_ans": 0.7,
  "true_R": 1.5,
  "mu_hat": 0.7208030010456453,
  "beta_hat": 4.149244110541213,
  "Ksh_hat": 0.12511439456620022,
  "Kns_hat": 9.999999999999982e-09,
  "ash_hat": 0.9580932555341481,
  "ans_hat": 7.7361925500482e-06,
  "R_hat": 12511439.456620043,
  "ll2": -85.37977424864292,
  "aic2": 182.75954849728583,
  "ll1": -86.44434718020645,
  "aic1": 180.8886943604129,
  "LR": 2.1291458631270643,
  "lrt_p": 0.3448751085946553,
  "R_lo": 0.00221878127402806,
  "R_hi": 19.231354872607014,
  "R_covered": true,
  "n_boot_ok": 44,
  "ks_p": 0.5270081233270252
}