{
  "rep": 187,
  "scenario": "C",
  "status": "ok",
  "n": 96,
  "n_sh": 54,
  "n_ns": 42,
  "true_mu": 0.8,
  "true_beta": 4.0,
  "true_Ksh": 0.12,
  "true_Kns": 0.08,
  "true_ash": 0.8,
  "true_ans": 0.7,
  "true_R": 1.5,
  "mu_hat": 0.9819385051118747,
  "beta_hat": 10.000000000000002,
  "Ksh_hat": 0.008984065972653483,
  "Kns_hat": 0.16063286755647294,
  "ash_hat": 1.0582049345892972,
  "ans_hat": 1.0000000000000004e-06,
  "R_hat": 0.055929188772621506,
  "ll2": -87.33774597887026,
  "aic2": 186.67549195774052,
  "ll1": -88.43375385277469,
  "aic1": 184.86750770554937,
  "LR": 2.1920157478088527,
  "lrt_p": 0.33420260306600413,
  "R_lo": 9.739873344276091e-08,
  "R_hi": 34.61751680996413,
  "R_covered": true,
  "n_boot_ok": 43,
  "ks_p": 0.7707424413303119
}