{
  "rep": 132,
  "scenario": "C",
  "status": "ok",
  "n": 88,
  "n_sh": 54,
  "n_ns": 34,
  "true_mu": 0.8,
  "true_beta": 4.0,
  "true_Ksh": 0.12,
  "true_Kns": 0.08,
  "true_ash": 0.8,
  "true_ans": 0.7,
  "true_R": 1.5,
  "mu_hat": 0.6975947367757742,
  "beta_hat": 4.097224326364405,
  "Ksh_hat": 0.17648788049223177,
  "Kns_hat": 0.20570679455735963,
  "ash_hat": 1.051482307289636,
  "ans_hat": 0.5291969464499181,
  "R_hat": 0.8579584396908173,
  "ll2": -80.72682119416739,
  "aic2": 173.45364238833477,
  "ll1": -80.98511355149932,
  "aic1": 169.97022710299865,
  "LR": 0.5165847146638782,
  "lrt_p": 0.7723693912409255,
  "R_lo": 7.030156113975391e-08,
  "R_hi": 20.178475801556736,
  "R_covered": true,
  "n_boot_ok": 42,
  "ks_p": 0.9540016000336901
}