{
  "rep": 123,
  "scenario": "C",
  "status": "ok",
  "n": 91,
  "n_sh": 53,
  "n_ns": 38,
  "true_mu": 0.8,
  "true_beta": 4.0,
  "true_Ksh": 0.12,
  "true_Kns": 0.08,
  "true_ash": 0.8,
  "true_ans": 0.7,
  "true_R": 1.5,
  "mu_hat": 0.861355166957214,
  "beta_hat": 1.9581205176036085,
  "Ksh_hat": 0.006488513935961874,
  "Kns_hat": 0.030726924164217146,
  "ash_hat": 2.25,
  "ans_hat": 2.25,
  "R_hat": 0.21116705015069598,
  "ll2": -80.80448115157137,
  "aic2": 173.60896230314273,
  "ll1": -81.38016519972412,
  "aic1": 170.76033039944824,
  "LR": 1.1513680963055037,
  "lrt_p": 0.5623200832018491,
  "R_lo": 2.7303436209817154e-07,
  "R_hi": 24.52787071889578,
  "R_covered": true,
  "n_boot_ok": 43,
  "ks_p": 0.9264522430825166
}