{
  "rep": 91,
  "scenario": "C",
  "status": "ok",
  "n": 81,
  "n_sh": 44,
  "n_ns": 37,
  "true_mu": 0.8,
  "true_beta": 4.0,
  "true_Ksh": 0.12,
  "true_Kns": 0.08,
  "true_ash": 0.8,
  "true_ans": 0.7,
  "true_R": 1.5,
  "mu_hat": 0.7254837689256676,
  "beta_hat": 6.715814468546857,
  "Ksh_hat": 0.196085032926139,
  "Kns_hat": 9.999999999999982e-09,
  "ash_hat": 0.7538563944038331,
  "ans_hat": 0.06001795247119562,
  "R_hat": 19608503.292613935,
  "ll2": -79.18427175379283,
  "aic2": 170.36854350758566,
  "ll1": -81.76874708099605,
  "aic1": 171.5374941619921,
  "LR": 5.168950654406444,
  "lrt_p": 0.07543564825246796,
  "R_lo": 1.6757912333813046e-08,
  "R_hi": 15.442066825482637,
  "R_covered": true,
  "n_boot_ok": 41,
  "ks_p": 0.7338413730291031
}