{
  "rep": 20,
  "scenario": "C",
  "status": "ok",
  "n": 90,
  "n_sh": 50,
  "n_ns": 40,
  "true_mu": 0.8,
  "true_beta": 4.0,
  "true_Ksh": 0.12,
  "true_Kns": 0.08,
  "true_ash": 0.8,
  "true_ans": 0.7,
  "true_R": 1.5,
  "mu_hat": 0.89357743903901,
  "beta_hat": 6.144639156006463,
  "Ksh_hat": 0.06972649994118402,
  "Kns_hat": 0.09599641992440985,
  "ash_hat": 0.3034166902273639,
  "ans_hat": 0.8938548805726632,
  "R_hat": 0.7263447949005654,
  "ll2": -88.35957065195424,
  "aic2": 188.7191413039085,
  "ll1": -88.46364898399423,
  "aic1": 184.92729796798847,
  "LR": 0.20815666407997924,
  "lrt_p": 0.9011547053700133,
  "R_lo": 3.605339096329773e-08,
  "R_hi": 8.103428251701597,
  "R_covered": true,
  "n_boot_ok": 46,
  "ks_p": 0.6074052783771929
}