{
  "rep": 6,
  "scenario": "C",
  "status": "ok",
  "n": 94,
  "n_sh": 62,
  "n_ns": 32,
  "true_mu": 0.8,
  "true_beta": 4.0,
  "true_Ksh": 0.12,
  "true_Kns": 0.08,
  "true_ash": 0.8,
  "true_ans": 0.7,
  "true_R": 1.5,
  "mu_hat": 0.8399906171048667,
  "beta_hat": 1.7842171633301094,
  "Ksh_hat": 0.07305539162145978,
  "Kns_hat": 0.08215125223193191,
  "ash_hat": 1.8949010869222889,
  "ans_hat": 7.219643828537306e-06,
  "R_hat": 0.8892790996685915,
  "ll2": -86.30193083236308,
  "aic2": 184.60386166472617,
  "ll1": -86.73914807101637,
  "aic1": 181.47829614203275,
  "LR": 0.8744344773065791,
  "lrt_p": 0.6458311166882438,
  "R_lo": 5.451614673954748e-08,
  "R_hi": 52.2686373578841,
  "R_covered": true,
  "n_boot_ok": 42,
  "ks_p": 0.7548245437039349
}