{
  "rep": 148,
  "scenario": "C",
  "status": "ok",
  "n": 72,
  "n_sh": 44,
  "n_ns": 28,
  "true_mu": 0.8,
  "true_beta": 4.0,
  "true_Ksh": 0.12,
  "true_Kns": 0.08,
  "true_ash": 0.8,
  "true_ans": 0.7,
  "true_R": 1.5,
  "mu_hat": 0.7524658628661465,
  "beta_hat": 4.540788854709881,
  "Ksh_hat": 0.05108017862092119,
  "Kns_hat": 6.133052257159879e-08,
  "ash_hat": 1.026936862660667,
  "ans_hat": 0.0166681129453229,
  "R_hat": 832867.1675883555,
  "ll2": -87.42491165055498,
  "aic2": 186.84982330110995,
  "ll1": -88.03617669509013,
  "aic1": 184.07235339018027,
  "LR": 1.2225300890703181,
  "lrt_p": 0.5426639406160592,
  "R_lo": 1.47790217544096e-07,
  "R_hi": 18.937215501930893,
  "R_covered": true,
  "n_boot_ok": 46,
  "ks_p": 0.7006928195236675
}