{
  "rep": 197,
  "scenario": "C",
  "status": "ok",
  "n": 83,
  "n_sh": 47,
  "n_ns": 36,
  "true_mu": 0.8,
  "true_beta": 4.0,
  "true_Ksh": 0.12,
  "true_Kns": 0.08,
  "true_ash": 0.8,
  "true_ans": 0.7,
  "true_R": 1.5,
  "mu_hat": 0.7930167196797889,
  "beta_hat": 3.444476304757672,
  "Ksh_hat": 0.06960890458317669,
  "Kns_hat": 0.07015387014733418,
  "ash_hat": 1.0000000000000004e-06,
  "ans_hat": 1.5155640712111784,
  "R_hat": 0.9922318531677158,
  "ll2": -86.44583251307343,
  "aic2": 184.89166502614685,
  "ll1": -87.95041533392703,
  "aic1": 183.90083066785405,
  "LR": 3.009165641707199,
  "lrt_p": 0.22210993413953506,
  "R_lo": 4.184737117954153e-08,
  "R_hi": 11.842644666445604,
  "R_covered": true,
  "n_boot_ok": 41,
  "ks_p": 0.9784629454642085
}