{
  "rep": 85,
  "scenario": "C",
  "status": "ok",
  "n": 83,
  "n_sh": 57,
  "n_ns": 26,
  "true_mu": 0.8,
  "true_beta": 4.0,
  "true_Ksh": 0.12,
  "true_Kns": 0.08,
  "true_ash": 0.8,
  "true_ans": 0.7,
  "true_R": 1.5,
  "mu_hat": 0.628993566154347,
  "beta_hat": 2.251412791308148,
  "Ksh_hat": 0.4303847904193551,
  "Kns_hat": 0.018388685834070457,
  "ash_hat": 3.884826489764839e-06,
  "ans_hat": 2.25,
  "R_hat": 23.404869401919985,
  "ll2": -80.86734716112699,
  "aic2": 173.73469432225397,
  "ll1": -82.320137233808,
  "aic1": 172.640274467616,
  "LR": 2.9055801453620234,
  "lrt_p": 0.23391673209954011,
  "R_lo": 5.1728363846655764e-08,
  "R_hi": 45.989405013964245,
  "R_covered": true,
  "n_boot_ok": 43,
  "ks_p": 0.9928267708833655
}