{
  "rep": 186,
  "scenario": "C",
  "status": "ok",
  "n": 98,
  "n_sh": 57,
  "n_ns": 41,
  "true_mu": 0.8,
  "true_beta": 4.0,
  "true_Ksh": 0.12,
  "true_Kns": 0.08,
  "true_ash": 0.8,
  "true_ans": 0.7,
  "true_R": 1.5,
  "mu_hat": 0.7012762003640192,
  "beta_hat": 0.27650561086575776,
  "Ksh_hat": 0.5715250790072828,
  "Kns_hat": 0.014081751522423006,
  "ash_hat": 1.0000000000000004e-06,
  "ans_hat": 2.25,
  "R_hat": 40.58622097522582,
  "ll2": -86.30460176523128,
  "aic2": 184.60920353046257,
  "ll1": -87.74912566606181,
  "aic1": 183.49825133212363,
  "LR": 2.8890478016610643,
  "lrt_p": 0.23585834178968879,
  "R_lo": 3.4344189130158197e-08,
  "R_hi": 20.137487705141766,
  "R_covered": true,
  "n_boot_ok": 43,
  "ks_p": 0.8449915757436842
}