{
  "rep": 61,
  "scenario": "C",
  "status": "ok",
  "n": 86,
  "n_sh": 47,
  "n_ns": 39,
  "true_mu": 0.8,
  "true_beta": 4.0,
  "true_Ksh": 0.12,
  "true_Kns": 0.08,
  "true_ash": 0.8,
  "true_ans": 0.7,
  "true_R": 1.5,
  "mu_hat": 0.8448121804978033,
  "beta_hat": 10.000000000000002,
  "Ksh_hat": 9.999999999999982e-09,
  "Kns_hat": 0.1725955033503594,
  "ash_hat": 0.05618565177637745,
  "ans_hat": 0.7562364693084214,
  "R_hat": 5.7938937028391357e-08,
  "ll2": -84.37538515321016,
  "aic2": 180.75077030642032,
  "ll1": -87.16677762700388,
  "aic1": 182.33355525400776,
  "LR": 5.582784947587442,
  "lrt_p": 0.06133574600396818,
  "R_lo": 1.56801529320867e-07,
  "R_hi": 90.55267114199096,
  "R_covered": true,
  "n_boot_ok": 46,
  "ks_p": 0.8739137976261491
}