{
  "rep": 145,
  "scenario": "C",
  "status": "ok",
  "n": 88,
  "n_sh": 54,
  "n_ns": 34,
  "true_mu": 0.8,
  "true_beta": 4.0,
  "true_Ksh": 0.12,
  "true_Kns": 0.08,
  "true_ash": 0.8,
  "true_ans": 0.7,
  "true_R": 1.5,
  "mu_hat": 0.8116966065154095,
  "beta_hat": 4.010853419260908,
  "Ksh_hat": 0.07535853936545388,
  "Kns_hat": 0.030038029890189208,
  "ash_hat": 1.7305602336835388,
  "ans_hat": 2.25,
  "R_hat": 2.50877103594823,
  "ll2": -84.6792021691787,
  "aic2": 181.3584043383574,
  "ll1": -84.9187761461242,
  "aic1": 177.8375522922484,
  "LR": 0.4791479538910153,
  "lrt_p": 0.7869630540655768,
  "R_lo": 6.717588200931365e-07,
  "R_hi": 17.722769255352183,
  "R_covered": true,
  "n_boot_ok": 46,
  "ks_p": 0.9630156581013273
}