{
  "rep": 170,
  "scenario": "C",
  "status": "ok",
  "n": 75,
  "n_sh": 45,
  "n_ns": 30,
  "true_mu": 0.8,
  "true_beta": 4.0,
  "true_Ksh": 0.12,
  "true_Kns": 0.08,
  "true_ash": 0.8,
  "true_ans": 0.7,
  "true_R": 1.5,
  "mu_hat": 0.6564791523993753,
  "beta_hat": 10.000000000000002,
  "Ksh_hat": 0.1808040533258907,
  "Kns_hat": 0.07894162837734138,
  "ash_hat": 0.9023372630094355,
  "ans_hat": 1.0000000000000004e-06,
  "R_hat": 2.2903512005306808,
  "ll2": -78.67705297318142,
  "aic2": 169.35410594636284,
  "ll1": -80.2230475121878,
  "aic1": 168.4460950243756,
  "LR": 3.091989078012773,
  "lrt_p": 0.21309982970571628,
  "R_lo": 2.501500809922748e-07,
  "R_hi": 23.369296977696752,
  "R_covered": true,
  "n_boot_ok": 48,
  "ks_p": 0.8881289850369329
}