{
  "rep": 125,
  "scenario": "C",
  "status": "ok",
  "n": 87,
  "n_sh": 46,
  "n_ns": 41,
  "true_mu": 0.8,
  "true_beta": 4.0,
  "true_Ksh": 0.12,
  "true_Kns": 0.08,
  "true_ash": 0.8,
  "true_ans": 0.7,
  "true_R": 1.5,
  "mu_hat": 0.8672761280934663,
  "beta_hat": 5.8913770257719875,
  "Ksh_hat": 0.04168259888542259,
  "Kns_hat": 0.08297947191365919,
  "ash_hat": 1.914286847357244,
  "ans_hat": 7.001686826650366e-06,
  "R_hat": 0.5023242245840474,
  "ll2": -87.84256705417715,
  "aic2": 187.6851341083543,
  "ll1": -88.7790402382139,
  "aic1": 185.5580804764278,
  "LR": 1.8729463680734852,
  "lrt_p": 0.39200794010114715,
  "R_lo": 4.1265343686994196e-07,
  "R_hi": 56.91792517069429,
  "R_covered": true,
  "n_boot_ok": 40,
  "ks_p": 0.5342275897479576
}