{
  "rep": 169,
  "scenario": "C",
  "status": "ok",
  "n": 78,
  "n_sh": 49,
  "n_ns": 29,
  "true_mu": 0.8,
  "true_beta": 4.0,
  "true_Ksh": 0.12,
  "true_Kns": 0.08,
  "true_ash": 0.8,
  "true_ans": 0.7,
  "true_R": 1.5,
  "mu_hat": 0.7696093038064323,
  "beta_hat": 10.000000000000002,
  "Ksh_hat": 0.11343908240710178,
  "Kns_hat": 0.10157220941604019,
  "ash_hat": 3.6731767901463717e-06,
  "ans_hat": 0.19506409426420115,
  "R_hat": 1.1168318879670602,
  "ll2": -86.73688308087159,
  "aic2": 185.47376616174319,
  "ll1": -86.74254221524924,
  "aic1": 181.4850844304985,
  "LR": 0.011318268755303507,
  "lrt_p": 0.9943568483596015,
  "R_lo": 1.9795999512470703e-08,
  "R_hi": 92.70701788527506,
  "R_covered": true,
  "n_boot_ok": 39,
  "ks_p": 0.7475227028951029
}