{
  "rep": 184,
  "scenario": "C",
  "status": "ok",
  "n": 76,
  "n_sh": 50,
  "n_ns": 26,
  "true_mu": 0.8,
  "true_beta": 4.0,
  "true_Ksh": 0.12,
  "true_Kns": 0.08,
  "true_ash": 0.8,
  "true_ans": 0.7,
  "true_R": 1.5,
  "mu_hat": 0.6284079532202409,
  "beta_hat": 3.420288985876469,
  "Ksh_hat": 0.22607504065314715,
  "Kns_hat": 0.006963017253690506,
  "ash_hat": 0.7576118486575822,
  "ans_hat": 2.25,
  "R_hat": 32.46797076846591,
  "ll2": -80.98856855699256,
  "aic2": 173.97713711398512,
  "ll1": -82.27635959199493,
  "aic1": 172.55271918398986,
  "LR": 2.5755820700047423,
  "lrt_p": 0.27587951870477223,
  "R_lo": 4.729855809179625e-07,
  "R_hi": 23.552643808351725,
  "R_covered": true,
  "n_boot_ok": 42,
  "ks_p": 0.8561997884261972
}