{
  "rep": 10,
  "scenario": "C",
  "status": "ok",
  "n": 54,
  "n_sh": 31,
  "n_ns": 23,
  "true_mu": 0.8,
  "true_beta": 4.0,
  "true_Ksh": 0.12,
  "true_Kns": 0.08,
  "true_ash": 0.8,
  "true_ans": 0.7,
  "true_R": 1.5,
  "mu_hat": 0.49648398893713036,
  "beta_hat": 5.3656475808245645,
  "Ksh_hat": 0.2150818408911656,
  "Kns_hat": 0.10070510041645238,
  "ash_hat": 0.09366978009757637,
  "ans_hat": 1.0000000000000004e-06,
  "R_hat": 2.135759162164812,
  "ll2": -78.51059540150398,
  "aic2": 169.02119080300795,
  "ll1": -78.76663306608972,
  "aic1": 165.53326613217945,
  "LR": 0.5120753291714948,
  "lrt_p": 0.7741128116047842,
  "R_lo": 1.0885503021861743e-08,
  "R_hi": 25.22017227505451,
  "R_covered": true,
  "n_boot_ok": 46,
  "ks_p": 0.8854009029643222
}