{
  "rep": 80,
  "scenario": "C",
  "status": "ok",
  "n": 76,
  "n_sh": 45,
  "n_ns": 31,
  "true_mu": 0.8,
  "true_beta": 4.0,
  "true_Ksh": 0.12,
  "true_Kns": 0.08,
  "true_ash": 0.8,
  "true_ans": 0.7,
  "true_R": 1.5,
  "mu_hat": 0.48392484370052075,
  "beta_hat": 0.11292248619998113,
  "Ksh_hat": 0.7649278636261849,
  "Kns_hat": 9.999999999999982e-09,
  "ash_hat": 1.0000000000000004e-06,
  "ans_hat": 0.03286145848849881,
  "R_hat": 76492786.36261863,
  "ll2": -86.97590014624164,
  "aic2": 185.95180029248328,
  "ll1": -87.35273384637689,
  "aic1": 182.70546769275379,
  "LR": 0.7536674002705013,
  "lrt_p": 0.68603015113159,
  "R_lo": 2.566118248288877e-07,
  "R_hi": 44.311252975438045,
  "R_covered": true,
  "n_boot_ok": 42,
  "ks_p": 0.8355761366185
}