{
  "rep": 52,
  "scenario": "C",
  "status": "ok",
  "n": 72,
  "n_sh": 42,
  "n_ns": 30,
  "true_mu": 0.8,
  "true_beta": 4.0,
  "true_Ksh": 0.12,
  "true_Kns": 0.08,
  "true_ash": 0.8,
  "true_ans": 0.7,
  "true_R": 1.5,
  "mu_hat": 0.7269702648177537,
  "beta_hat": 2.3188850944943162,
  "Ksh_hat": 0.034710453528662234,
  "Kns_hat": 2.1069547149754608e-07,
  "ash_hat": 2.25,
  "ans_hat": 0.13388478666522854,
  "R_hat": 164742.28554583102,
  "ll2": -85.45613374040053,
  "aic2": 182.91226748080106,
  "ll1": -85.60930448628595,
  "aic1": 179.2186089725719,
  "LR": 0.30634149177083714,
  "lrt_p": 0.8579832122005517,
  "R_lo": 0.0005862955800489517,
  "R_hi": 19.854144286740347,
  "R_covered": true,
  "n_boot_ok": 45,
  "ks_p": 0.9593976609414889
}