{
  "rep": 177,
  "scenario": "C",
  "status": "ok",
  "n": 82,
  "n_sh": 56,
  "n_ns": 26,
  "true_mu": 0.8,
  "true_beta": 4.0,
  "true_Ksh": 0.12,
  "true_Kns": 0.08,
  "true_ash": 0.8,
  "true_ans": 0.7,
  "true_R": 1.5,
  "mu_hat": 0.6588087703241057,
  "beta_hat": 0.8753017421408129,
  "Ksh_hat": 0.21171036427348744,
  "Kns_hat": 0.43157727117375366,
  "ash_hat": 1.0000000000000004e-06,
  "ans_hat": 2.0500965901857757e-06,
  "R_hat": 0.49055031025545487,
  "ll2": -87.47659753748664,
  "aic2": 186.95319507497328,
  "ll1": -87.63526944862681,
  "aic1": 183.27053889725363,
  "LR": 0.31734382228034974,
  "lrt_p": 0.8532762634862469,
  "R_lo": 2.137497540170998e-08,
  "R_hi": 51.7679434836227,
  "R_covered": true,
  "n_boot_ok": 44,
  "ks_p": 0.848043657834087
}