{
  "rep": 41,
  "scenario": "C",
  "status": "ok",
  "n": 97,
  "n_sh": 59,
  "n_ns": 38,
  "true_mu": 0.8,
  "true_beta": 4.0,
  "true_Ksh": 0.12,
  "true_Kns": 0.08,
  "true_ash": 0.8,
  "true_ans": 0.7,
  "true_R": 1.5,
  "mu_hat": 0.9440440815545553,
  "beta_hat": 5.293827218747628,
  "Ksh_hat": 0.03466102106001563,
  "Kns_hat": 0.13483244635829728,
  "ash_hat": 1.4737522328698767,
  "ans_hat": 0.8923437500192304,
  "R_hat": 0.25706736023990173,
  "ll2": -86.84636849571996,
  "aic2": 185.69273699143992,
  "ll1": -87.18460328039154,
  "aic1": 182.36920656078308,
  "LR": 0.676469569343169,
  "lrt_p": 0.7130278602323313,
  "R_lo": 2.468537910826732e-07,
  "R_hi": 7662.64708076278,
  "R_covered": true,
  "n_boot_ok": 41,
  "ks_p": 0.9348697215503214
}