{
  "rep": 8,
  "scenario": "C",
  "status": "ok",
  "n": 84,
  "n_sh": 54,
  "n_ns": 30,
  "true_mu": 0.8,
  "true_beta": 4.0,
  "true_Ksh": 0.12,
  "true_Kns": 0.08,
  "true_ash": 0.8,
  "true_ans": 0.7,
  "true_R": 1.5,
  "mu_hat": 0.7680895737660633,
  "beta_hat": 0.9365054191100196,
  "Ksh_hat": 0.16186211197204026,
  "Kns_hat": 0.2114437443439732,
  "ash_hat": 1.0000014285881094e-06,
  "ans_hat": 1.3475280503984088e-06,
  "R_hat": 0.7655091072769012,
  "ll2": -88.77807197905713,
  "aic2": 189.55614395811426,
  "ll1": -88.7869429852658,
  "aic1": 185.5738859705316,
  "LR": 0.017742012417329533,
  "lrt_p": 0.9911682250742202,
  "R_lo": 4.821144624189988e-08,
  "R_hi": 35.36640510271719,
  "R_covered": true,
  "n_boot_ok": 41,
  "ks_p": 0.7724744837581246
}