{
  "rep": 15,
  "scenario": "C",
  "status": "ok",
  "n": 94,
  "n_sh": 59,
  "n_ns": 35,
  "true_mu": 0.8,
  "true_beta": 4.0,
  "true_Ksh": 0.12,
  "true_Kns": 0.08,
  "true_ash": 0.8,
  "true_ans": 0.7,
  "true_R": 1.5,
  "mu_hat": 0.4915189772508412,
  "beta_hat": 0.5816011851753123,
  "Ksh_hat": 0.6461286450585404,
  "Kns_hat": 0.19994994683135592,
  "ash_hat": 0.2494477963119736,
  "ans_hat": 0.35087150801650674,
  "R_hat": 3.231451947339129,
  "ll2": -81.79532203851433,
  "aic2": 175.59064407702866,
  "ll1": -82.24914247433085,
  "aic1": 172.4982849486617,
  "LR": 0.9076408716330491,
  "lrt_p": 0.6351967815975559,
  "R_lo": 0.005464818432486999,
  "R_hi": 9.986234348743446,
  "R_covered": true,
  "n_boot_ok": 44,
  "ks_p": 0.9630398560250725
}