{
  "rep": 92,
  "scenario": "C",
  "status": "ok",
  "n": 82,
  "n_sh": 48,
  "n_ns": 34,
  "true_mu": 0.8,
  "true_beta": 4.0,
  "true_Ksh": 0.12,
  "true_Kns": 0.08,
  "true_ash": 0.8,
  "true_ans": 0.7,
  "true_R": 1.5,
  "mu_hat": 0.7693923736644158,
  "beta_hat": 1.8651906767334359,
  "Ksh_hat": 5.597848131315441e-07,
  "Kns_hat": 0.2980928269664662,
  "ash_hat": 0.0005873940559487384,
  "ans_hat": 0.5364882705843157,
  "R_hat": 1.8778875655217185e-06,
  "ll2": -87.52846664429866,
  "aic2": 187.05693328859732,
  "ll1": -88.5685522179741,
  "aic1": 185.1371044359482,
  "LR": 2.0801711473508817,
  "lrt_p": 0.3534244368366548,
  "R_lo": 0.0008474332904574611,
  "R_hi": 12.860107911144283,
  "R_covered": true,
  "n_boot_ok": 42,
  "ks_p": 0.6340389554177385
}