{
  "rep": 9,
  "scenario": "C",
  "status": "ok",
  "n": 79,
  "n_sh": 37,
  "n_ns": 42,
  "true_mu": 0.8,
  "true_beta": 4.0,
  "true_Ksh": 0.12,
  "true_Kns": 0.08,
  "true_ash": 0.8,
  "true_ans": 0.7,
  "true_R": 1.5,
  "mu_hat": 0.8325623267097982,
  "beta_hat": 10.000000000000002,
  "Ksh_hat": 0.012650450147722654,
  "Kns_hat": 0.01978308141996193,
  "ash_hat": 0.2233820003164915,
  "ans_hat": 1.9539897917434284,
  "R_hat": 0.6394580237109997,
  "ll2": -87.86098457173799,
  "aic2": 187.72196914347597,
  "ll1": -88.64110125020834,
  "aic1": 185.28220250041667,
  "LR": 1.5602333569406994,
  "lrt_p": 0.458352528313243,
  "R_lo": 8.72847136232929e-06,
  "R_hi": 20.631940497190993,
  "R_covered": true,
  "n_boot_ok": 44,
  "ks_p": 0.6202138886779143
}