{
  "rep": 160,
  "scenario": "C",
  "status": "ok",
  "n": 70,
  "n_sh": 46,
  "n_ns": 24,
  "true_mu": 0.8,
  "true_beta": 4.0,
  "true_Ksh": 0.12,
  "true_Kns": 0.08,
  "true_ash": 0.8,
  "true_ans": 0.7,
  "true_R": 1.5,
  "mu_hat": 0.6712052269489598,
  "beta_hat": 0.0001843194379945451,
  "Ksh_hat": 2.84821918215821e-08,
  "Kns_hat": 10.000000000000002,
  "ash_hat": 2.25,
  "ans_hat": 2.232988296890666,
  "R_hat": 2.8482191821582093e-09,
  "ll2": -85.92869604614269,
  "aic2": 183.85739209228538,
  "ll1": -86.11172829815692,
  "aic1": 180.22345659631384,
  "LR": 0.3660645040284578,
  "lrt_p": 0.8327412977197977,
  "R_lo": 2.1211957905336628e-07,
  "R_hi": 63.23518469553768,
  "R_covered": true,
  "n_boot_ok": 41,
  "ks_p": 0.9948599644716162
}