{
  "rep": 48,
  "scenario": "C",
  "status": "ok",
  "n": 73,
  "n_sh": 45,
  "n_ns": 28,
  "true_mu": 0.8,
  "true_beta": 4.0,
  "true_Ksh": 0.12,
  "true_Kns": 0.08,
  "true_ash": 0.8,
  "true_ans": 0.7,
  "true_R": 1.5,
  "mu_hat": 0.6293001269826388,
  "beta_hat": 4.035795968265454,
  "Ksh_hat": 0.30264303040701973,
  "Kns_hat": 0.0067636959511965895,
  "ash_hat": 0.09641091084956555,
  "ans_hat": 2.25,
  "R_hat": 44.7452151295296,
  "ll2": -82.57997028739354,
  "aic2": 177.15994057478707,
  "ll1": -83.51684218479679,
  "aic1": 175.03368436959357,
  "LR": 1.8737437948065008,
  "lrt_p": 0.3918516724507223,
  "R_lo": 1.2328074246431895e-07,
  "R_hi": 149.2831607994273,
  "R_covered": true,
  "n_boot_ok": 41,
  "ks_p": 0.9039931815556099
}