{
  "rep": 97,
  "scenario": "C",
  "status": "ok",
  "n": 83,
  "n_sh": 51,
  "n_ns": 32,
  "true_mu": 0.8,
  "true_beta": 4.0,
  "true_Ksh": 0.12,
  "true_Kns": 0.08,
  "true_ash": 0.8,
  "true_ans": 0.7,
  "true_R": 1.5,
  "mu_hat": 0.7312579236954212,
  "beta_hat": 1.9253892794419702,
  "Ksh_hat": 5.286650551568867e-07,
  "Kns_hat": 0.5189622318679671,
  "ash_hat": 0.001807257119673058,
  "ans_hat": 0.12146143886852108,
  "R_hat": 1.018696588485823e-06,
  "ll2": -85.62464117553422,
  "aic2": 183.24928235106844,
  "ll1": -87.35461587735433,
  "aic1": 182.70923175470867,
  "LR": 3.4599494036402234,
  "lrt_p": 0.17728889499950395,
  "R_lo": 0.00672618775065783,
  "R_hi": 17.21700853499432,
  "R_covered": true,
  "n_boot_ok": 39,
  "ks_p": 0.8553107660339855
}