{
  "rep": 110,
  "scenario": "C",
  "status": "ok",
  "n": 86,
  "n_sh": 51,
  "n_ns": 35,
  "true_mu": 0.8,
  "true_beta": 4.0,
  "true_Ksh": 0.12,
  "true_Kns": 0.08,
  "true_ash": 0.8,
  "true_ans": 0.7,
  "true_R": 1.5,
  "mu_hat": 0.5548948514493932,
  "beta_hat": 0.30085727720419575,
  "Ksh_hat": 0.19190859506986055,
  "Kns_hat": 0.7553875323691362,
  "ash_hat": 1.2098949655570543e-06,
  "ans_hat": 1.001720645393748e-06,
  "R_hat": 0.25405316721070836,
  "ll2": -87.28545883837232,
  "aic2": 186.57091767674464,
  "ll1": -87.61090795673948,
  "aic1": 183.22181591347896,
  "LR": 0.6508982367343208,
  "lrt_p": 0.7222029261953915,
  "R_lo": 1.8140624449698752e-06,
  "R_hi": 45.42297267524607,
  "R_covered": true,
  "n_boot_ok": 43,
  "ks_p": 0.6859627478518935
}