{
  "rep": 83,
  "scenario": "C",
  "status": "ok",
  "n": 106,
  "n_sh": 74,
  "n_ns": 32,
  "true_mu": 0.8,
  "true_beta": 4.0,
  "true_Ksh": 0.12,
  "true_Kns": 0.08,
  "true_ash": 0.8,
  "true_ans": 0.7,
  "true_R": 1.5,
  "mu_hat": 0.9582113210714295,
  "beta_hat": 10.000000000000002,
  "Ksh_hat": 0.0716025458681935,
  "Kns_hat": 0.264643645127982,
  "ash_hat": 1.1121500085026912,
  "ans_hat": 1.0000000000000004e-06,
  "R_hat": 0.27056212074756764,
  "ll2": -79.20785612061832,
  "aic2": 170.41571224123663,
  "ll1": -80.66379396361259,
  "aic1": 169.32758792722518,
  "LR": 2.911875685988548,
  "lrt_p": 0.23318157361650982,
  "R_lo": 1.5168450625127383e-08,
  "R_hi": 41.39197267826185,
  "R_covered": true,
  "n_boot_ok": 41,
  "ks_p": 0.7274954013056825
}