{
  "rep": 165,
  "scenario": "C",
  "status": "ok",
  "n": 82,
  "n_sh": 49,
  "n_ns": 33,
  "true_mu": 0.8,
  "true_beta": 4.0,
  "true_Ksh": 0.12,
  "true_Kns": 0.08,
  "true_ash": 0.8,
  "true_ans": 0.7,
  "true_R": 1.5,
  "mu_hat": 0.7750042861007694,
  "beta_hat": 3.0089390205838793,
  "Ksh_hat": 0.2072989384092016,
  "Kns_hat": 0.010450955105607996,
  "ash_hat": 1.0000000000000004e-06,
  "ans_hat": 2.211694362169406,
  "R_hat": 19.83540607671013,
  "ll2": -87.10023708968632,
  "aic2": 186.20047417937263,
  "ll1": -87.86100683531414,
  "aic1": 183.7220136706283,
  "LR": 1.521539491255652,
  "lrt_p": 0.46730658133502245,
  "R_lo": 4.558361444697219e-08,
  "R_hi": 140.60307646215628,
  "R_covered": true,
  "n_boot_ok": 43,
  "ks_p": 0.9035212492881226
}