{
  "rep": 2,
  "scenario": "C",
  "status": "ok",
  "n": 105,
  "n_sh": 60,
  "n_ns": 45,
  "true_mu": 0.8,
  "true_beta": 4.0,
  "true_Ksh": 0.12,
  "true_Kns": 0.08,
  "true_ash": 0.8,
  "true_ans": 0.7,
  "true_R": 1.5,
  "mu_hat": 0.9282708574122636,
  "beta_hat": 6.059575786332612,
  "Ksh_hat": 0.07191551386419687,
  "Kns_hat": 0.2808359852660866,
  "ash_hat": 1.0445692759652365,
  "ans_hat": 1.0000000000000004e-06,
  "R_hat": 0.2560765629663105,
  "ll2": -81.28581693981643,
  "aic2": 174.57163387963286,
  "ll1": -82.22507305582992,
  "aic1": 172.45014611165985,
  "LR": 1.878512232026992,
  "lrt_p": 0.39091852525630244,
  "R_lo": 2.1654427778800493e-08,
  "R_hi": 20.462784388233747,
  "R_covered": true,
  "n_boot_ok": 38,
  "ks_p": 0.9779672049533746
}