{
  "rep": 71,
  "scenario": "C",
  "status": "ok",
  "n": 80,
  "n_sh": 53,
  "n_ns": 27,
  "true_mu": 0.8,
  "true_beta": 4.0,
  "true_Ksh": 0.12,
  "true_Kns": 0.08,
  "true_ash": 0.8,
  "true_ans": 0.7,
  "true_R": 1.5,
  "mu_hat": 0.7532164126159612,
  "beta_hat": 10.000000000000002,
  "Ksh_hat": 0.15385660337580462,
  "Kns_hat": 0.09638494693758409,
  "ash_hat": 1.0000000000000004e-06,
  "ans_hat": 0.9810401639051874,
  "R_hat": 1.5962721178384565,
  "ll2": -84.29993517556834,
  "aic2": 180.59987035113667,
  "ll1": -84.52353529902544,
  "aic1": 177.04707059805088,
  "LR": 0.4472002469142069,
  "lrt_p": 0.7996348256562451,
  "R_lo": 2.176539427912298e-08,
  "R_hi": 14.300397617567368,
  "R_covered": true,
  "n_boot_ok": 43,
  "ks_p": 0.942694432095476
}