{
  "rep": 181,
  "scenario": "C",
  "status": "ok",
  "n": 72,
  "n_sh": 40,
  "n_ns": 32,
  "true_mu": 0.8,
  "true_beta": 4.0,
  "true_Ksh": 0.12,
  "true_Kns": 0.08,
  "true_ash": 0.8,
  "true_ans": 0.7,
  "true_R": 1.5,
  "mu_hat": 0.6426494208974068,
  "beta_hat": 1.3883948847700094,
  "Ksh_hat": 1.1322463878364257e-08,
  "Kns_hat": 0.4538566330719659,
  "ash_hat": 0.21446532622679004,
  "ans_hat": 1.0000000000000004e-06,
  "R_hat": 2.4947225738945866e-08,
  "ll2": -85.16985321694827,
  "aic2": 182.33970643389654,
  "ll1": -85.7876287031059,
  "aic1": 179.5752574062118,
  "LR": 1.2355509723152522,
  "lrt_p": 0.5391424344287821,
  "R_lo": 6.682838207149794e-08,
  "R_hi": 283.8639286014338,
  "R_covered": true,
  "n_boot_ok": 41,
  "ks_p": 0.8577586374054649
}