{
  "rep": 45,
  "scenario": "C",
  "status": "ok",
  "n": 73,
  "n_sh": 45,
  "n_ns": 28,
  "true_mu": 0.8,
  "true_beta": 4.0,
  "true_Ksh": 0.12,
  "true_Kns": 0.08,
  "true_ash": 0.8,
  "true_ans": 0.7,
  "true_R": 1.5,
  "mu_hat": 0.6191124832893407,
  "beta_hat": 2.6135992821731455,
  "Ksh_hat": 0.09851618173866818,
  "Kns_hat": 9.999999999999982e-09,
  "ash_hat": 1.9580191177306474,
  "ans_hat": 0.04689618872515829,
  "R_hat": 9851618.173866834,
  "ll2": -78.00000557461536,
  "aic2": 168.00001114923072,
  "ll1": -81.94621172334583,
  "aic1": 171.89242344669165,
  "LR": 7.892412297460936,
  "lrt_p": 0.019327889994986802,
  "R_lo": 7.697604463670123e-08,
  "R_hi": 23.098082223504054,
  "R_covered": true,
  "n_boot_ok": 45,
  "ks_p": 0.8436715648780176
}