{
  "rep": 158,
  "scenario": "C",
  "status": "ok",
  "n": 80,
  "n_sh": 50,
  "n_ns": 30,
  "true_mu": 0.8,
  "true_beta": 4.0,
  "true_Ksh": 0.12,
  "true_Kns": 0.08,
  "true_ash": 0.8,
  "true_ans": 0.7,
  "true_R": 1.5,
  "mu_hat": 0.6937615354052443,
  "beta_hat": 0.7641723227877418,
  "Ksh_hat": 0.0421379341641413,
  "Kns_hat": 0.08180138012189338,
  "ash_hat": 2.25,
  "ans_hat": 2.25,
  "R_hat": 0.5151249783481767,
  "ll2": -86.29141971071047,
  "aic2": 184.58283942142094,
  "ll1": -86.40893255428657,
  "aic1": 180.81786510857313,
  "LR": 0.23502568715218786,
  "lrt_p": 0.8891290920759621,
  "R_lo": 3.979017754918154e-06,
  "R_hi": 28.97811337915995,
  "R_covered": true,
  "n_boot_ok": 42,
  "ks_p": 0.4638114840357279
}