{
  "rep": 175,
  "scenario": "C",
  "status": "ok",
  "n": 73,
  "n_sh": 44,
  "n_ns": 29,
  "true_mu": 0.8,
  "true_beta": 4.0,
  "true_Ksh": 0.12,
  "true_Kns": 0.08,
  "true_ash": 0.8,
  "true_ans": 0.7,
  "true_R": 1.5,
  "mu_hat": 0.6069219508267576,
  "beta_hat": 2.7572433092494366,
  "Ksh_hat": 0.028772217074549324,
  "Kns_hat": 0.2402442215582311,
  "ash_hat": 2.25,
  "ans_hat": 0.6265741896373599,
  "R_hat": 0.11976236884255478,
  "ll2": -76.3512301870771,
  "aic2": 164.7024603741542,
  "ll1": -76.9931550006504,
  "aic1": 161.9863100013008,
  "LR": 1.2838496271465942,
  "lrt_p": 0.5262784605865192,
  "R_lo": 0.031220587975066785,
  "R_hi": 45.76171212471612,
  "R_covered": true,
  "n_boot_ok": 42,
  "ks_p": 0.9649362738565219
}