{
  "rep": 42,
  "scenario": "C",
  "status": "ok",
  "n": 75,
  "n_sh": 45,
  "n_ns": 30,
  "true_mu": 0.8,
  "true_beta": 4.0,
  "true_Ksh": 0.12,
  "true_Kns": 0.08,
  "true_ash": 0.8,
  "true_ans": 0.7,
  "true_R": 1.5,
  "mu_hat": 0.6621260561316298,
  "beta_hat": 7.470893746636924,
  "Ksh_hat": 0.07401986353360403,
  "Kns_hat": 0.3448177864224336,
  "ash_hat": 1.0451435803746183,
  "ans_hat": 1.0000000000000004e-06,
  "R_hat": 0.21466370485576652,
  "ll2": -80.18736356656369,
  "aic2": 172.37472713312738,
  "ll1": -81.1586821225292,
  "aic1": 170.3173642450584,
  "LR": 1.9426371119310204,
  "lrt_p": 0.3785835252922528,
  "R_lo": 0.0041826338850777574,
  "R_hi": 371.4210776320173,
  "R_covered": true,
  "n_boot_ok": 43,
  "ks_p": 0.8415908398197519
}