{
  "rep": 180,
  "scenario": "C",
  "status": "ok",
  "n": 82,
  "n_sh": 54,
  "n_ns": 28,
  "true_mu": 0.8,
  "true_beta": 4.0,
  "true_Ksh": 0.12,
  "true_Kns": 0.08,
  "true_ash": 0.8,
  "true_ans": 0.7,
  "true_R": 1.5,
  "mu_hat": 0.7967982729130275,
  "beta_hat": 3.840968004505742,
  "Ksh_hat": 0.024255297260620656,
  "Kns_hat": 0.12854094325329465,
  "ash_hat": 1.447760215397295,
  "ans_hat": 1.380077273554551,
  "R_hat": 0.18869705361368558,
  "ll2": -86.710560614142,
  "aic2": 185.421121228284,
  "ll1": -87.56249647519518,
  "aic1": 183.12499295039035,
  "LR": 1.7038717221063564,
  "lrt_p": 0.42658831639299966,
  "R_lo": 2.1297101893528218e-07,
  "R_hi": 49.367254373769555,
  "R_covered": true,
  "n_boot_ok": 42,
  "ks_p": 0.4788391117834212
}