{
  "rep": 31,
  "scenario": "C",
  "status": "ok",
  "n": 90,
  "n_sh": 58,
  "n_ns": 32,
  "true_mu": 0.8,
  "true_beta": 4.0,
  "true_Ksh": 0.12,
  "true_Kns": 0.08,
  "true_ash": 0.8,
  "true_ans": 0.7,
  "true_R": 1.5,
  "mu_hat": 0.6115929806757577,
  "beta_hat": 1.2377230522662543,
  "Ksh_hat": 0.49681382006404917,
  "Kns_hat": 0.13743312530137713,
  "ash_hat": 0.1549413533618222,
  "ans_hat": 2.0352003309849834e-06,
  "R_hat": 3.6149495907524916,
  "ll2": -83.39669061510835,
  "aic2": 178.7933812302167,
  "ll1": -84.07174830577154,
  "aic1": 176.14349661154307,
  "LR": 1.3501153813263613,
  "lrt_p": 0.5091270478832559,
  "R_lo": 0.0022310530175912342,
  "R_hi": 17.219294942633027,
  "R_covered": true,
  "n_boot_ok": 45,
  "ks_p": 0.578230989048079
}