{
  "rep": 112,
  "scenario": "C",
  "status": "ok",
  "n": 102,
  "n_sh": 65,
  "n_ns": 37,
  "true_mu": 0.8,
  "true_beta": 4.0,
  "true_Ksh": 0.12,
  "true_Kns": 0.08,
  "true_ash": 0.8,
  "true_ans": 0.7,
  "true_R": 1.5,
  "mu_hat": 0.9288400016622399,
  "beta_hat": 4.250311163818023,
  "Ksh_hat": 0.16343008821869004,
  "Kns_hat": 0.19800441043482606,
  "ash_hat": 0.10274885185551837,
  "ans_hat": 1.1312677177276474e-05,
  "R_hat": 0.8253861005408448,
  "ll2": -85.77847821848879,
  "aic2": 183.55695643697757,
  "ll1": -85.79373441637512,
  "aic1": 179.58746883275023,
  "LR": 0.03051239577266074,
  "lrt_p": 0.9848595883336487,
  "R_lo": 0.04946817978219422,
  "R_hi": 14.894741817124606,
  "R_covered": true,
  "n_boot_ok": 38,
  "ks_p": 0.981990922119772
}