{
  "rep": 5,
  "scenario": "C",
  "status": "ok",
  "n": 67,
  "n_sh": 43,
  "n_ns": 24,
  "true_mu": 0.8,
  "true_beta": 4.0,
  "true_Ksh": 0.12,
  "true_Kns": 0.08,
  "true_ash": 0.8,
  "true_ans": 0.7,
  "true_R": 1.5,
  "mu_hat": 0.6630054088848426,
  "beta_hat": 6.49927294037907,
  "Ksh_hat": 0.134531124460351,
  "Kns_hat": 0.02102391013206078,
  "ash_hat": 1.0000000000000004e-06,
  "ans_hat": 2.25,
  "R_hat": 6.398958310575892,
  "ll2": -85.27452714610828,
  "aic2": 182.54905429221657,
  "ll1": -85.48243611037466,
  "aic1": 178.96487222074933,
  "LR": 0.41581792853276056,
  "lrt_p": 0.8122809799410642,
  "R_lo": 0.0014060350805936792,
  "R_hi": 43.54430160612676,
  "R_covered": true,
  "n_boot_ok": 43,
  "ks_p": 0.5218906561489778
}