{
  "rep": 39,
  "scenario": "C",
  "status": "ok",
  "n": 85,
  "n_sh": 53,
  "n_ns": 32,
  "true_mu": 0.8,
  "true_beta": 4.0,
  "true_Ksh": 0.12,
  "true_Kns": 0.08,
  "true_ash": 0.8,
  "true_ans": 0.7,
  "true_R": 1.5,
  "mu_hat": 0.7099430894420843,
  "beta_hat": 0.6924087540340961,
  "Ksh_hat": 0.29648567368043294,
  "Kns_hat": 6.569886916675524e-08,
  "ash_hat": 0.48447180412552365,
  "ans_hat": 0.44317511253113273,
  "R_hat": 4512797.213113369,
  "ll2": -87.43983336422743,
  "aic2": 186.87966672845485,
  "ll1": -88.67865181718084,
  "aic1": 185.35730363436167,
  "LR": 2.47763690590682,
  "lrt_p": 0.2897263410845805,
  "R_lo": 0.0010140316142918195,
  "R_hi": 118.53827465776355,
  "R_covered": true,
  "n_boot_ok": 44,
  "ks_p": 0.40122113160387374
}