{
  "rep": 46,
  "scenario": "C",
  "status": "ok",
  "n": 81,
  "n_sh": 44,
  "n_ns": 37,
  "true_mu": 0.8,
  "true_beta": 4.0,
  "true_Ksh": 0.12,
  "true_Kns": 0.08,
  "true_ash": 0.8,
  "true_ans": 0.7,
  "true_R": 1.5,
  "mu_hat": 0.717767899960569,
  "beta_hat": 10.000000000000002,
  "Ksh_hat": 0.0864552832008972,
  "Kns_hat": 0.2328355914929298,
  "ash_hat": 0.9092460641774707,
  "ans_hat": 0.43837746450536996,
  "R_hat": 0.371314723176772,
  "ll2": -81.57660554773739,
  "aic2": 175.15321109547477,
  "ll1": -82.03563832620702,
  "aic1": 172.07127665241404,
  "LR": 0.9180655569392684,
  "lrt_p": 0.6318945320242997,
  "R_lo": 0.0034410732009350895,
  "R_hi": 18.700423581111266,
  "R_covered": true,
  "n_boot_ok": 47,
  "ks_p": 0.942240547533311
}