{
  "rep": 30,
  "scenario": "C",
  "status": "ok",
  "n": 66,
  "n_sh": 41,
  "n_ns": 25,
  "true_mu": 0.8,
  "true_beta": 4.0,
  "true_Ksh": 0.12,
  "true_Kns": 0.08,
  "true_ash": 0.8,
  "true_ans": 0.7,
  "true_R": 1.5,
  "mu_hat": 0.46255532929635934,
  "beta_hat": 0.554933679152096,
  "Ksh_hat": 0.5974969555061256,
  "Kns_hat": 9.999999999999982e-09,
  "ash_hat": 1.0000000000000004e-06,
  "ans_hat": 0.020780925215109537,
  "R_hat": 59749695.550612666,
  "ll2": -83.0138190888847,
  "aic2": 178.0276381777694,
  "ll1": -85.22950231708695,
  "aic1": 178.4590046341739,
  "LR": 4.431366456404504,
  "lrt_p": 0.10907896295982611,
  "R_lo": 9.38083934102815e-08,
  "R_hi": 625.1013468546347,
  "R_covered": true,
  "n_boot_ok": 41,
  "ks_p": 0.3789721293961593
}