{
  "rep": 35,
  "scenario": "C",
  "status": "ok",
  "n": 104,
  "n_sh": 59,
  "n_ns": 45,
  "true_mu": 0.8,
  "true_beta": 4.0,
  "true_Ksh": 0.12,
  "true_Kns": 0.08,
  "true_ash": 0.8,
  "true_ans": 0.7,
  "true_R": 1.5,
  "mu_hat": 0.9377949187762514,
  "beta_hat": 4.367775132084278,
  "Ksh_hat": 0.21785833914124483,
  "Kns_hat": 0.15144380182044867,
  "ash_hat": 1.0000000000000004e-06,
  "ans_hat": 1.0000000000000004e-06,
  "R_hat": 1.4385424594631944,
  "ll2": -85.40769622852405,
  "aic2": 182.8153924570481,
  "ll1": -85.46663531846485,
  "aic1": 178.9332706369297,
  "LR": 0.11787817988161464,
  "lrt_p": 0.9427641912309837,
  "R_lo": 7.834462621656502e-07,
  "R_hi": 19.679453513367896,
  "R_covered": true,
  "n_boot_ok": 42,
  "ks_p": 0.8738084132373418
}