{
  "rep": 81,
  "scenario": "C",
  "status": "ok",
  "n": 87,
  "n_sh": 58,
  "n_ns": 29,
  "true_mu": 0.8,
  "true_beta": 4.0,
  "true_Ksh": 0.12,
  "true_Kns": 0.08,
  "true_ash": 0.8,
  "true_ans": 0.7,
  "true_R": 1.5,
  "mu_hat": 0.7070303135554394,
  "beta_hat": 3.067980580999044,
  "Ksh_hat": 0.2387004895052797,
  "Kns_hat": 0.06612090880251882,
  "ash_hat": 0.6014510224001136,
  "ans_hat": 9.140483546374635e-06,
  "R_hat": 3.610060627239694,
  "ll2": -82.0313045903558,
  "aic2": 176.0626091807116,
  "ll1": -82.44247081066212,
  "aic1": 172.88494162132423,
  "LR": 0.8223324406126267,
  "lrt_p": 0.6628767388682635,
  "R_lo": 4.7572156596709917e-08,
  "R_hi": 88.6856800759719,
  "R_covered": true,
  "n_boot_ok": 46,
  "ks_p": 0.9199161756991213
}