{
  "rep": 79,
  "scenario": "C",
  "status": "ok",
  "n": 76,
  "n_sh": 41,
  "n_ns": 35,
  "true_mu": 0.8,
  "true_beta": 4.0,
  "true_Ksh": 0.12,
  "true_Kns": 0.08,
  "true_ash": 0.8,
  "true_ans": 0.7,
  "true_R": 1.5,
  "mu_hat": 0.7525368578845132,
  "beta_hat": 8.503999309394688,
  "Ksh_hat": 0.0015879161845341553,
  "Kns_hat": 0.22715004243403455,
  "ash_hat": 0.00252680626024411,
  "ans_hat": 0.06630006209602012,
  "R_hat": 0.006990604833346195,
  "ll2": -85.53482718000475,
  "aic2": 183.0696543600095,
  "ll1": -86.83079456617455,
  "aic1": 181.6615891323491,
  "LR": 2.5919347723395845,
  "lrt_p": 0.2736330274459795,
  "R_lo": 3.671788523078966e-08,
  "R_hi": 195.40659665498723,
  "R_covered": true,
  "n_boot_ok": 40,
  "ks_p": 0.9962639953139234
}