{
  "rep": 57,
  "scenario": "C",
  "status": "ok",
  "n": 89,
  "n_sh": 60,
  "n_ns": 29,
  "true_mu": 0.8,
  "true_beta": 4.0,
  "true_Ksh": 0.12,
  "true_Kns": 0.08,
  "true_ash": 0.8,
  "true_ans": 0.7,
  "true_R": 1.5,
  "mu_hat": 0.714618029719998,
  "beta_hat": 1.1783279996159932,
  "Ksh_hat": 0.06495587758352712,
  "Kns_hat": 0.37711816662254366,
  "ash_hat": 1.8036184392493664,
  "ans_hat": 0.16900138537541487,
  "R_hat": 0.17224276985982817,
  "ll2": -85.80788478471091,
  "aic2": 183.61576956942181,
  "ll1": -86.50675041098248,
  "aic1": 181.01350082196495,
  "LR": 1.3977312525431387,
  "lrt_p": 0.49714893673871874,
  "R_lo": 5.260442086015189e-06,
  "R_hi": 30.74533774831343,
  "R_covered": true,
  "n_boot_ok": 45,
  "ks_p": 0.8584415879732485
}