{
  "rep": 191,
  "scenario": "C",
  "status": "ok",
  "n": 97,
  "n_sh": 52,
  "n_ns": 45,
  "true_mu": 0.8,
  "true_beta": 4.0,
  "true_Ksh": 0.12,
  "true_Kns": 0.08,
  "true_ash": 0.8,
  "true_ans": 0.7,
  "true_R": 1.5,
  "mu_hat": 0.8562200155595358,
  "beta_hat": 5.039425472856213,
  "Ksh_hat": 0.08233142468961359,
  "Kns_hat": 0.1598054647555658,
  "ash_hat": 1.949592933136762e-06,
  "ans_hat": 1.1017357150376799,
  "R_hat": 0.515197805128539,
  "ll2": -80.39274012251994,
  "aic2": 172.78548024503988,
  "ll1": -82.69873034125004,
  "aic1": 173.39746068250008,
  "LR": 4.611980437460204,
  "lrt_p": 0.09966006651298431,
  "R_lo": 0.12238365700246383,
  "R_hi": 35.85572568727941,
  "R_covered": true,
  "n_boot_ok": 41,
  "ks_p": 0.7543842465095095
}