{
  "rep": 147,
  "scenario": "C",
  "status": "ok",
  "n": 84,
  "n_sh": 47,
  "n_ns": 37,
  "true_mu": 0.8,
  "true_beta": 4.0,
  "true_Ksh": 0.12,
  "true_Kns": 0.08,
  "true_ash": 0.8,
  "true_ans": 0.7,
  "true_R": 1.5,
  "mu_hat": 0.7178495394200829,
  "beta_hat": 0.0026471728566811845,
  "Ksh_hat": 4.511920422203987,
  "Kns_hat": 1.5872031208563723e-07,
  "ash_hat": 1.0000000000000004e-06,
  "ans_hat": 9.398793051392406e-05,
  "R_hat": 28426862.08788192,
  "ll2": -88.67089422733041,
  "aic2": 189.34178845466081,
  "ll1": -88.79426994747688,
  "aic1": 185.58853989495375,
  "LR": 0.2467514402929396,
  "lrt_p": 0.8839314892940074,
  "R_lo": 0.03655803858961674,
  "R_hi": 101.43646046295649,
  "R_covered": true,
  "n_boot_ok": 40,
  "ks_p": 0.6952591788427926
}