{
  "rep": 137,
  "scenario": "C",
  "status": "ok",
  "n": 99,
  "n_sh": 68,
  "n_ns": 31,
  "true_mu": 0.8,
  "true_beta": 4.0,
  "true_Ksh": 0.12,
  "true_Kns": 0.08,
  "true_ash": 0.8,
  "true_ans": 0.7,
  "true_R": 1.5,
  "mu_hat": 0.8272840264294242,
  "beta_hat": 5.115790776812708,
  "Ksh_hat": 0.07328083721009553,
  "Kns_hat": 0.09114256917567207,
  "ash_hat": 1.6546291382261211,
  "ans_hat": 1.478808765120706,
  "R_hat": 0.8040242652020366,
  "ll2": -74.90446037751809,
  "aic2": 161.80892075503618,
  "ll1": -74.91663026561856,
  "aic1": 157.83326053123713,
  "LR": 0.024339776200946517,
  "lrt_p": 0.98790386549354,
  "R_lo": 0.001234925835635659,
  "R_hi": 288.45976044150177,
  "R_covered": true,
  "n_boot_ok": 47,
  "ks_p": 0.999251161937217
}