{
  "rep": 106,
  "scenario": "C",
  "status": "ok",
  "n": 77,
  "n_sh": 42,
  "n_ns": 35,
  "true_mu": 0.8,
  "true_beta": 4.0,
  "true_Ksh": 0.12,
  "true_Kns": 0.08,
  "true_ash": 0.8,
  "true_ans": 0.7,
  "true_R": 1.5,
  "mu_hat": 0.6935715896700098,
  "beta_hat": 2.2708184654659123,
  "Ksh_hat": 0.05534562764231634,
  "Kns_hat": 0.12816852824284455,
  "ash_hat": 1.327719662172175e-06,
  "ans_hat": 1.3016331727621329,
  "R_hat": 0.43181917122003155,
  "ll2": -84.25428742811064,
  "aic2": 180.5085748562213,
  "ll1": -85.66151064582095,
  "aic1": 179.3230212916419,
  "LR": 2.8144464354206207,
  "lrt_p": 0.24482215800587137,
  "R_lo": 0.011831659626112928,
  "R_hi": 14.584990170749881,
  "R_covered": true,
  "n_boot_ok": 48,
  "ks_p": 0.43580008459794783
}