{
  "rep": 28,
  "scenario": "C",
  "status": "ok",
  "n": 57,
  "n_sh": 31,
  "n_ns": 26,
  "true_mu": 0.8,
  "true_beta": 4.0,
  "true_Ksh": 0.12,
  "true_Kns": 0.08,
  "true_ash": 0.8,
  "true_ans": 0.7,
  "true_R": 1.5,
  "mu_hat": 0.5728690241151251,
  "beta_hat": 0.8421093779207377,
  "Ksh_hat": 0.01383742755918575,
  "Kns_hat": 0.03153919238255134,
  "ash_hat": 2.25,
  "ans_hat": 2.25,
  "R_hat": 0.43873753618501443,
  "ll2": -82.32713813016703,
  "aic2": 176.65427626033406,
  "ll1": -82.38211209751663,
  "aic1": 172.76422419503325,
  "LR": 0.10994793469919273,
  "lrt_p": 0.9465097877911716,
  "R_lo": 0.016709316153491457,
  "R_hi": 15.788930467936058,
  "R_covered": true,
  "n_boot_ok": 45,
  "ks_p": 0.5414290747735089
}