{
  "rep": 151,
  "scenario": "C",
  "status": "ok",
  "n": 78,
  "n_sh": 52,
  "n_ns": 26,
  "true_mu": 0.8,
  "true_beta": 4.0,
  "true_Ksh": 0.12,
  "true_Kns": 0.08,
  "true_ash": 0.8,
  "true_ans": 0.7,
  "true_R": 1.5,
  "mu_hat": 0.7042803278791914,
  "beta_hat": 8.121801506314839,
  "Ksh_hat": 0.20122453286253247,
  "Kns_hat": 0.0908921056603425,
  "ash_hat": 0.2767763880503915,
  "ans_hat": 0.2786301178482171,
  "R_hat": 2.2138834984689937,
  "ll2": -82.8051151339049,
  "aic2": 177.6102302678098,
  "ll1": -83.07221789629544,
  "aic1": 174.14443579259088,
  "LR": 0.534205524781072,
  "lrt_p": 0.7655943931128382,
  "R_lo": 5.194545229011976e-08,
  "R_hi": 8.419909434025191,
  "R_covered": true,
  "n_boot_ok": 43,
  "ks_p": 0.8805154975898721
}