{
  "rep": 67,
  "scenario": "C",
  "status": "ok",
  "n": 88,
  "n_sh": 50,
  "n_ns": 38,
  "true_mu": 0.8,
  "true_beta": 4.0,
  "true_Ksh": 0.12,
  "true_Kns": 0.08,
  "true_ash": 0.8,
  "true_ans": 0.7,
  "true_R": 1.5,
  "mu_hat": 0.8980194000671897,
  "beta_hat": 1.6184997430691044,
  "Ksh_hat": 0.01716422331450339,
  "Kns_hat": 1.9697355143376283e-08,
  "ash_hat": 2.129928997025317,
  "ans_hat": 0.011877652336467147,
  "R_hat": 871397.3622126258,
  "ll2": -87.50602776691228,
  "aic2": 187.01205553382457,
  "ll1": -88.08395595754334,
  "aic1": 184.16791191508668,
  "LR": 1.1558563812621117,
  "lrt_p": 0.5610595717294153,
  "R_lo": 3.752322568573313e-08,
  "R_hi": 53.055235629179535,
  "R_covered": true,
  "n_boot_ok": 39,
  "ks_p": 0.897451919771509
}