{
  "rep": 64,
  "scenario": "C",
  "status": "ok",
  "n": 72,
  "n_sh": 41,
  "n_ns": 31,
  "true_mu": 0.8,
  "true_beta": 4.0,
  "true_Ksh": 0.12,
  "true_Kns": 0.08,
  "true_ash": 0.8,
  "true_ans": 0.7,
  "true_R": 1.5,
  "mu_hat": 0.7290747082427405,
  "beta_hat": 2.075342535384509,
  "Ksh_hat": 0.0743286345962924,
  "Kns_hat": 1.40529603725296e-08,
  "ash_hat": 1.383845350644028,
  "ans_hat": 0.04297169688250238,
  "R_hat": 5289179.832997201,
  "ll2": -87.51135583026769,
  "aic2": 187.02271166053538,
  "ll1": -88.00122700893554,
  "aic1": 184.0024540178711,
  "LR": 0.9797423573357094,
  "lrt_p": 0.6127053186160885,
  "R_lo": 6.049735282595283e-08,
  "R_hi": 190.95808714027663,
  "R_covered": true,
  "n_boot_ok": 43,
  "ks_p": 0.9225700423003459
}