{
  "rep": 7,
  "scenario": "C",
  "status": "ok",
  "n": 104,
  "n_sh": 65,
  "n_ns": 39,
  "true_mu": 0.8,
  "true_beta": 4.0,
  "true_Ksh": 0.12,
  "true_Kns": 0.08,
  "true_ash": 0.8,
  "true_ans": 0.7,
  "true_R": 1.5,
  "mu_hat": 0.9139216031441242,
  "beta_hat": 5.081731351245289,
  "Ksh_hat": 0.325596256266912,
  "Kns_hat": 5.179479238472795e-08,
  "ash_hat": 0.08456200617845751,
  "ans_hat": 0.0028969283233389004,
  "R_hat": 6286273.991570557,
  "ll2": -82.34182261993644,
  "aic2": 176.68364523987287,
  "ll1": -84.90544834399765,
  "aic1": 177.8108966879953,
  "LR": 5.127251448122422,
  "lrt_p": 0.07702496229151112,
  "R_lo": 2.1605403419511923e-07,
  "R_hi": 12.124083245755193,
  "R_covered": true,
  "n_boot_ok": 39,
  "ks_p": 0.6832454952221967
}