{
  "rep": 32,
  "scenario": "C",
  "status": "ok",
  "n": 92,
  "n_sh": 52,
  "n_ns": 40,
  "true_mu": 0.8,
  "true_beta": 4.0,
  "true_Ksh": 0.12,
  "true_Kns": 0.08,
  "true_ash": 0.8,
  "true_ans": 0.7,
  "true_R": 1.5,
  "mu_hat": 0.9280778191829635,
  "beta_hat": 10.000000000000002,
  "Ksh_hat": 0.030622449069566418,
  "Kns_hat": 0.0013335850036487878,
  "ash_hat": 1.6312899773417644,
  "ans_hat": 2.25,
  "R_hat": 22.962502566976323,
  "ll2": -77.95988767033026,
  "aic2": 167.91977534066052,
  "ll1": -78.5832413925619,
  "aic1": 165.1664827851238,
  "LR": 1.2467074444632829,
  "lrt_p": 0.5361433432481443,
  "R_lo": 6.745952505049049e-06,
  "R_hi": 19.692173893224286,
  "R_covered": true,
  "n_boot_ok": 42,
  "ks_p": 0.4634963990088812
}