{
  "rep": 164,
  "scenario": "C",
  "status": "ok",
  "n": 72,
  "n_sh": 39,
  "n_ns": 33,
  "true_mu": 0.8,
  "true_beta": 4.0,
  "true_Ksh": 0.12,
  "true_Kns": 0.08,
  "true_ash": 0.8,
  "true_ans": 0.7,
  "true_R": 1.5,
  "mu_hat": 0.7530069851930749,
  "beta_hat": 10.000000000000002,
  "Ksh_hat": 1.6611157244263046e-08,
  "Kns_hat": 0.09269858089864039,
  "ash_hat": 1.2732217603633406e-06,
  "ans_hat": 0.6316909111249949,
  "R_hat": 1.7919537800072927e-07,
  "ll2": -86.57807651119198,
  "aic2": 185.15615302238396,
  "ll1": -87.31489819487818,
  "aic1": 182.62979638975636,
  "LR": 1.4736433673724036,
  "lrt_p": 0.4786327468469015,
  "R_lo": 2.1754876998548368e-07,
  "R_hi": 13.279334180910618,
  "R_covered": true,
  "n_boot_ok": 41,
  "ks_p": 0.7910349161104301
}