{
  "rep": 14,
  "scenario": "C",
  "status": "ok",
  "n": 87,
  "n_sh": 58,
  "n_ns": 29,
  "true_mu": 0.8,
  "true_beta": 4.0,
  "true_Ksh": 0.12,
  "true_Kns": 0.08,
  "true_ash": 0.8,
  "true_ans": 0.7,
  "true_R": 1.5,
  "mu_hat": 0.5523383895889973,
  "beta_hat": 0.004677978812788937,
  "Ksh_hat": 9.999999999999982e-09,
  "Kns_hat": 10.000000000000002,
  "ash_hat": 0.05011785344652431,
  "ans_hat": 3.5484613589600866e-06,
  "R_hat": 9.99999999999998e-10,
  "ll2": -84.86792682050857,
  "aic2": 181.73585364101714,
  "ll1": -85.02462211654543,
  "aic1": 178.04924423309086,
  "LR": 0.31339059207371633,
  "lrt_p": 0.8549645302130382,
  "R_lo": 1.3881248145186958e-05,
  "R_hi": 113.84796070039727,
  "R_covered": true,
  "n_boot_ok": 48,
  "ks_p": 0.30244368108002684
}