{
  "rep": 128,
  "scenario": "C",
  "status": "ok",
  "n": 77,
  "n_sh": 57,
  "n_ns": 20,
  "true_mu": 0.8,
  "true_beta": 4.0,
  "true_Ksh": 0.12,
  "true_Kns": 0.08,
  "true_ash": 0.8,
  "true_ans": 0.7,
  "true_R": 1.5,
  "mu_hat": 0.7344312843530945,
  "beta_hat": 1.491467524389058,
  "Ksh_hat": 0.10248659994136633,
  "Kns_hat": 0.2543569762015547,
  "ash_hat": 4.958565754429341e-06,
  "ans_hat": 1.0000000000000004e-06,
  "R_hat": 0.4029242738762355,
  "ll2": -88.13503147847992,
  "aic2": 188.27006295695983,
  "ll1": -88.24919663235391,
  "aic1": 184.49839326470783,
  "LR": 0.22833030774799568,
  "lrt_p": 0.8921106081922447,
  "R_lo": 5.774036957747776e-08,
  "R_hi": 7.304690682522695,
  "R_covered": true,
  "n_boot_ok": 43,
  "ks_p": 0.999592498819129
}