{
  "rep": 72,
  "scenario": "C",
  "status": "ok",
  "n": 79,
  "n_sh": 52,
  "n_ns": 27,
  "true_mu": 0.8,
  "true_beta": 4.0,
  "true_Ksh": 0.12,
  "true_Kns": 0.08,
  "true_ash": 0.8,
  "true_ans": 0.7,
  "true_R": 1.5,
  "mu_hat": 0.8097248510580098,
  "beta_hat": 10.000000000000002,
  "Ksh_hat": 0.030070369561170696,
  "Kns_hat": 0.017577899610592876,
  "ash_hat": 1.3909843750289654,
  "ans_hat": 2.25,
  "R_hat": 1.7106918475657666,
  "ll2": -86.65048915247444,
  "aic2": 185.30097830494887,
  "ll1": -86.75463400037711,
  "aic1": 181.50926800075422,
  "LR": 0.20828969580534817,
  "lrt_p": 0.9010947662808456,
  "R_lo": 0.028222569919302786,
  "R_hi": 77.19075278549117,
  "R_covered": true,
  "n_boot_ok": 42,
  "ks_p": 0.9505242293755275
}