{
  "rep": 176,
  "scenario": "C",
  "status": "ok",
  "n": 78,
  "n_sh": 45,
  "n_ns": 33,
  "true_mu": 0.8,
  "true_beta": 4.0,
  "true_Ksh": 0.12,
  "true_Kns": 0.08,
  "true_ash": 0.8,
  "true_ans": 0.7,
  "true_R": 1.5,
  "mu_hat": 0.6476334826098297,
  "beta_hat": 1.3831096208057945,
  "Ksh_hat": 0.27913675974881536,
  "Kns_hat": 0.0719034823490494,
  "ash_hat": 1.0000000000000004e-06,
  "ans_hat": 2.25,
  "R_hat": 3.8821034896998374,
  "ll2": -86.1029918594822,
  "aic2": 184.2059837189644,
  "ll1": -87.55216838897825,
  "aic1": 183.1043367779565,
  "LR": 2.898353058992086,
  "lrt_p": 0.2347635293604694,
  "R_lo": 2.0238346808359676e-08,
  "R_hi": 30.14918263827065,
  "R_covered": true,
  "n_boot_ok": 44,
  "ks_p": 0.3297974249916959
}