{
  "rep": 111,
  "scenario": "C",
  "status": "ok",
  "n": 66,
  "n_sh": 44,
  "n_ns": 22,
  "true_mu": 0.8,
  "true_beta": 4.0,
  "true_Ksh": 0.12,
  "true_Kns": 0.08,
  "true_ash": 0.8,
  "true_ans": 0.7,
  "true_R": 1.5,
  "mu_hat": 0.6205693403469189,
  "beta_hat": 10.000000000000002,
  "Ksh_hat": 0.11463866733589322,
  "Kns_hat": 0.23203312416425795,
  "ash_hat": 1.0000000000000004e-06,
  "ans_hat": 1.0000000000000004e-06,
  "R_hat": 0.49406164636536837,
  "ll2": -81.86736803062917,
  "aic2": 175.73473606125833,
  "ll1": -82.1582512784764,
  "aic1": 172.3165025569528,
  "LR": 0.5817664956944668,
  "lrt_p": 0.7476029571776421,
  "R_lo": 1.074804708927567e-07,
  "R_hi": 17.88971532473854,
  "R_covered": true,
  "n_boot_ok": 44,
  "ks_p": 0.7026983509429503
}