{
  "rep": 200,
  "scenario": "C",
  "status": "ok",
  "n": 93,
  "n_sh": 49,
  "n_ns": 44,
  "true_mu": 0.8,
  "true_beta": 4.0,
  "true_Ksh": 0.12,
  "true_Kns": 0.08,
  "true_ash": 0.8,
  "true_ans": 0.7,
  "true_R": 1.5,
  "mu_hat": 0.8197334424276083,
  "beta_hat": 3.4938292486466502,
  "Ksh_hat": 0.1269244822421655,
  "Kns_hat": 0.0716784919263581,
  "ash_hat": 0.5119054181010385,
  "ans_hat": 2.166979150242619,
  "R_hat": 1.770747107410779,
  "ll2": -84.41478912138993,
  "aic2": 180.82957824277986,
  "ll1": -85.57959436853508,
  "aic1": 179.15918873707017,
  "LR": 2.329610494290307,
  "lrt_p": 0.31198341577735955,
  "R_lo": 1.1990132178589431e-06,
  "R_hi": 21.449925443587553,
  "R_covered": true,
  "n_boot_ok": 44,
  "ks_p": 0.7294376042881123
}