{
  "rep": 29,
  "scenario": "C",
  "status": "ok",
  "n": 82,
  "n_sh": 52,
  "n_ns": 30,
  "true_mu": 0.8,
  "true_beta": 4.0,
  "true_Ksh": 0.12,
  "true_Kns": 0.08,
  "true_ash": 0.8,
  "true_ans": 0.7,
  "true_R": 1.5,
  "mu_hat": 0.6777693879171082,
  "beta_hat": 7.568868499418651,
  "Ksh_hat": 0.17617854372250336,
  "Kns_hat": 0.3225213020591935,
  "ash_hat": 3.137667594058946e-06,
  "ans_hat": 0.5322376563867726,
  "R_hat": 0.546253976396786,
  "ll2": -78.59682015106182,
  "aic2": 169.19364030212364,
  "ll1": -79.54854722911008,
  "aic1": 167.09709445822017,
  "LR": 1.9034541560965295,
  "lrt_p": 0.38607366797591036,
  "R_lo": 4.571467261141792e-06,
  "R_hi": 20.862583652495957,
  "R_covered": true,
  "n_boot_ok": 43,
  "ks_p": 0.9725092058417294
}