{
  "rep": 3,
  "scenario": "C",
  "status": "ok",
  "n": 81,
  "n_sh": 48,
  "n_ns": 33,
  "true_mu": 0.8,
  "true_beta": 4.0,
  "true_Ksh": 0.12,
  "true_Kns": 0.08,
  "true_ash": 0.8,
  "true_ans": 0.7,
  "true_R": 1.5,
  "mu_hat": 0.786081093726878,
  "beta_hat": 10.000000000000002,
  "Ksh_hat": 0.062186808281187674,
  "Kns_hat": 0.19422291409278306,
  "ash_hat": 0.6138769164919036,
  "ans_hat": 1.0000000000000004e-06,
  "R_hat": 0.3201826549234049,
  "ll2": -85.17689294414403,
  "aic2": 182.35378588828806,
  "ll1": -85.53988537316229,
  "aic1": 179.07977074632458,
  "LR": 0.7259848580365258,
  "lrt_p": 0.6955916997912152,
  "R_lo": 1.0312169389494668e-07,
  "R_hi": 8.045155311748161,
  "R_covered": true,
  "n_boot_ok": 44,
  "ks_p": 0.6536064012665705
}