{
  "rep": 34,
  "scenario": "C",
  "status": "ok",
  "n": 92,
  "n_sh": 53,
  "n_ns": 39,
  "true_mu": 0.8,
  "true_beta": 4.0,
  "true_Ksh": 0.12,
  "true_Kns": 0.08,
  "true_ash": 0.8,
  "true_ans": 0.7,
  "true_R": 1.5,
  "mu_hat": 0.8122055803871758,
  "beta_hat": 3.1289851028310434,
  "Ksh_hat": 0.07915848914884162,
  "Kns_hat": 0.14694921627918,
  "ash_hat": 0.9837481288360294,
  "ans_hat": 1.1955193375193804,
  "R_hat": 0.5386792196186548,
  "ll2": -84.89278003144393,
  "aic2": 181.78556006288787,
  "ll1": -85.17829997067503,
  "aic1": 178.35659994135005,
  "LR": 0.5710398784621873,
  "lrt_p": 0.7516233542371706,
  "R_lo": 3.894512525405363e-08,
  "R_hi": 19.84454557640563,
  "R_covered": true,
  "n_boot_ok": 45,
  "ks_p": 0.9528606421527712
}