{
  "rep": 104,
  "scenario": "C",
  "status": "ok",
  "n": 100,
  "n_sh": 62,
  "n_ns": 38,
  "true_mu": 0.8,
  "true_beta": 4.0,
  "true_Ksh": 0.12,
  "true_Kns": 0.08,
  "true_ash": 0.8,
  "true_ans": 0.7,
  "true_R": 1.5,
  "mu_hat": 0.9502536642049741,
  "beta_hat": 8.344961916219155,
  "Ksh_hat": 0.14152775228511644,
  "Kns_hat": 0.08587731532148801,
  "ash_hat": 0.41961084767873114,
  "ans_hat": 1.0000000000000004e-06,
  "R_hat": 1.6480225511859208,
  "ll2": -85.75442491282087,
  "aic2": 183.50884982564173,
  "ll1": -86.06628762332704,
  "aic1": 180.13257524665408,
  "LR": 0.6237254210123524,
  "lrt_p": 0.7320820285004693,
  "R_lo": 0.0013183840537232786,
  "R_hi": 88.0372597050256,
  "R_covered": true,
  "n_boot_ok": 45,
  "ks_p": 0.9532036227340075
}