{
  "rep": 24,
  "scenario": "C",
  "status": "ok",
  "n": 84,
  "n_sh": 45,
  "n_ns": 39,
  "true_mu": 0.8,
  "true_beta": 4.0,
  "true_Ksh": 0.12,
  "true_Kns": 0.08,
  "true_ash": 0.8,
  "true_ans": 0.7,
  "true_R": 1.5,
  "mu_hat": 0.7808177590198664,
  "beta_hat": 8.098885914310605,
  "Ksh_hat": 0.07479150859296754,
  "Kns_hat": 0.06009435387149855,
  "ash_hat": 0.9805310024240649,
  "ans_hat": 2.0078634035175913,
  "R_hat": 1.2445679797622309,
  "ll2": -84.16514631642983,
  "aic2": 180.33029263285965,
  "ll1": -84.68861245338644,
  "aic1": 177.37722490677288,
  "LR": 1.046932273913228,
  "lrt_p": 0.5924634255210214,
  "R_lo": 0.05156846621703047,
  "R_hi": 24.718415461384332,
  "R_covered": true,
  "n_boot_ok": 35,
  "ks_p": 0.7655545636999648
}