{
  "rep": 87,
  "scenario": "C",
  "status": "ok",
  "n": 80,
  "n_sh": 46,
  "n_ns": 34,
  "true_mu": 0.8,
  "true_beta": 4.0,
  "true_Ksh": 0.12,
  "true_Kns": 0.08,
  "true_ash": 0.8,
  "true_ans": 0.7,
  "true_R": 1.5,
  "mu_hat": 0.6565200480572907,
  "beta_hat": 4.691422176511369,
  "Ksh_hat": 0.10765076373934608,
  "Kns_hat": 0.08850285082484412,
  "ash_hat": 1.761111214681356,
  "ans_hat": 1.475795287910346,
  "R_hat": 1.2163536285672603,
  "ll2": -78.06381938736497,
  "aic2": 168.12763877472995,
  "ll1": -78.26378619426438,
  "aic1": 164.52757238852877,
  "LR": 0.3999336137988223,
  "lrt_p": 0.8187579297412603,
  "R_lo": 8.028479439138485e-08,
  "R_hi": 19.7742776929646,
  "R_covered": true,
  "n_boot_ok": 40,
  "ks_p": 0.7750152250715371
}