{
  "rep": 166,
  "scenario": "C",
  "status": "ok",
  "n": 89,
  "n_sh": 56,
  "n_ns": 33,
  "true_mu": 0.8,
  "true_beta": 4.0,
  "true_Ksh": 0.12,
  "true_Kns": 0.08,
  "true_ash": 0.8,
  "true_ans": 0.7,
  "true_R": 1.5,
  "mu_hat": 0.890425712887019,
  "beta_hat": 6.132572390660251,
  "Ksh_hat": 9.999999999999982e-09,
  "Kns_hat": 0.26850898185647637,
  "ash_hat": 0.0003553639192873666,
  "ans_hat": 1.0000000000000004e-06,
  "R_hat": 3.7242702016371243e-08,
  "ll2": -86.6875848078323,
  "aic2": 185.3751696156646,
  "ll1": -88.95024357317901,
  "aic1": 185.90048714635802,
  "LR": 4.525317530693428,
  "lrt_p": 0.10407340980384627,
  "R_lo": 5.443706201382983e-07,
  "R_hi": 40.78676496348717,
  "R_covered": true,
  "n_boot_ok": 44,
  "ks_p": 0.7726659187678332
}