{
  "rep": 124,
  "scenario": "C",
  "status": "ok",
  "n": 97,
  "n_sh": 55,
  "n_ns": 42,
  "true_mu": 0.8,
  "true_beta": 4.0,
  "true_Ksh": 0.12,
  "true_Kns": 0.08,
  "true_ash": 0.8,
  "true_ans": 0.7,
  "true_R": 1.5,
  "mu_hat": 0.9232121063892957,
  "beta_hat": 8.201378530708391,
  "Ksh_hat": 0.11521404669665315,
  "Kns_hat": 0.1484082523012596,
  "ash_hat": 0.41165971257946443,
  "ans_hat": 2.8275725141812272e-06,
  "R_hat": 0.7763318070936901,
  "ll2": -85.76800776077688,
  "aic2": 183.53601552155376,
  "ll1": -85.8216066921878,
  "aic1": 179.6432133843756,
  "LR": 0.10719786282183463,
  "lrt_p": 0.9478121679702685,
  "R_lo": 0.01843628211289202,
  "R_hi": 26.483311986812097,
  "R_covered": true,
  "n_boot_ok": 36,
  "ks_p": 0.9838621455191559
}