{
  "rep": 156,
  "scenario": "C",
  "status": "ok",
  "n": 74,
  "n_sh": 36,
  "n_ns": 38,
  "true_mu": 0.8,
  "true_beta": 4.0,
  "true_Ksh": 0.12,
  "true_Kns": 0.08,
  "true_ash": 0.8,
  "true_ans": 0.7,
  "true_R": 1.5,
  "mu_hat": 0.6725235437543273,
  "beta_hat": 5.203611002125873,
  "Ksh_hat": 0.03510677397356438,
  "Kns_hat": 0.13571260732901183,
  "ash_hat": 2.25,
  "ans_hat": 1.0384264199254034,
  "R_hat": 0.2586846916031468,
  "ll2": -83.42371493351855,
  "aic2": 178.8474298670371,
  "ll1": -83.86245013965869,
  "aic1": 175.72490027931738,
  "LR": 0.8774704122802746,
  "lrt_p": 0.6448515097449643,
  "R_lo": 0.0007537996861820519,
  "R_hi": 22.13656515006722,
  "R_covered": true,
  "n_boot_ok": 43,
  "ks_p": 0.9925334045583676
}