{
  "rep": 168,
  "scenario": "C",
  "status": "ok",
  "n": 99,
  "n_sh": 55,
  "n_ns": 44,
  "true_mu": 0.8,
  "true_beta": 4.0,
  "true_Ksh": 0.12,
  "true_Kns": 0.08,
  "true_ash": 0.8,
  "true_ans": 0.7,
  "true_R": 1.5,
  "mu_hat": 0.9255509557262507,
  "beta_hat": 3.4187181828727704,
  "Ksh_hat": 0.04498504472581388,
  "Kns_hat": 0.017951847942529506,
  "ash_hat": 2.25,
  "ans_hat": 2.25,
  "R_hat": 2.5058726471964126,
  "ll2": -84.59387254228814,
  "aic2": 181.18774508457628,
  "ll1": -85.1733313657906,
  "aic1": 178.3466627315812,
  "LR": 1.1589176470049267,
  "lrt_p": 0.5602014524064661,
  "R_lo": 1.0253442150528598e-07,
  "R_hi": 26.77114261068861,
  "R_covered": true,
  "n_boot_ok": 42,
  "ks_p": 0.9785397258062078
}