{
  "rep": 195,
  "scenario": "C",
  "status": "ok",
  "n": 61,
  "n_sh": 33,
  "n_ns": 28,
  "true_mu": 0.8,
  "true_beta": 4.0,
  "true_Ksh": 0.12,
  "true_Kns": 0.08,
  "true_ash": 0.8,
  "true_ans": 0.7,
  "true_R": 1.5,
  "mu_hat": 0.5461555946630015,
  "beta_hat": 3.6918875736372105,
  "Ksh_hat": 0.18484743504883241,
  "Kns_hat": 1.712766048988333e-08,
  "ash_hat": 1.2296420881417682,
  "ans_hat": 0.0017992729373444629,
  "R_hat": 10792334.140323188,
  "ll2": -79.08517598761816,
  "aic2": 170.17035197523631,
  "ll1": -80.98088771618339,
  "aic1": 169.96177543236678,
  "LR": 3.7914234571304632,
  "lrt_p": 0.15021138725688277,
  "R_lo": 3.591592022681863e-06,
  "R_hi": 41.280878011996506,
  "R_covered": true,
  "n_boot_ok": 39,
  "ks_p": 0.948973851824681
}