{
  "rep": 26,
  "scenario": "C",
  "status": "ok",
  "n": 105,
  "n_sh": 66,
  "n_ns": 39,
  "true_mu": 0.8,
  "true_beta": 4.0,
  "true_Ksh": 0.12,
  "true_Kns": 0.08,
  "true_ash": 0.8,
  "true_ans": 0.7,
  "true_R": 1.5,
  "mu_hat": 0.9521840989855557,
  "beta_hat": 3.8066997920208694,
  "Ksh_hat": 0.10889069250198659,
  "Kns_hat": 6.925143586701408e-08,
  "ash_hat": 1.4164645826334048,
  "ans_hat": 0.24284708465587063,
  "R_hat": 1572396.1696778843,
  "ll2": -79.80588742705514,
  "aic2": 171.61177485411028,
  "ll1": -83.20586337006199,
  "aic1": 174.41172674012398,
  "LR": 6.799951886013702,
  "lrt_p": 0.03337407283051019,
  "R_lo": 2.911147137618037e-07,
  "R_hi": 130.06889222844327,
  "R_covered": true,
  "n_boot_ok": 45,
  "ks_p": 0.7537631059628981
}