{
  "rep": 120,
  "scenario": "C",
  "status": "ok",
  "n": 77,
  "n_sh": 41,
  "n_ns": 36,
  "true_mu": 0.8,
  "true_beta": 4.0,
  "true_Ksh": 0.12,
  "true_Kns": 0.08,
  "true_ash": 0.8,
  "true_ans": 0.7,
  "true_R": 1.5,
  "mu_hat": 0.7504995514994386,
  "beta_hat": 2.8555574197113684,
  "Ksh_hat": 0.03563281865398998,
  "Kns_hat": 0.05570118997367496,
  "ash_hat": 2.25,
  "ans_hat": 0.8290836702209375,
  "R_hat": 0.6397137775841139,
  "ll2": -87.05932940428993,
  "aic2": 186.11865880857985,
  "ll1": -87.43430544483024,
  "aic1": 182.8686108896605,
  "LR": 0.7499520810806359,
  "lrt_p": 0.6873057460680101,
  "R_lo": 2.521423505938035e-08,
  "R_hi": 17.221161183248118,
  "R_covered": true,
  "n_boot_ok": 48,
  "ks_p": 0.8869293768047593
}