{
  "rep": 70,
  "scenario": "C",
  "status": "ok",
  "n": 94,
  "n_sh": 56,
  "n_ns": 38,
  "true_mu": 0.8,
  "true_beta": 4.0,
  "true_Ksh": 0.12,
  "true_Kns": 0.08,
  "true_ash": 0.8,
  "true_ans": 0.7,
  "true_R": 1.5,
  "mu_hat": 0.9260663250928154,
  "beta_hat": 10.000000000000002,
  "Ksh_hat": 0.033828472648027165,
  "Kns_hat": 0.07091309181179384,
  "ash_hat": 1.5153447703134462,
  "ans_hat": 1.042056894340397,
  "R_hat": 0.4770412879163311,
  "ll2": -84.5296388562287,
  "aic2": 181.0592777124574,
  "ll1": -84.67042876151842,
  "aic1": 177.34085752303685,
  "LR": 0.28157981057944426,
  "lrt_p": 0.8686717958767977,
  "R_lo": 0.01915210613280381,
  "R_hi": 35.713705011617726,
  "R_covered": true,
  "n_boot_ok": 44,
  "ks_p": 0.7606789023713492
}