{
  "rep": 153,
  "scenario": "C",
  "status": "ok",
  "n": 77,
  "n_sh": 49,
  "n_ns": 28,
  "true_mu": 0.8,
  "true_beta": 4.0,
  "true_Ksh": 0.12,
  "true_Kns": 0.08,
  "true_ash": 0.8,
  "true_ans": 0.7,
  "true_R": 1.5,
  "mu_hat": 0.6364818167676233,
  "beta_hat": 1.9468430373890415,
  "Ksh_hat": 0.02131771974866162,
  "Kns_hat": 0.29933251029210284,
  "ash_hat": 2.1294341453954657,
  "ans_hat": 0.82281540261998,
  "R_hat": 0.07121752237289154,
  "ll2": -82.24657811444054,
  "aic2": 176.49315622888108,
  "ll1": -83.20761407206534,
  "aic1": 174.41522814413068,
  "LR": 1.922071915249603,
  "lrt_p": 0.38249643056136484,
  "R_lo": 1.713577409634839e-07,
  "R_hi": 51.661090983037944,
  "R_covered": true,
  "n_boot_ok": 39,
  "ks_p": 0.8765197290341977
}