{
  "rep": 84,
  "scenario": "C",
  "status": "ok",
  "n": 64,
  "n_sh": 40,
  "n_ns": 24,
  "true_mu": 0.8,
  "true_beta": 4.0,
  "true_Ksh": 0.12,
  "true_Kns": 0.08,
  "true_ash": 0.8,
  "true_ans": 0.7,
  "true_R": 1.5,
  "mu_hat": 0.6293461381678609,
  "beta_hat": 10.000000000000002,
  "Ksh_hat": 0.026450827714484478,
  "Kns_hat": 9.999999999999982e-09,
  "ash_hat": 1.9570485597350358,
  "ans_hat": 0.03213251821665179,
  "R_hat": 2645082.7714484525,
  "ll2": -76.42117190408442,
  "aic2": 164.84234380816883,
  "ll1": -77.1172210484155,
  "aic1": 162.234442096831,
  "LR": 1.3920982886621687,
  "lrt_p": 0.49855112142779123,
  "R_lo": 4.706267093589882e-08,
  "R_hi": 22.389780566591767,
  "R_covered": true,
  "n_boot_ok": 46,
  "ks_p": 0.9117614800039479
}