{
  "rep": 68,
  "scenario": "C",
  "status": "ok",
  "n": 94,
  "n_sh": 63,
  "n_ns": 31,
  "true_mu": 0.8,
  "true_beta": 4.0,
  "true_Ksh": 0.12,
  "true_Kns": 0.08,
  "true_ash": 0.8,
  "true_ans": 0.7,
  "true_R": 1.5,
  "mu_hat": 0.8951321997071426,
  "beta_hat": 3.0508300176790457,
  "Ksh_hat": 0.0023179471293678813,
  "Kns_hat": 0.3227559163358956,
  "ash_hat": 2.25,
  "ans_hat": 1.0000000000000004e-06,
  "R_hat": 0.007181733973098012,
  "ll2": -85.4815680045939,
  "aic2": 182.9631360091878,
  "ll1": -87.4528042256751,
  "aic1": 182.9056084513502,
  "LR": 3.942472442162398,
  "lrt_p": 0.1392845632275339,
  "R_lo": 3.3918416092264665e-08,
  "R_hi": 14.448184939641884,
  "R_covered": true,
  "n_boot_ok": 42,
  "ks_p": 0.7714202808264874
}