{
  "rep": 75,
  "scenario": "C",
  "status": "ok",
  "n": 59,
  "n_sh": 32,
  "n_ns": 27,
  "true_mu": 0.8,
  "true_beta": 4.0,
  "true_Ksh": 0.12,
  "true_Kns": 0.08,
  "true_ash": 0.8,
  "true_ans": 0.7,
  "true_R": 1.5,
  "mu_hat": 0.5151816953143948,
  "beta_hat": 6.409580940881641,
  "Ksh_hat": 0.10069835877154011,
  "Kns_hat": 0.060973340146840846,
  "ash_hat": 1.0374543612189515,
  "ans_hat": 1.605677156678184,
  "R_hat": 1.6515145558539244,
  "ll2": -74.2348023513538,
  "aic2": 160.4696047027076,
  "ll1": -74.29464808023859,
  "aic1": 156.58929616047718,
  "LR": 0.11969145776956225,
  "lrt_p": 0.9419098318564935,
  "R_lo": 1.794040649997901e-07,
  "R_hi": 41.55179225244613,
  "R_covered": true,
  "n_boot_ok": 45,
  "ks_p": 0.6950893134725895
}