{
  "rep": 19,
  "scenario": "C",
  "status": "ok",
  "n": 91,
  "n_sh": 56,
  "n_ns": 35,
  "true_mu": 0.8,
  "true_beta": 4.0,
  "true_Ksh": 0.12,
  "true_Kns": 0.08,
  "true_ash": 0.8,
  "true_ans": 0.7,
  "true_R": 1.5,
  "mu_hat": 0.7627168894081376,
  "beta_hat": 6.051432585269188,
  "Ksh_hat": 0.23701117297750318,
  "Kns_hat": 0.06181385238561512,
  "ash_hat": 0.7749917016316321,
  "ans_hat": 1.0000000000000004e-06,
  "R_hat": 3.834272801813898,
  "ll2": -78.26635914466776,
  "aic2": 168.53271828933552,
  "ll1": -81.25983393841459,
  "aic1": 170.51966787682917,
  "LR": 5.986949587493655,
  "lrt_p": 0.05011300149166098,
  "R_lo": 0.000368153743529387,
  "R_hi": 62.077455055040026,
  "R_covered": true,
  "n_boot_ok": 43,
  "ks_p": 0.7801070621308515
}