{
  "rep": 136,
  "scenario": "C",
  "status": "ok",
  "n": 93,
  "n_sh": 57,
  "n_ns": 36,
  "true_mu": 0.8,
  "true_beta": 4.0,
  "true_Ksh": 0.12,
  "true_Kns": 0.08,
  "true_ash": 0.8,
  "true_ans": 0.7,
  "true_R": 1.5,
  "mu_hat": 0.7639646757765896,
  "beta_hat": 2.0163954577730205,
  "Ksh_hat": 0.2844499604567754,
  "Kns_hat": 0.15432682634995606,
  "ash_hat": 1.1221078589327847e-05,
  "ans_hat": 0.588506641963827,
  "R_hat": 1.843166008038993,
  "ll2": -86.80231350009353,
  "aic2": 185.60462700018707,
  "ll1": -86.84795762348139,
  "aic1": 181.69591524696278,
  "LR": 0.09128824677571856,
  "lrt_p": 0.9553818997730011,
  "R_lo": 0.006019418006860374,
  "R_hi": 33.261487904649066,
  "R_covered": true,
  "n_boot_ok": 42,
  "ks_p": 0.7325343462789573
}