{
  "rep": 53,
  "scenario": "C",
  "status": "ok",
  "n": 97,
  "n_sh": 58,
  "n_ns": 39,
  "true_mu": 0.8,
  "true_beta": 4.0,
  "true_Ksh": 0.12,
  "true_Kns": 0.08,
  "true_ash": 0.8,
  "true_ans": 0.7,
  "true_R": 1.5,
  "mu_hat": 0.9341126346875425,
  "beta_hat": 3.7440582432236194,
  "Ksh_hat": 0.02352418547561129,
  "Kns_hat": 0.026553468705047475,
  "ash_hat": 2.25,
  "ans_hat": 2.25,
  "R_hat": 0.8859176078618927,
  "ll2": -84.3462325845833,
  "aic2": 180.6924651691666,
  "ll1": -84.35519947292644,
  "aic1": 176.7103989458529,
  "LR": 0.01793377668627727,
  "lrt_p": 0.9910731943051266,
  "R_lo": 2.1928142978879733e-07,
  "R_hi": 36.20595630813309,
  "R_covered": true,
  "n_boot_ok": 42,
  "ks_p": 0.7576258043379483
}