{
  "rep": 103,
  "scenario": "C",
  "status": "ok",
  "n": 88,
  "n_sh": 49,
  "n_ns": 39,
  "true_mu": 0.8,
  "true_beta": 4.0,
  "true_Ksh": 0.12,
  "true_Kns": 0.08,
  "true_ash": 0.8,
  "true_ans": 0.7,
  "true_R": 1.5,
  "mu_hat": 0.9399844378793913,
  "beta_hat": 10.000000000000002,
  "Ksh_hat": 0.05912501298770214,
  "Kns_hat": 0.0009084211311188707,
  "ash_hat": 0.3413026446026043,
  "ans_hat": 0.07302645996328627,
  "R_hat": 65.08546637932113,
  "ll2": -89.3882260551194,
  "aic2": 190.7764521102388,
  "ll1": -89.57625672722075,
  "aic1": 187.1525134544415,
  "LR": 0.37606134420269655,
  "lrt_p": 0.8285892922681689,
  "R_lo": 1.2591977357376906e-07,
  "R_hi": 13.049647583056284,
  "R_covered": true,
  "n_boot_ok": 39,
  "ks_p": 0.9476941255276675
}