{
  "rep": 129,
  "scenario": "A",
  "status": "ok",
  "n": 306,
  "n_sh": 264,
  "n_ns": 42,
  "true_mu": 2.5,
  "true_beta": 4.0,
  "true_Ksh": 0.15,
  "true_Kns": 0.02,
  "true_ash": 1.2,
  "true_ans": 0.2,
  "true_R": 7.5,
  "mu_hat": 2.2452634515659433,
  "beta_hat": 4.706379130897182,
  "Ksh_hat": 0.13000553721608404,
  "Kns_hat": 0.22023749937673817,
  "ash_hat": 1.4698807371546612,
  "ans_hat": 1.5520035269974553,
  "R_hat": 0.5902970092922124,
  "ll2": 93.64192217393327,
  "aic2": -175.28384434786653,
  "ll1": 93.1637536323667,
  "aic1": -178.3275072647334,
  "LR": 0.9563370831331213,
  "lrt_p": 0.6199177062753733,
  "R_lo": 0.31188257710258777,
  "R_hi": 33.0667298439886,
  "R_covered": true,
  "n_boot_ok": 35,
  "ks_p": 0.35453501640459817
}