{
  "rep": 113,
  "scenario": "A",
  "status": "ok",
  "n": 330,
  "n_sh": 274,
  "n_ns": 56,
  "true_mu": 2.5,
  "true_beta": 4.0,
  "true_Ksh": 0.15,
  "true_Kns": 0.02,
  "true_ash": 1.2,
  "true_ans": 0.2,
  "true_R": 7.5,
  "mu_hat": 2.4938858594766264,
  "beta_hat": 3.2046426757570994,
  "Ksh_hat": 0.10947417223316065,
  "Kns_hat": 0.24768383257671292,
  "ash_hat": 1.5096077462757196,
  "ans_hat": 5.7626137126887434e-05,
  "R_hat": 0.44199159506809627,
  "ll2": 123.92750973063431,
  "aic2": -235.85501946126863,
  "ll1": 123.59873129629449,
  "aic1": -239.19746259258898,
  "LR": 0.6575568686796487,
  "lrt_p": 0.719802482592597,
  "R_lo": 0.3694014218897406,
  "R_hi": 6853.973504858444,
  "R_covered": true,
  "n_boot_ok": 30,
  "ks_p": 0.4933977242740445
}