{
  "rep": 31,
  "scenario": "A",
  "status": "ok",
  "n": 273,
  "n_sh": 234,
  "n_ns": 39,
  "true_mu": 2.5,
  "true_beta": 4.0,
  "true_Ksh": 0.15,
  "true_Kns": 0.02,
  "true_ash": 1.2,
  "true_ans": 0.2,
  "true_R": 7.5,
  "mu_hat": 2.605496904632044,
  "beta_hat": 4.012556210658427,
  "Ksh_hat": 0.16491960341030162,
  "Kns_hat": 1.2778470958430088e-07,
  "ash_hat": 1.0000052347426631e-06,
  "ans_hat": 0.0065900826181700045,
  "R_hat": 1290605.1431881408,
  "ll2": 32.55305088429719,
  "aic2": -53.106101768594385,
  "ll1": 31.339987188798546,
  "aic1": -54.67997437759709,
  "LR": 2.4261273909972942,
  "lrt_p": 0.2972850918132369,
  "R_lo": 0.24209034774615257,
  "R_hi": 1305.0338565138823,
  "R_covered": true,
  "n_boot_ok": 32,
  "ks_p": 0.49991595072574
}