{
  "rep": 50,
  "scenario": "A",
  "status": "ok",
  "n": 322,
  "n_sh": 278,
  "n_ns": 44,
  "true_mu": 2.5,
  "true_beta": 4.0,
  "true_Ksh": 0.15,
  "true_Kns": 0.02,
  "true_ash": 1.2,
  "true_ans": 0.2,
  "true_R": 7.5,
  "mu_hat": 2.276015769383507,
  "beta_hat": 2.7569373483310513,
  "Ksh_hat": 0.31089826612350907,
  "Kns_hat": 0.01771145180438808,
  "ash_hat": 0.5078802160471226,
  "ans_hat": 2.25,
  "R_hat": 17.55351676176443,
  "ll2": 104.38926915215029,
  "aic2": -196.77853830430058,
  "ll1": 102.5803173596978,
  "aic1": -197.1606347193956,
  "LR": 3.6179035849049797,
  "lrt_p": 0.1638257702421002,
  "R_lo": 0.27476959220927455,
  "R_hi": 42.24655762348647,
  "R_covered": true,
  "n_boot_ok": 27,
  "ks_p": 0.7710698299368518
}