{
  "rep": 21,
  "scenario": "A",
  "status": "ok",
  "n": 322,
  "n_sh": 274,
  "n_ns": 48,
  "true_mu": 2.5,
  "true_beta": 4.0,
  "true_Ksh": 0.15,
  "true_Kns": 0.02,
  "true_ash": 1.2,
  "true_ans": 0.2,
  "true_R": 7.5,
  "mu_hat": 2.608051824230155,
  "beta_hat": 3.0205173652074335,
  "Ksh_hat": 0.28456546983784964,
  "Kns_hat": 2.2896932855253057e-07,
  "ash_hat": 0.2538884494321501,
  "ans_hat": 0.059222213737201775,
  "R_hat": 1242810.4307104351,
  "ll2": 95.74950998949589,
  "aic2": -179.49901997899178,
  "ll1": 91.98444182903006,
  "aic1": -175.96888365806012,
  "LR": 7.5301363209316605,
  "lrt_p": 0.02316603317387833,
  "R_lo": 0.229192586963897,
  "R_hi": 302.9976998266644,
  "R_covered": true,
  "n_boot_ok": 34,
  "ks_p": 0.48928099656996227
}