{
  "rep": 176,
  "scenario": "A",
  "status": "ok",
  "n": 286,
  "n_sh": 234,
  "n_ns": 52,
  "true_mu": 2.5,
  "true_beta": 4.0,
  "true_Ksh": 0.15,
  "true_Kns": 0.02,
  "true_ash": 1.2,
  "true_ans": 0.2,
  "true_R": 7.5,
  "mu_hat": 2.796042038322938,
  "beta_hat": 5.573326767150962,
  "Ksh_hat": 0.05195911876239296,
  "Kns_hat": 0.04770694962523652,
  "ash_hat": 1.3824711799002396,
  "ans_hat": 0.9796164037493816,
  "R_hat": 1.0891310211732146,
  "ll2": 49.10609644720495,
  "aic2": -86.2121928944099,
  "ll1": 49.061561807451824,
  "aic1": -90.12312361490365,
  "LR": 0.08906927950624777,
  "lrt_p": 0.9564424685888014,
  "R_lo": 0.29771062799308434,
  "R_hi": 123.57994133651164,
  "R_covered": true,
  "n_boot_ok": 30,
  "ks_p": 0.7422419397082722
}