{
  "rep": 58,
  "scenario": "A",
  "status": "ok",
  "n": 264,
  "n_sh": 233,
  "n_ns": 31,
  "true_mu": 2.5,
  "true_beta": 4.0,
  "true_Ksh": 0.15,
  "true_Kns": 0.02,
  "true_ash": 1.2,
  "true_ans": 0.2,
  "true_R": 7.5,
  "mu_hat": 2.110446506580721,
  "beta_hat": 5.731617104454038,
  "Ksh_hat": 0.21960006058486892,
  "Kns_hat": 1.1272354086657926e-06,
  "ash_hat": 0.7023278780119278,
  "ans_hat": 0.03534190535343013,
  "R_hat": 194812.9546824561,
  "ll2": 35.279371777458664,
  "aic2": -58.55874355491733,
  "ll1": 34.03291943185792,
  "aic1": -60.06583886371584,
  "LR": 2.4929046912014883,
  "lrt_p": 0.2875230219506042,
  "R_lo": 0.2962742342866825,
  "R_hi": 5168.470360165075,
  "R_covered": true,
  "n_boot_ok": 34,
  "ks_p": 0.966280460330304
}