{
  "rep": 179,
  "scenario": "A",
  "status": "ok",
  "n": 336,
  "n_sh": 291,
  "n_ns": 45,
  "true_mu": 2.5,
  "true_beta": 4.0,
  "true_Ksh": 0.15,
  "true_Kns": 0.02,
  "true_ash": 1.2,
  "true_ans": 0.2,
  "true_R": 7.5,
  "mu_hat": 2.7170124045738913,
  "beta_hat": 4.363068343722082,
  "Ksh_hat": 0.11907322232179123,
  "Kns_hat": 0.013708335293601994,
  "ash_hat": 1.415762309598912,
  "ans_hat": 2.25,
  "R_hat": 8.686191267685548,
  "ll2": 130.54136742667532,
  "aic2": -249.08273485335064,
  "ll1": 129.6347565096225,
  "aic1": -251.26951301924498,
  "LR": 1.8132218341056614,
  "lrt_p": 0.40389072630394496,
  "R_lo": 0.1707219888123215,
  "R_hi": 23.478760736111223,
  "R_covered": true,
  "n_boot_ok": 28,
  "ks_p": 0.9000864576034322
}