{
  "rep": 35,
  "scenario": "A",
  "status": "ok",
  "n": 302,
  "n_sh": 253,
  "n_ns": 49,
  "true_mu": 2.5,
  "true_beta": 4.0,
  "true_Ksh": 0.15,
  "true_Kns": 0.02,
  "true_ash": 1.2,
  "true_ans": 0.2,
  "true_R": 7.5,
  "mu_hat": 2.7623530684749684,
  "beta_hat": 4.299059653677441,
  "Ksh_hat": 0.061192339476606024,
  "Kns_hat": 6.529135445193555e-08,
  "ash_hat": 1.7593029068845467,
  "ans_hat": 0.003936339962619632,
  "R_hat": 937219.6363555755,
  "ll2": 73.78560447684464,
  "aic2": -135.57120895368928,
  "ll1": 70.93259077509185,
  "aic1": -133.8651815501837,
  "LR": 5.706027403505573,
  "lrt_p": 0.0576702577625251,
  "R_lo": 0.18090788239910716,
  "R_hi": 628.8027156895805,
  "R_covered": true,
  "n_boot_ok": 36,
  "ks_p": 0.9705541655837988
}