{
  "rep": 114,
  "scenario": "A",
  "status": "ok",
  "n": 353,
  "n_sh": 308,
  "n_ns": 45,
  "true_mu": 2.5,
  "true_beta": 4.0,
  "true_Ksh": 0.15,
  "true_Kns": 0.02,
  "true_ash": 1.2,
  "true_ans": 0.2,
  "true_R": 7.5,
  "mu_hat": 3.433902241211741,
  "beta_hat": 8.821591848982468,
  "Ksh_hat": 0.05539422885167448,
  "Kns_hat": 8.813113736482011e-07,
  "ash_hat": 1.520119219924795,
  "ans_hat": 0.17115270548755365,
  "R_hat": 62854.32198879866,
  "ll2": 137.5348926914205,
  "aic2": -263.069785382841,
  "ll1": 136.9243490758181,
  "aic1": -265.8486981516362,
  "LR": 1.2210872312048195,
  "lrt_p": 0.5430555753349021,
  "R_lo": 0.08786915594809577,
  "R_hi": 448.6959949472491,
  "R_covered": true,
  "n_boot_ok": 33,
  "ks_p": 0.7946176301452577
}