{
  "rep": 84,
  "scenario": "A",
  "status": "ok",
  "n": 285,
  "n_sh": 245,
  "n_ns": 40,
  "true_mu": 2.5,
  "true_beta": 4.0,
  "true_Ksh": 0.15,
  "true_Kns": 0.02,
  "true_ash": 1.2,
  "true_ans": 0.2,
  "true_R": 7.5,
  "mu_hat": 2.335432989698372,
  "beta_hat": 8.491611532825992,
  "Ksh_hat": 0.2050488761974469,
  "Kns_hat": 0.008473131022219868,
  "ash_hat": 0.7061475614435526,
  "ans_hat": 1.3865572344278452,
  "R_hat": 24.199894426243198,
  "ll2": 63.24269621091423,
  "aic2": -114.48539242182846,
  "ll1": 61.53777050550241,
  "aic1": -115.07554101100482,
  "LR": 3.4098514108236486,
  "lrt_p": 0.18178589138161572,
  "R_lo": 0.25910157107347537,
  "R_hi": 436.0288703756595,
  "R_covered": true,
  "n_boot_ok": 30,
  "ks_p": 0.9348234598152498
}