{
  "rep": 168,
  "scenario": "A",
  "status": "ok",
  "n": 332,
  "n_sh": 284,
  "n_ns": 48,
  "true_mu": 2.5,
  "true_beta": 4.0,
  "true_Ksh": 0.15,
  "true_Kns": 0.02,
  "true_ash": 1.2,
  "true_ans": 0.2,
  "true_R": 7.5,
  "mu_hat": 3.0363467060395473,
  "beta_hat": 8.008473004377114,
  "Ksh_hat": 0.12240673846686419,
  "Kns_hat": 7.626515390738265e-07,
  "ash_hat": 0.8443381646684247,
  "ans_hat": 0.040086319054136454,
  "R_hat": 160501.52946064522,
  "ll2": 111.13522767629922,
  "aic2": -210.27045535259845,
  "ll1": 109.99274700437695,
  "aic1": -211.9854940087539,
  "LR": 2.284961343844543,
  "lrt_p": 0.3190266389759504,
  "R_lo": 0.3516557962756632,
  "R_hi": 1255.5227536414031,
  "R_covered": true,
  "n_boot_ok": 31,
  "ks_p": 0.9796731200685687
}