{
  "rep": 142,
  "scenario": "A",
  "status": "ok",
  "n": 318,
  "n_sh": 270,
  "n_ns": 48,
  "true_mu": 2.5,
  "true_beta": 4.0,
  "true_Ksh": 0.15,
  "true_Kns": 0.02,
  "true_ash": 1.2,
  "true_ans": 0.2,
  "true_R": 7.5,
  "mu_hat": 2.189061904762898,
  "beta_hat": 4.480588374386737,
  "Ksh_hat": 0.18148315409891758,
  "Kns_hat": 9.999999999999982e-09,
  "ash_hat": 1.3823740244448977,
  "ans_hat": 0.03201237450701652,
  "R_hat": 18148315.40989179,
  "ll2": 126.80764691338726,
  "aic2": -241.61529382677452,
  "ll1": 122.36635931357739,
  "aic1": -236.73271862715478,
  "LR": 8.882575199619737,
  "lrt_p": 0.011780759845682276,
  "R_lo": 0.23679461130593682,
  "R_hi": 750.8818755004214,
  "R_covered": true,
  "n_boot_ok": 32,
  "ks_p": 0.25706848662898585
}