{
  "rep": 133,
  "scenario": "A",
  "status": "ok",
  "n": 305,
  "n_sh": 259,
  "n_ns": 46,
  "true_mu": 2.5,
  "true_beta": 4.0,
  "true_Ksh": 0.15,
  "true_Kns": 0.02,
  "true_ash": 1.2,
  "true_ans": 0.2,
  "true_R": 7.5,
  "mu_hat": 2.403286787632839,
  "beta_hat": 4.845193455398637,
  "Ksh_hat": 0.14078056719091325,
  "Kns_hat": 0.1975747721391251,
  "ash_hat": 1.2115104836855828,
  "ans_hat": 6.865018473806546e-06,
  "R_hat": 0.7125432344762144,
  "ll2": 96.19058582190792,
  "aic2": -180.38117164381583,
  "ll1": 93.913330315049,
  "aic1": -179.826660630098,
  "LR": 4.554511013717843,
  "lrt_p": 0.10256531058668694,
  "R_lo": 0.19290746236696432,
  "R_hi": 54.17364670922759,
  "R_covered": true,
  "n_boot_ok": 33,
  "ks_p": 0.8998738972957169
}