{
  "rep": 33,
  "scenario": "A",
  "status": "ok",
  "n": 338,
  "n_sh": 295,
  "n_ns": 43,
  "true_mu": 2.5,
  "true_beta": 4.0,
  "true_Ksh": 0.15,
  "true_Kns": 0.02,
  "true_ash": 1.2,
  "true_ans": 0.2,
  "true_R": 7.5,
  "mu_hat": 1.9968105608011946,
  "beta_hat": 3.7291850363199557,
  "Ksh_hat": 0.2664268865563669,
  "Kns_hat": 0.2142037843998746,
  "ash_hat": 1.0184685535503273,
  "ans_hat": 4.794019853942023e-06,
  "R_hat": 1.243801024817575,
  "ll2": 166.00285955678424,
  "aic2": -320.0057191135685,
  "ll1": 165.31911245582984,
  "aic1": -322.6382249116597,
  "LR": 1.367494201908812,
  "lrt_p": 0.5047221995569768,
  "R_lo": 0.2684802096061953,
  "R_hi": 39.406395304588536,
  "R_covered": true,
  "n_boot_ok": 26,
  "ks_p": 0.5967898709410899
}