{
  "rep": 65,
  "scenario": "A",
  "status": "ok",
  "n": 303,
  "n_sh": 257,
  "n_ns": 46,
  "true_mu": 2.5,
  "true_beta": 4.0,
  "true_Ksh": 0.15,
  "true_Kns": 0.02,
  "true_ash": 1.2,
  "true_ans": 0.2,
  "true_R": 7.5,
  "mu_hat": 2.4542387127527427,
  "beta_hat": 4.948519995412259,
  "Ksh_hat": 0.15356401197860525,
  "Kns_hat": 0.020853122330171957,
  "ash_hat": 1.1329900322293838,
  "ans_hat": 0.00039711049479370514,
  "R_hat": 7.364077644929777,
  "ll2": 85.09283647033493,
  "aic2": -158.18567294066986,
  "ll1": 83.2323015282862,
  "aic1": -158.4646030565724,
  "LR": 3.72106988409746,
  "lrt_p": 0.15558937680207896,
  "R_lo": 0.18130390826224063,
  "R_hi": 21.526797327753496,
  "R_covered": true,
  "n_boot_ok": 32,
  "ks_p": 0.4506256012362838
}