{
  "rep": 28,
  "scenario": "A",
  "status": "ok",
  "n": 293,
  "n_sh": 252,
  "n_ns": 41,
  "true_mu": 2.5,
  "true_beta": 4.0,
  "true_Ksh": 0.15,
  "true_Kns": 0.02,
  "true_ash": 1.2,
  "true_ans": 0.2,
  "true_R": 7.5,
  "mu_hat": 2.167629719773788,
  "beta_hat": 4.218253938106379,
  "Ksh_hat": 0.1818765383581471,
  "Kns_hat": 5.913129278256916e-08,
  "ash_hat": 1.1602336853183064,
  "ans_hat": 0.009104748557824734,
  "R_hat": 3075808.5913481163,
  "ll2": 81.45627636415873,
  "aic2": -150.91255272831745,
  "ll1": 78.24729402601707,
  "aic1": -148.49458805203415,
  "LR": 6.4179646762833045,
  "lrt_p": 0.04039770356255468,
  "R_lo": 0.16171586594840817,
  "R_hi": 37.77327162548751,
  "R_covered": true,
  "n_boot_ok": 30,
  "ks_p": 0.4881912126974072
}