{
  "rep": 161,
  "scenario": "A",
  "status": "ok",
  "n": 265,
  "n_sh": 218,
  "n_ns": 47,
  "true_mu": 2.5,
  "true_beta": 4.0,
  "true_Ksh": 0.15,
  "true_Kns": 0.02,
  "true_ash": 1.2,
  "true_ans": 0.2,
  "true_R": 7.5,
  "mu_hat": 2.3088953826003835,
  "beta_hat": 4.075823041289401,
  "Ksh_hat": 0.125297784735984,
  "Kns_hat": 1.9377013142170784e-07,
  "ash_hat": 1.342671793751618,
  "ans_hat": 0.06509732117710877,
  "R_hat": 646631.0561729176,
  "ll2": 31.40538485910008,
  "aic2": -50.81076971820016,
  "ll1": 29.608309644949088,
  "aic1": -51.216619289898176,
  "LR": 3.5941504283019867,
  "lrt_p": 0.16578305977461838,
  "R_lo": 0.23609414699739714,
  "R_hi": 75.56806705092797,
  "R_covered": true,
  "n_boot_ok": 33,
  "ks_p": 0.9627499575058241
}