{
  "rep": 45,
  "scenario": "A",
  "status": "ok",
  "n": 274,
  "n_sh": 240,
  "n_ns": 34,
  "true_mu": 2.5,
  "true_beta": 4.0,
  "true_Ksh": 0.15,
  "true_Kns": 0.02,
  "true_ash": 1.2,
  "true_ans": 0.2,
  "true_R": 7.5,
  "mu_hat": 1.9609877046811943,
  "beta_hat": 1.940837806468364,
  "Ksh_hat": 0.21978151775067137,
  "Kns_hat": 4.3855123288856826e-07,
  "ash_hat": 1.2409823375044569,
  "ans_hat": 0.035946105766169606,
  "R_hat": 501153.57401472813,
  "ll2": 46.60238031872433,
  "aic2": -81.20476063744866,
  "ll1": 43.86477962247511,
  "aic1": -79.72955924495022,
  "LR": 5.475201392498434,
  "lrt_p": 0.06472545677210628,
  "R_lo": 0.18800646744592273,
  "R_hi": 173.24291712566747,
  "R_covered": true,
  "n_boot_ok": 34,
  "ks_p": 0.920673895154573
}