{
  "rep": 86,
  "scenario": "A",
  "status": "ok",
  "n": 290,
  "n_sh": 233,
  "n_ns": 57,
  "true_mu": 2.5,
  "true_beta": 4.0,
  "true_Ksh": 0.15,
  "true_Kns": 0.02,
  "true_ash": 1.2,
  "true_ans": 0.2,
  "true_R": 7.5,
  "mu_hat": 2.705561070369099,
  "beta_hat": 3.6262507879985555,
  "Ksh_hat": 0.12785714921154487,
  "Kns_hat": 6.519556945056386e-08,
  "ash_hat": 0.9158449236417345,
  "ans_hat": 0.014402856866668947,
  "R_hat": 1961132.4862879785,
  "ll2": 53.1237269015582,
  "aic2": -94.2474538031164,
  "ll1": 51.2810493494739,
  "aic1": -94.5620986989478,
  "LR": 3.6853551041685932,
  "lrt_p": 0.1583927529725604,
  "R_lo": 0.49406706007819934,
  "R_hi": 1682.8003131843666,
  "R_covered": true,
  "n_boot_ok": 30,
  "ks_p": 0.8277322145205984
}