{
  "rep": 61,
  "scenario": "A",
  "status": "ok",
  "n": 295,
  "n_sh": 248,
  "n_ns": 47,
  "true_mu": 2.5,
  "true_beta": 4.0,
  "true_Ksh": 0.15,
  "true_Kns": 0.02,
  "true_ash": 1.2,
  "true_ans": 0.2,
  "true_R": 7.5,
  "mu_hat": 2.7094085855960888,
  "beta_hat": 7.219697049782158,
  "Ksh_hat": 0.15842426097856438,
  "Kns_hat": 0.014016438127403903,
  "ash_hat": 0.542148681376587,
  "ans_hat": 2.25,
  "R_hat": 11.302747498226742,
  "ll2": 61.306947441474904,
  "aic2": -110.61389488294981,
  "ll1": 60.572350170912216,
  "aic1": -113.14470034182443,
  "LR": 1.4691945411253755,
  "lrt_p": 0.47969860882953075,
  "R_lo": 0.27810155729932584,
  "R_hi": 617.886728901755,
  "R_covered": true,
  "n_boot_ok": 32,
  "ks_p": 0.7813301953561953
}