{
  "rep": 72,
  "scenario": "A",
  "status": "ok",
  "n": 267,
  "n_sh": 237,
  "n_ns": 30,
  "true_mu": 2.5,
  "true_beta": 4.0,
  "true_Ksh": 0.15,
  "true_Kns": 0.02,
  "true_ash": 1.2,
  "true_ans": 0.2,
  "true_R": 7.5,
  "mu_hat": 2.2253672119022054,
  "beta_hat": 5.198758149964775,
  "Ksh_hat": 0.13036090260152453,
  "Kns_hat": 1.3400482820205744e-08,
  "ash_hat": 1.3486969503435058,
  "ans_hat": 0.03801418667732218,
  "R_hat": 9728075.051516915,
  "ll2": 45.09932611754351,
  "aic2": -78.19865223508702,
  "ll1": 42.31187006251764,
  "aic1": -76.62374012503528,
  "LR": 5.574912110051741,
  "lrt_p": 0.06157766502057116,
  "R_lo": 0.3408393006834534,
  "R_hi": 2474.2093955829637,
  "R_covered": true,
  "n_boot_ok": 33,
  "ks_p": 0.1906120348821012
}