{
  "rep": 70,
  "scenario": "A",
  "status": "ok",
  "n": 326,
  "n_sh": 268,
  "n_ns": 58,
  "true_mu": 2.5,
  "true_beta": 4.0,
  "true_Ksh": 0.15,
  "true_Kns": 0.02,
  "true_ash": 1.2,
  "true_ans": 0.2,
  "true_R": 7.5,
  "mu_hat": 2.786287265780856,
  "beta_hat": 3.526684259424104,
  "Ksh_hat": 0.11890725974040557,
  "Kns_hat": 3.687812028050721e-07,
  "ash_hat": 1.285813260756063,
  "ans_hat": 0.10336906928280724,
  "R_hat": 322433.0818272665,
  "ll2": 112.0832655949124,
  "aic2": -212.1665311898248,
  "ll1": 111.2879183966806,
  "aic1": -214.5758367933612,
  "LR": 1.5906943964636184,
  "lrt_p": 0.45142447393145324,
  "R_lo": 0.24272897500487234,
  "R_hi": 1204.3015058441645,
  "R_covered": true,
  "n_boot_ok": 33,
  "ks_p": 0.6131465532703202
}