{
  "rep": 4,
  "scenario": "A",
  "status": "ok",
  "n": 371,
  "n_sh": 315,
  "n_ns": 56,
  "true_mu": 2.5,
  "true_beta": 4.0,
  "true_Ksh": 0.15,
  "true_Kns": 0.02,
  "true_ash": 1.2,
  "true_ans": 0.2,
  "true_R": 7.5,
  "mu_hat": 3.044602386588019,
  "beta_hat": 4.379094852921266,
  "Ksh_hat": 0.13164675173826634,
  "Kns_hat": 0.01679379123750114,
  "ash_hat": 1.2896241153933206,
  "ans_hat": 2.25,
  "R_hat": 7.839013232717483,
  "ll2": 169.12164854273306,
  "aic2": -326.2432970854661,
  "ll1": 167.764580345358,
  "aic1": -327.529160690716,
  "LR": 2.714136394750085,
  "lrt_p": 0.25741435983149885,
  "R_lo": 0.2774301618144134,
  "R_hi": 55.810614809929476,
  "R_covered": true,
  "n_boot_ok": 26,
  "ks_p": 0.6441653296544881
}