{
  "rep": 110,
  "scenario": "A",
  "status": "ok",
  "n": 327,
  "n_sh": 275,
  "n_ns": 52,
  "true_mu": 2.5,
  "true_beta": 4.0,
  "true_Ksh": 0.15,
  "true_Kns": 0.02,
  "true_ash": 1.2,
  "true_ans": 0.2,
  "true_R": 7.5,
  "mu_hat": 2.3196888667179865,
  "beta_hat": 4.005675563676188,
  "Ksh_hat": 0.17464482783461494,
  "Kns_hat": 0.24631937695100745,
  "ash_hat": 1.119825355891991,
  "ans_hat": 0.586912009298039,
  "R_hat": 0.7090178206700788,
  "ll2": 121.29708674635441,
  "aic2": -230.59417349270882,
  "ll1": 121.05975555513044,
  "aic1": -234.11951111026087,
  "LR": 0.4746623824479457,
  "lrt_p": 0.7887300242937415,
  "R_lo": 0.2187268277291165,
  "R_hi": 4193.579117928817,
  "R_covered": true,
  "n_boot_ok": 39,
  "ks_p": 0.7606130949643621
}