{
  "rep": 78,
  "scenario": "A",
  "status": "ok",
  "n": 305,
  "n_sh": 256,
  "n_ns": 49,
  "true_mu": 2.5,
  "true_beta": 4.0,
  "true_Ksh": 0.15,
  "true_Kns": 0.02,
  "true_ash": 1.2,
  "true_ans": 0.2,
  "true_R": 7.5,
  "mu_hat": 2.5272252614530486,
  "beta_hat": 6.335028349137037,
  "Ksh_hat": 0.12510856958851702,
  "Kns_hat": 0.05094049013343353,
  "ash_hat": 1.1686277028451066,
  "ans_hat": 1.820415820236709,
  "R_hat": 2.4559749869074206,
  "ll2": 90.12090981875684,
  "aic2": -168.2418196375137,
  "ll1": 89.89539830977384,
  "aic1": -171.79079661954768,
  "LR": 0.4510230179660084,
  "lrt_p": 0.7981078749850647,
  "R_lo": 0.23202966386563395,
  "R_hi": 13.393253969118836,
  "R_covered": true,
  "n_boot_ok": 31,
  "ks_p": 0.9961959450734149
}