{
  "rep": 96,
  "scenario": "A",
  "status": "ok",
  "n": 287,
  "n_sh": 254,
  "n_ns": 33,
  "true_mu": 2.5,
  "true_beta": 4.0,
  "true_Ksh": 0.15,
  "true_Kns": 0.02,
  "true_ash": 1.2,
  "true_ans": 0.2,
  "true_R": 7.5,
  "mu_hat": 2.5077273148387054,
  "beta_hat": 3.7760821481467866,
  "Ksh_hat": 0.10855894016881348,
  "Kns_hat": 1.0286694767540375e-07,
  "ash_hat": 1.3380529540930959,
  "ans_hat": 0.07998028135157888,
  "R_hat": 1055333.5412592466,
  "ll2": 57.24394190071183,
  "aic2": -102.48788380142366,
  "ll1": 56.15271064185532,
  "aic1": -104.30542128371064,
  "LR": 2.18246251771302,
  "lrt_p": 0.3358027789184166,
  "R_lo": 0.12751239358715658,
  "R_hi": 3505.216391245154,
  "R_covered": true,
  "n_boot_ok": 31,
  "ks_p": 0.5148125138859767
}