{
  "rep": 49,
  "scenario": "A",
  "status": "ok",
  "n": 286,
  "n_sh": 247,
  "n_ns": 39,
  "true_mu": 2.5,
  "true_beta": 4.0,
  "true_Ksh": 0.15,
  "true_Kns": 0.02,
  "true_ash": 1.2,
  "true_ans": 0.2,
  "true_R": 7.5,
  "mu_hat": 2.782745064433682,
  "beta_hat": 10.000000000000002,
  "Ksh_hat": 0.10158992421487092,
  "Kns_hat": 2.9500609428864486e-08,
  "ash_hat": 0.7172496980998934,
  "ans_hat": 0.6580567524776398,
  "R_hat": 3443655.1034593745,
  "ll2": 49.380929232915776,
  "aic2": -86.76185846583155,
  "ll1": 48.3238650040978,
  "aic1": -88.6477300081956,
  "LR": 2.1141284576359567,
  "lrt_p": 0.3474744197844142,
  "R_lo": 0.15091849535989424,
  "R_hi": 542.3934864333595,
  "R_covered": true,
  "n_boot_ok": 36,
  "ks_p": 0.9367427541574997
}