{
  "rep": 37,
  "scenario": "A",
  "status": "ok",
  "n": 315,
  "n_sh": 263,
  "n_ns": 52,
  "true_mu": 2.5,
  "true_beta": 4.0,
  "true_Ksh": 0.15,
  "true_Kns": 0.02,
  "true_ash": 1.2,
  "true_ans": 0.2,
  "true_R": 7.5,
  "mu_hat": 2.576929633802495,
  "beta_hat": 4.490582630813634,
  "Ksh_hat": 0.14656359864791807,
  "Kns_hat": 2.7364426052775435e-06,
  "ash_hat": 1.2786110001834987,
  "ans_hat": 0.037656293476381476,
  "R_hat": 53559.90232181495,
  "ll2": 97.05431859571615,
  "aic2": -182.1086371914323,
  "ll1": 95.72195695853077,
  "aic1": -183.44391391706154,
  "LR": 2.664723274370772,
  "lrt_p": 0.2638533989231001,
  "R_lo": 0.19179073904688113,
  "R_hi": 372.75561544206005,
  "R_covered": true,
  "n_boot_ok": 35,
  "ks_p": 0.606293228140348
}