{
  "rep": 165,
  "scenario": "A",
  "status": "ok",
  "n": 310,
  "n_sh": 261,
  "n_ns": 49,
  "true_mu": 2.5,
  "true_beta": 4.0,
  "true_Ksh": 0.15,
  "true_Kns": 0.02,
  "true_ash": 1.2,
  "true_ans": 0.2,
  "true_R": 7.5,
  "mu_hat": 2.1171428818765596,
  "beta_hat": 4.24956406196447,
  "Ksh_hat": 0.24679073470941817,
  "Kns_hat": 4.2738225148474914e-08,
  "ash_hat": 1.0670162948833781,
  "ans_hat": 0.024774747317670195,
  "R_hat": 5774473.175993008,
  "ll2": 104.64442057362925,
  "aic2": -197.2888411472585,
  "ll1": 98.58667846020711,
  "aic1": -189.17335692041422,
  "LR": 12.115484226844274,
  "lrt_p": 0.002339677654889738,
  "R_lo": 0.1878213001539681,
  "R_hi": 85.73432053163926,
  "R_covered": true,
  "n_boot_ok": 32,
  "ks_p": 0.7071538725178927
}