{
  "rep": 126,
  "scenario": "A",
  "status": "ok",
  "n": 309,
  "n_sh": 261,
  "n_ns": 48,
  "true_mu": 2.5,
  "true_beta": 4.0,
  "true_Ksh": 0.15,
  "true_Kns": 0.02,
  "true_ash": 1.2,
  "true_ans": 0.2,
  "true_R": 7.5,
  "mu_hat": 2.8512495651583447,
  "beta_hat": 1.6140990288042347,
  "Ksh_hat": 0.04840949815495585,
  "Kns_hat": 2.0862366852653358e-08,
  "ash_hat": 2.25,
  "ans_hat": 0.11786367177492936,
  "R_hat": 2320422.1504138173,
  "ll2": 78.19592830078312,
  "aic2": -144.39185660156625,
  "ll1": 78.30505763469745,
  "aic1": -148.6101152693949,
  "LR": -0.21825866782864978,
  "lrt_p": 1.0,
  "R_lo": 0.21085631907700925,
  "R_hi": 107.8096954244483,
  "R_covered": true,
  "n_boot_ok": 33,
  "ks_p": 0.6627722654744046
}