{
  "rep": 36,
  "scenario": "A",
  "status": "ok",
  "n": 308,
  "n_sh": 268,
  "n_ns": 40,
  "true_mu": 2.5,
  "true_beta": 4.0,
  "true_Ksh": 0.15,
  "true_Kns": 0.02,
  "true_ash": 1.2,
  "true_ans": 0.2,
  "true_R": 7.5,
  "mu_hat": 2.4481191765023773,
  "beta_hat": 4.367756205853888,
  "Ksh_hat": 0.11508356209467868,
  "Kns_hat": 0.15626973117362103,
  "ash_hat": 1.2623667155969456,
  "ans_hat": 0.5297210091163592,
  "R_hat": 0.7364417998954442,
  "ll2": 97.22644158342655,
  "aic2": -182.4528831668531,
  "ll1": 96.81530973439885,
  "aic1": -185.6306194687977,
  "LR": 0.8222636980553943,
  "lrt_p": 0.6628995231809043,
  "R_lo": 0.24998067922815084,
  "R_hi": 462.31614793804465,
  "R_covered": true,
  "n_boot_ok": 38,
  "ks_p": 0.6751877075699334
}