{
  "rep": 59,
  "scenario": "A",
  "status": "ok",
  "n": 345,
  "n_sh": 295,
  "n_ns": 50,
  "true_mu": 2.5,
  "true_beta": 4.0,
  "true_Ksh": 0.15,
  "true_Kns": 0.02,
  "true_ash": 1.2,
  "true_ans": 0.2,
  "true_R": 7.5,
  "mu_hat": 2.5204276028864636,
  "beta_hat": 2.8898831803488503,
  "Ksh_hat": 0.2717652196369727,
  "Kns_hat": 8.81371112104064e-07,
  "ash_hat": 0.7548668884615488,
  "ans_hat": 0.20746822851542052,
  "R_hat": 308343.68849257816,
  "ll2": 131.6911358324278,
  "aic2": -251.38227166485558,
  "ll1": 130.46031708720398,
  "aic1": -252.92063417440795,
  "LR": 2.461637490447629,
  "lrt_p": 0.29205336247044533,
  "R_lo": 0.37363247966921087,
  "R_hi": 519.4799368843188,
  "R_covered": true,
  "n_boot_ok": 29,
  "ks_p": 0.9594964441544427
}