{
  "rep": 185,
  "scenario": "A",
  "status": "ok",
  "n": 314,
  "n_sh": 278,
  "n_ns": 36,
  "true_mu": 2.5,
  "true_beta": 4.0,
  "true_Ksh": 0.15,
  "true_Kns": 0.02,
  "true_ash": 1.2,
  "true_ans": 0.2,
  "true_R": 7.5,
  "mu_hat": 2.4313449608054225,
  "beta_hat": 2.877999131515636,
  "Ksh_hat": 0.15822444833441837,
  "Kns_hat": 0.04947008298255147,
  "ash_hat": 1.05316550591375,
  "ans_hat": 2.25,
  "R_hat": 3.198386555976175,
  "ll2": 91.70290563349931,
  "aic2": -171.40581126699863,
  "ll1": 90.34584824990526,
  "aic1": -172.69169649981052,
  "LR": 2.714114767188107,
  "lrt_p": 0.2574171434690602,
  "R_lo": 0.17934464995080124,
  "R_hi": 131.470658981338,
  "R_covered": true,
  "n_boot_ok": 34,
  "ks_p": 0.3274508000246732
}