{
  "rep": 139,
  "scenario": "A",
  "status": "ok",
  "n": 273,
  "n_sh": 234,
  "n_ns": 39,
  "true_mu": 2.5,
  "true_beta": 4.0,
  "true_Ksh": 0.15,
  "true_Kns": 0.02,
  "true_ash": 1.2,
  "true_ans": 0.2,
  "true_R": 7.5,
  "mu_hat": 2.1985905030139836,
  "beta_hat": 2.6949200857876994,
  "Ksh_hat": 0.12918926795551358,
  "Kns_hat": 0.0981971602602255,
  "ash_hat": 1.2059801924999836,
  "ans_hat": 2.219889078266093,
  "R_hat": 1.3156110381721635,
  "ll2": 51.892895380541574,
  "aic2": -91.78579076108315,
  "ll1": 51.76826601168767,
  "aic1": -95.53653202337534,
  "LR": 0.24925873770780527,
  "lrt_p": 0.8828240440436897,
  "R_lo": 0.24112204279357,
  "R_hi": 45.279485765359894,
  "R_covered": true,
  "n_boot_ok": 33,
  "ks_p": 0.7946443681899874
}