{
  "rep": 171,
  "scenario": "A",
  "status": "ok",
  "n": 327,
  "n_sh": 281,
  "n_ns": 46,
  "true_mu": 2.5,
  "true_beta": 4.0,
  "true_Ksh": 0.15,
  "true_Kns": 0.02,
  "true_ash": 1.2,
  "true_ans": 0.2,
  "true_R": 7.5,
  "mu_hat": 2.0538255902992595,
  "beta_hat": 2.6320892793910082,
  "Ksh_hat": 0.23740718372992065,
  "Kns_hat": 7.00523633957565e-05,
  "ash_hat": 1.2102839467487314,
  "ans_hat": 0.001290983788033493,
  "R_hat": 3388.996062683901,
  "ll2": 137.08623345705223,
  "aic2": -262.17246691410446,
  "ll1": 134.829050906789,
  "aic1": -261.658101813578,
  "LR": 4.514365100526447,
  "lrt_p": 0.10464490155808504,
  "R_lo": 0.4654699260901622,
  "R_hi": 97.72734283210792,
  "R_covered": true,
  "n_boot_ok": 23,
  "ks_p": 0.9414790566599387
}