{
  "rep": 39,
  "scenario": "A",
  "status": "ok",
  "n": 320,
  "n_sh": 269,
  "n_ns": 51,
  "true_mu": 2.5,
  "true_beta": 4.0,
  "true_Ksh": 0.15,
  "true_Kns": 0.02,
  "true_ash": 1.2,
  "true_ans": 0.2,
  "true_R": 7.5,
  "mu_hat": 2.454486421825058,
  "beta_hat": 2.8442351457158335,
  "Ksh_hat": 0.06909871984689012,
  "Kns_hat": 0.09585350619762548,
  "ash_hat": 1.9923860005872551,
  "ans_hat": 1.3146903056462893,
  "R_hat": 0.7208783756373626,
  "ll2": 123.80646098672537,
  "aic2": -235.61292197345074,
  "ll1": 122.5298814725981,
  "aic1": -237.0597629451962,
  "LR": 2.5531590282545267,
  "lrt_p": 0.2789899514473091,
  "R_lo": 0.17948898512011213,
  "R_hi": 477.18409323966273,
  "R_covered": true,
  "n_boot_ok": 32,
  "ks_p": 0.9205441768637543
}