{
  "rep": 82,
  "scenario": "A",
  "status": "ok",
  "n": 278,
  "n_sh": 241,
  "n_ns": 37,
  "true_mu": 2.5,
  "true_beta": 4.0,
  "true_Ksh": 0.15,
  "true_Kns": 0.02,
  "true_ash": 1.2,
  "true_ans": 0.2,
  "true_R": 7.5,
  "mu_hat": 2.3915609855322018,
  "beta_hat": 6.975730028020112,
  "Ksh_hat": 0.22730695051410155,
  "Kns_hat": 1.6800768588522195e-06,
  "ash_hat": 0.3105535229041089,
  "ans_hat": 0.02123635100756031,
  "R_hat": 135295.5665786571,
  "ll2": 47.44172541214351,
  "aic2": -82.88345082428702,
  "ll1": 46.12035121532239,
  "aic1": -84.24070243064477,
  "LR": 2.6427483936422504,
  "lrt_p": 0.2667684575989895,
  "R_lo": 0.2037302993054683,
  "R_hi": 1324.6306315392899,
  "R_covered": true,
  "n_boot_ok": 30,
  "ks_p": 0.9246379306828412
}