{
  "rep": 120,
  "scenario": "A",
  "status": "ok",
  "n": 291,
  "n_sh": 243,
  "n_ns": 48,
  "true_mu": 2.5,
  "true_beta": 4.0,
  "true_Ksh": 0.15,
  "true_Kns": 0.02,
  "true_ash": 1.2,
  "true_ans": 0.2,
  "true_R": 7.5,
  "mu_hat": 2.5954606351366487,
  "beta_hat": 5.268949425318741,
  "Ksh_hat": 0.06323755463669631,
  "Kns_hat": 0.27801984216594977,
  "ash_hat": 1.8755163516276305,
  "ans_hat": 2.6328959586735396e-06,
  "R_hat": 0.2274569834441884,
  "ll2": 60.23850260591138,
  "aic2": -108.47700521182276,
  "ll1": 58.473697970392664,
  "aic1": -108.94739594078533,
  "LR": 3.5296092710374296,
  "lrt_p": 0.17122023356976523,
  "R_lo": 0.22667859308501667,
  "R_hi": 171.64945349442596,
  "R_covered": true,
  "n_boot_ok": 26,
  "ks_p": 0.8942761016417153
}