{
  "rep": 53,
  "scenario": "A",
  "status": "ok",
  "n": 330,
  "n_sh": 278,
  "n_ns": 52,
  "true_mu": 2.5,
  "true_beta": 4.0,
  "true_Ksh": 0.15,
  "true_Kns": 0.02,
  "true_ash": 1.2,
  "true_ans": 0.2,
  "true_R": 7.5,
  "mu_hat": 2.710044158885416,
  "beta_hat": 6.182965572970475,
  "Ksh_hat": 0.2734587250067735,
  "Kns_hat": 2.855551564605744e-07,
  "ash_hat": 0.28601918730107345,
  "ans_hat": 0.041613686215995586,
  "R_hat": 957638.8967941083,
  "ll2": 112.42373759646972,
  "aic2": -212.84747519293944,
  "ll1": 109.33841752196923,
  "aic1": -210.67683504393847,
  "LR": 6.170640149000974,
  "lrt_p": 0.0457153992246786,
  "R_lo": 0.25742458422358,
  "R_hi": 329.4003032596836,
  "R_covered": true,
  "n_boot_ok": 35,
  "ks_p": 0.7487333152428813
}