{
  "rep": 24,
  "scenario": "A",
  "status": "ok",
  "n": 324,
  "n_sh": 279,
  "n_ns": 45,
  "true_mu": 2.5,
  "true_beta": 4.0,
  "true_Ksh": 0.15,
  "true_Kns": 0.02,
  "true_ash": 1.2,
  "true_ans": 0.2,
  "true_R": 7.5,
  "mu_hat": 2.1339163734716893,
  "beta_hat": 3.686408688214932,
  "Ksh_hat": 0.26793139960497186,
  "Kns_hat": 9.999999999999982e-09,
  "ash_hat": 0.9558855614145751,
  "ans_hat": 6.985302898317683e-05,
  "R_hat": 26793139.960497234,
  "ll2": 128.89850495484632,
  "aic2": -245.79700990969263,
  "ll1": 123.91542562820945,
  "aic1": -239.8308512564189,
  "LR": 9.966158653273737,
  "lrt_p": 0.006852927630931149,
  "R_lo": 0.260160688762318,
  "R_hi": 2203.9162398273743,
  "R_covered": true,
  "n_boot_ok": 31,
  "ks_p": 0.8196571962231908
}