{
  "rep": 44,
  "scenario": "A",
  "status": "ok",
  "n": 310,
  "n_sh": 264,
  "n_ns": 46,
  "true_mu": 2.5,
  "true_beta": 4.0,
  "true_Ksh": 0.15,
  "true_Kns": 0.02,
  "true_ash": 1.2,
  "true_ans": 0.2,
  "true_R": 7.5,
  "mu_hat": 2.3943747953988685,
  "beta_hat": 6.668331822208339,
  "Ksh_hat": 0.14614102237008728,
  "Kns_hat": 0.18442081197727045,
  "ash_hat": 1.3473278192204154,
  "ans_hat": 1.559786937738094e-06,
  "R_hat": 0.7924323768192655,
  "ll2": 100.51374359673468,
  "aic2": -189.02748719346937,
  "ll1": 97.44460159939251,
  "aic1": -186.88920319878503,
  "LR": 6.138283994684343,
  "lrt_p": 0.046461001423463655,
  "R_lo": 0.27625741413163757,
  "R_hi": 6396.241460380615,
  "R_covered": true,
  "n_boot_ok": 34,
  "ks_p": 0.7494444577480159
}