{
  "rep": 77,
  "scenario": "A",
  "status": "ok",
  "n": 284,
  "n_sh": 240,
  "n_ns": 44,
  "true_mu": 2.5,
  "true_beta": 4.0,
  "true_Ksh": 0.15,
  "true_Kns": 0.02,
  "true_ash": 1.2,
  "true_ans": 0.2,
  "true_R": 7.5,
  "mu_hat": 2.2767716771135484,
  "beta_hat": 3.144729648048822,
  "Ksh_hat": 0.30151410748487717,
  "Kns_hat": 1.8747292863297395e-08,
  "ash_hat": 0.20675963523217392,
  "ans_hat": 0.1728847986957807,
  "R_hat": 16083074.483525453,
  "ll2": 51.51102609218344,
  "aic2": -91.02205218436688,
  "ll1": 48.9750596776359,
  "aic1": -89.9501193552718,
  "LR": 5.07193282909509,
  "lrt_p": 0.07918515658777203,
  "R_lo": 0.1961974944332644,
  "R_hi": 2026.6128874588676,
  "R_covered": true,
  "n_boot_ok": 32,
  "ks_p": 0.8156466806075474
}