{
  "rep": 102,
  "scenario": "A",
  "status": "ok",
  "n": 273,
  "n_sh": 231,
  "n_ns": 42,
  "true_mu": 2.5,
  "true_beta": 4.0,
  "true_Ksh": 0.15,
  "true_Kns": 0.02,
  "true_ash": 1.2,
  "true_ans": 0.2,
  "true_R": 7.5,
  "mu_hat": 2.0390334952379345,
  "beta_hat": 2.572825126718398,
  "Ksh_hat": 0.2508733949744242,
  "Kns_hat": 1.815947037989406e-07,
  "ash_hat": 0.8275729759031506,
  "ans_hat": 0.16980711056796377,
  "R_hat": 1381501.716328622,
  "ll2": 43.27178506590451,
  "aic2": -74.54357013180902,
  "ll1": 41.7290540378097,
  "aic1": -75.4581080756194,
  "LR": 3.0854620561896127,
  "lrt_p": 0.21379641937095106,
  "R_lo": 0.11473946468065307,
  "R_hi": 3233.727323159625,
  "R_covered": true,
  "n_boot_ok": 31,
  "ks_p": 0.3635801513935185
}