{
  "rep": 71,
  "scenario": "A",
  "status": "ok",
  "n": 318,
  "n_sh": 283,
  "n_ns": 35,
  "true_mu": 2.5,
  "true_beta": 4.0,
  "true_Ksh": 0.15,
  "true_Kns": 0.02,
  "true_ash": 1.2,
  "true_ans": 0.2,
  "true_R": 7.5,
  "mu_hat": 2.3963060008356143,
  "beta_hat": 4.334705167685218,
  "Ksh_hat": 0.16825745508308504,
  "Kns_hat": 0.11333696376720273,
  "ash_hat": 1.146805595414365,
  "ans_hat": 0.6051623737464888,
  "R_hat": 1.4845770478613713,
  "ll2": 108.91998552805234,
  "aic2": -205.83997105610467,
  "ll1": 108.52613979176681,
  "aic1": -209.05227958353362,
  "LR": 0.7876914725710549,
  "lrt_p": 0.6744580926263428,
  "R_lo": 0.15892808145397613,
  "R_hi": 53.663520464807995,
  "R_covered": true,
  "n_boot_ok": 32,
  "ks_p": 0.7377917569033581
}