{
  "rep": 119,
  "scenario": "A",
  "status": "ok",
  "n": 327,
  "n_sh": 273,
  "n_ns": 54,
  "true_mu": 2.5,
  "true_beta": 4.0,
  "true_Ksh": 0.15,
  "true_Kns": 0.02,
  "true_ash": 1.2,
  "true_ans": 0.2,
  "true_R": 7.5,
  "mu_hat": 1.866342979154518,
  "beta_hat": 2.4311993195888197,
  "Ksh_hat": 0.3096280276601942,
  "Kns_hat": 9.213733110805438e-06,
  "ash_hat": 1.1016732986813795,
  "ans_hat": 0.016299449381817592,
  "R_hat": 33605.057139877084,
  "ll2": 129.83457522439517,
  "aic2": -247.66915044879033,
  "ll1": 125.07743895777065,
  "aic1": -242.1548779155413,
  "LR": 9.514272533249027,
  "lrt_p": 0.00859017417571073,
  "R_lo": 0.16536472606376834,
  "R_hi": 107.14388063399889,
  "R_covered": true,
  "n_boot_ok": 31,
  "ks_p": 0.8544820013334274
}