{
  "rep": 93,
  "scenario": "A",
  "status": "ok",
  "n": 305,
  "n_sh": 257,
  "n_ns": 48,
  "true_mu": 2.5,
  "true_beta": 4.0,
  "true_Ksh": 0.15,
  "true_Kns": 0.02,
  "true_ash": 1.2,
  "true_ans": 0.2,
  "true_R": 7.5,
  "mu_hat": 2.4684253402585217,
  "beta_hat": 3.230045531671464,
  "Ksh_hat": 0.11347816153728087,
  "Kns_hat": 0.17623946603832333,
  "ash_hat": 1.3686026199492716,
  "ans_hat": 7.452811676992987e-06,
  "R_hat": 0.6438862082832514,
  "ll2": 84.36151062010305,
  "aic2": -156.7230212402061,
  "ll1": 82.69290204882225,
  "aic1": -157.3858040976445,
  "LR": 3.337217142561599,
  "lrt_p": 0.1885091803268446,
  "R_lo": 0.18803040639385246,
  "R_hi": 67.60150834030316,
  "R_covered": true,
  "n_boot_ok": 33,
  "ks_p": 0.9903859195594423
}