{
  "rep": 64,
  "scenario": "A",
  "status": "ok",
  "n": 287,
  "n_sh": 249,
  "n_ns": 38,
  "true_mu": 2.5,
  "true_beta": 4.0,
  "true_Ksh": 0.15,
  "true_Kns": 0.02,
  "true_ash": 1.2,
  "true_ans": 0.2,
  "true_R": 7.5,
  "mu_hat": 2.302498632094116,
  "beta_hat": 5.803015919495223,
  "Ksh_hat": 0.15605157923782664,
  "Kns_hat": 0.029195290856022953,
  "ash_hat": 1.2027905414932543,
  "ans_hat": 2.25,
  "R_hat": 5.345094179996272,
  "ll2": 63.65466588411431,
  "aic2": -115.30933176822862,
  "ll1": 62.89617134373651,
  "aic1": -117.79234268747302,
  "LR": 1.516989080755593,
  "lrt_p": 0.46837101016010163,
  "R_lo": 0.257559591985092,
  "R_hi": 2296.7416955411954,
  "R_covered": true,
  "n_boot_ok": 36,
  "ks_p": 0.9319580764646344
}