{
  "rep": 11,
  "scenario": "A",
  "status": "ok",
  "n": 311,
  "n_sh": 259,
  "n_ns": 52,
  "true_mu": 2.5,
  "true_beta": 4.0,
  "true_Ksh": 0.15,
  "true_Kns": 0.02,
  "true_ash": 1.2,
  "true_ans": 0.2,
  "true_R": 7.5,
  "mu_hat": 2.9569141410195443,
  "beta_hat": 4.534980169886934,
  "Ksh_hat": 0.06990793579022726,
  "Kns_hat": 0.13244074203953068,
  "ash_hat": 1.2010235751973155,
  "ans_hat": 1.1604770531989118e-05,
  "R_hat": 0.527843129792804,
  "ll2": 81.68038282400232,
  "aic2": -151.36076564800464,
  "ll1": 80.99538734915751,
  "aic1": -153.99077469831502,
  "LR": 1.3699909496896225,
  "lrt_p": 0.5040925106665045,
  "R_lo": 0.14380011605347312,
  "R_hi": 4306.480595996921,
  "R_covered": true,
  "n_boot_ok": 35,
  "ks_p": 0.9480410619773455
}