{
  "rep": 154,
  "scenario": "A",
  "status": "ok",
  "n": 281,
  "n_sh": 235,
  "n_ns": 46,
  "true_mu": 2.5,
  "true_beta": 4.0,
  "true_Ksh": 0.15,
  "true_Kns": 0.02,
  "true_ash": 1.2,
  "true_ans": 0.2,
  "true_R": 7.5,
  "mu_hat": 2.6082369529503078,
  "beta_hat": 3.4155484871543815,
  "Ksh_hat": 0.026064763521756927,
  "Kns_hat": 0.0293256868623562,
  "ash_hat": 2.25,
  "ans_hat": 2.25,
  "R_hat": 0.8888031725938824,
  "ll2": 56.83101342589379,
  "aic2": -101.66202685178757,
  "ll1": 56.82619088894165,
  "aic1": -105.6523817778833,
  "LR": 0.00964507390426661,
  "lrt_p": 0.9951890728088625,
  "R_lo": 0.25241426215753343,
  "R_hi": 251.0868214465021,
  "R_covered": true,
  "n_boot_ok": 29,
  "ks_p": 0.3955564781146689
}