{
  "rep": 23,
  "scenario": "A",
  "status": "ok",
  "n": 326,
  "n_sh": 275,
  "n_ns": 51,
  "true_mu": 2.5,
  "true_beta": 4.0,
  "true_Ksh": 0.15,
  "true_Kns": 0.02,
  "true_ash": 1.2,
  "true_ans": 0.2,
  "true_R": 7.5,
  "mu_hat": 2.7188233220508464,
  "beta_hat": 4.282085461423014,
  "Ksh_hat": 0.10393541658216159,
  "Kns_hat": 0.33338697201470374,
  "ash_hat": 1.2472413803810878,
  "ans_hat": 0.6320843956972722,
  "R_hat": 0.3117560831908501,
  "ll2": 105.18230630711469,
  "aic2": -198.36461261422937,
  "ll1": 104.58812073205479,
  "aic1": -201.17624146410958,
  "LR": 1.1883711501197922,
  "lrt_p": 0.5520119551495802,
  "R_lo": 0.1899693911578664,
  "R_hi": 2927.6019658722385,
  "R_covered": true,
  "n_boot_ok": 29,
  "ks_p": 0.47302391440681
}