{
  "rep": 163,
  "scenario": "A",
  "status": "ok",
  "n": 278,
  "n_sh": 239,
  "n_ns": 39,
  "true_mu": 2.5,
  "true_beta": 4.0,
  "true_Ksh": 0.15,
  "true_Kns": 0.02,
  "true_ash": 1.2,
  "true_ans": 0.2,
  "true_R": 7.5,
  "mu_hat": 2.3089150786445183,
  "beta_hat": 3.6453790367857324,
  "Ksh_hat": 0.11340101493130315,
  "Kns_hat": 4.250779541024647e-07,
  "ash_hat": 1.2791064325630805,
  "ans_hat": 0.043940932679014,
  "R_hat": 266776.9848726804,
  "ll2": 60.09667427629972,
  "aic2": -108.19334855259945,
  "ll1": 58.36042542126347,
  "aic1": -108.72085084252694,
  "LR": 3.4724977100725027,
  "lrt_p": 0.17618003951087757,
  "R_lo": 0.2872778909384054,
  "R_hi": 29.710321394243557,
  "R_covered": true,
  "n_boot_ok": 30,
  "ks_p": 0.608129378066225
}