{
  "rep": 132,
  "scenario": "A",
  "status": "ok",
  "n": 276,
  "n_sh": 235,
  "n_ns": 41,
  "true_mu": 2.5,
  "true_beta": 4.0,
  "true_Ksh": 0.15,
  "true_Kns": 0.02,
  "true_ash": 1.2,
  "true_ans": 0.2,
  "true_R": 7.5,
  "mu_hat": 2.6005867697079155,
  "beta_hat": 5.273195836902988,
  "Ksh_hat": 0.059702032644589544,
  "Kns_hat": 0.08788159306727375,
  "ash_hat": 1.603354933900508,
  "ans_hat": 1.8453962047824096e-05,
  "R_hat": 0.6793462721924871,
  "ll2": 39.751286363340796,
  "aic2": -67.50257272668159,
  "ll1": 38.938662637688935,
  "aic1": -69.87732527537787,
  "LR": 1.6252474513037214,
  "lrt_p": 0.44369241055218844,
  "R_lo": 0.4093629273252209,
  "R_hi": 3838.2218631630494,
  "R_covered": true,
  "n_boot_ok": 34,
  "ks_p": 0.6775814799859344
}