{
  "rep": 108,
  "scenario": "A",
  "status": "ok",
  "n": 291,
  "n_sh": 248,
  "n_ns": 43,
  "true_mu": 2.5,
  "true_beta": 4.0,
  "true_Ksh": 0.15,
  "true_Kns": 0.02,
  "true_ash": 1.2,
  "true_ans": 0.2,
  "true_R": 7.5,
  "mu_hat": 2.299534090868578,
  "beta_hat": 3.481305497591808,
  "Ksh_hat": 0.12170999530563881,
  "Kns_hat": 0.10524055742897732,
  "ash_hat": 1.294075752489633,
  "ans_hat": 1.8420402527920163,
  "R_hat": 1.1564932596235633,
  "ll2": 77.49494579621359,
  "aic2": -142.98989159242717,
  "ll1": 77.42568736401876,
  "aic1": -146.8513747280375,
  "LR": 0.1385168643896577,
  "lrt_p": 0.9330855095802298,
  "R_lo": 0.26402319472103525,
  "R_hi": 2352.1849379352893,
  "R_covered": true,
  "n_boot_ok": 34,
  "ks_p": 0.967359746517332
}