{
  "rep": 155,
  "scenario": "A",
  "status": "ok",
  "n": 313,
  "n_sh": 268,
  "n_ns": 45,
  "true_mu": 2.5,
  "true_beta": 4.0,
  "true_Ksh": 0.15,
  "true_Kns": 0.02,
  "true_ash": 1.2,
  "true_ans": 0.2,
  "true_R": 7.5,
  "mu_hat": 2.378725784215614,
  "beta_hat": 4.170837590127817,
  "Ksh_hat": 0.1835220466018186,
  "Kns_hat": 0.023557590570024208,
  "ash_hat": 1.121724868414868,
  "ans_hat": 1.5662913138855925,
  "R_hat": 7.790357254758503,
  "ll2": 100.03991745813033,
  "aic2": -188.07983491626067,
  "ll1": 98.98878798500999,
  "aic1": -189.97757597001998,
  "LR": 2.1022589462406813,
  "lrt_p": 0.34954272695519006,
  "R_lo": 0.3864989940865476,
  "R_hi": 17.367613446151804,
  "R_covered": true,
  "n_boot_ok": 30,
  "ks_p": 0.8608817766772775
}