{
  "rep": 52,
  "scenario": "A",
  "status": "ok",
  "n": 294,
  "n_sh": 257,
  "n_ns": 37,
  "true_mu": 2.5,
  "true_beta": 4.0,
  "true_Ksh": 0.15,
  "true_Kns": 0.02,
  "true_ash": 1.2,
  "true_ans": 0.2,
  "true_R": 7.5,
  "mu_hat": 2.257544584973821,
  "beta_hat": 4.168395316765033,
  "Ksh_hat": 0.11981295279944099,
  "Kns_hat": 0.19451362187342625,
  "ash_hat": 1.556177256755672,
  "ans_hat": 0.5581807265455795,
  "R_hat": 0.6159617596211621,
  "ll2": 75.87583705857907,
  "aic2": -139.75167411715813,
  "ll1": 75.63382071703188,
  "aic1": -143.26764143406376,
  "LR": 0.48403268309436953,
  "lrt_p": 0.7850433486240839,
  "R_lo": 0.2636152661128168,
  "R_hi": 27.731996602346435,
  "R_covered": true,
  "n_boot_ok": 30,
  "ks_p": 0.7841000332790169
}