{
  "rep": 109,
  "scenario": "A",
  "status": "ok",
  "n": 302,
  "n_sh": 254,
  "n_ns": 48,
  "true_mu": 2.5,
  "true_beta": 4.0,
  "true_Ksh": 0.15,
  "true_Kns": 0.02,
  "true_ash": 1.2,
  "true_ans": 0.2,
  "true_R": 7.5,
  "mu_hat": 2.2455396272181,
  "beta_hat": 2.9605978375987654,
  "Ksh_hat": 0.2052578796406966,
  "Kns_hat": 0.38523083467761604,
  "ash_hat": 0.6336153429194332,
  "ans_hat": 0.8470650792296772,
  "R_hat": 0.5328178877801113,
  "ll2": 74.331309458904,
  "aic2": -136.662618917808,
  "ll1": 73.65497706040378,
  "aic1": -139.30995412080756,
  "LR": 1.3526647970004433,
  "lrt_p": 0.5084784731047672,
  "R_lo": 0.2819139962908712,
  "R_hi": 3183.5115074009577,
  "R_covered": true,
  "n_boot_ok": 35,
  "ks_p": 0.5056298557256939
}