{
  "rep": 79,
  "scenario": "A",
  "status": "ok",
  "n": 298,
  "n_sh": 252,
  "n_ns": 46,
  "true_mu": 2.5,
  "true_beta": 4.0,
  "true_Ksh": 0.15,
  "true_Kns": 0.02,
  "true_ash": 1.2,
  "true_ans": 0.2,
  "true_R": 7.5,
  "mu_hat": 2.507708447499072,
  "beta_hat": 3.2889144496235017,
  "Ksh_hat": 0.07462360437174247,
  "Kns_hat": 7.064750006645144e-08,
  "ash_hat": 1.6624859308705693,
  "ans_hat": 0.06448469948460873,
  "R_hat": 1056280.8917732558,
  "ll2": 87.4087527566947,
  "aic2": -162.8175055133894,
  "ll1": 85.6377689307842,
  "aic1": -163.2755378615684,
  "LR": 3.5419676518209826,
  "lrt_p": 0.1701654932243577,
  "R_lo": 0.166952666617079,
  "R_hi": 52.30804365556945,
  "R_covered": true,
  "n_boot_ok": 27,
  "ks_p": 0.3145232782937556
}