{
  "rep": 193,
  "scenario": "A",
  "status": "ok",
  "n": 263,
  "n_sh": 226,
  "n_ns": 37,
  "true_mu": 2.5,
  "true_beta": 4.0,
  "true_Ksh": 0.15,
  "true_Kns": 0.02,
  "true_ash": 1.2,
  "true_ans": 0.2,
  "true_R": 7.5,
  "mu_hat": 2.191967319315492,
  "beta_hat": 3.8831146412416033,
  "Ksh_hat": 0.09444415999349126,
  "Kns_hat": 0.2636437907047938,
  "ash_hat": 1.3217050147757183,
  "ans_hat": 0.11763898693451144,
  "R_hat": 0.35822637711669797,
  "ll2": 40.654874667942295,
  "aic2": -69.30974933588459,
  "ll1": 39.726438058027156,
  "aic1": -71.45287611605431,
  "LR": 1.8568732198302769,
  "lrt_p": 0.39517103416355126,
  "R_lo": 0.16409759045944608,
  "R_hi": 120.69254716843427,
  "R_covered": true,
  "n_boot_ok": 32,
  "ks_p": 0.2714233810452147
}