{
  "rep": 68,
  "scenario": "A",
  "status": "ok",
  "n": 323,
  "n_sh": 266,
  "n_ns": 57,
  "true_mu": 2.5,
  "true_beta": 4.0,
  "true_Ksh": 0.15,
  "true_Kns": 0.02,
  "true_ash": 1.2,
  "true_ans": 0.2,
  "true_R": 7.5,
  "mu_hat": 2.5141124139588533,
  "beta_hat": 4.987253881290437,
  "Ksh_hat": 0.22038887956835782,
  "Kns_hat": 0.04460254678077515,
  "ash_hat": 0.8160092890351264,
  "ans_hat": 0.0001188700960832195,
  "R_hat": 4.941172544509299,
  "ll2": 107.09617806327583,
  "aic2": -202.19235612655166,
  "ll1": 105.6481284825283,
  "aic1": -203.2962569650566,
  "LR": 2.8960991614950444,
  "lrt_p": 0.23502824495852048,
  "R_lo": 0.30856189389268157,
  "R_hi": 10.788580788525438,
  "R_covered": true,
  "n_boot_ok": 33,
  "ks_p": 0.725359636785551
}