{
  "rep": 162,
  "scenario": "A",
  "status": "ok",
  "n": 300,
  "n_sh": 237,
  "n_ns": 63,
  "true_mu": 2.5,
  "true_beta": 4.0,
  "true_Ksh": 0.15,
  "true_Kns": 0.02,
  "true_ash": 1.2,
  "true_ans": 0.2,
  "true_R": 7.5,
  "mu_hat": 2.5764423600332953,
  "beta_hat": 3.837036722919942,
  "Ksh_hat": 0.13685421883027565,
  "Kns_hat": 3.3853666846460413e-07,
  "ash_hat": 1.267107179342176,
  "ans_hat": 0.18785171308765455,
  "R_hat": 404252.27627767157,
  "ll2": 73.24254668205884,
  "aic2": -134.4850933641177,
  "ll1": 72.1041926613861,
  "aic1": -136.2083853227722,
  "LR": 2.2767080413455005,
  "lrt_p": 0.32034587078698484,
  "R_lo": 0.3347624613229755,
  "R_hi": 87.83022998332396,
  "R_covered": true,
  "n_boot_ok": 32,
  "ks_p": 0.7996353564555061
}