{
  "rep": 200,
  "scenario": "A",
  "status": "ok",
  "n": 322,
  "n_sh": 264,
  "n_ns": 58,
  "true_mu": 2.5,
  "true_beta": 4.0,
  "true_Ksh": 0.15,
  "true_Kns": 0.02,
  "true_ash": 1.2,
  "true_ans": 0.2,
  "true_R": 7.5,
  "mu_hat": 2.6661183031827407,
  "beta_hat": 4.514579025429965,
  "Ksh_hat": 0.15518201669574264,
  "Kns_hat": 1.0273697283625587e-08,
  "ash_hat": 1.1283598699118125,
  "ans_hat": 0.019992038850303203,
  "R_hat": 15104787.732365316,
  "ll2": 107.31615333639581,
  "aic2": -202.63230667279163,
  "ll1": 103.43036249530712,
  "aic1": -198.86072499061424,
  "LR": 7.771581682177384,
  "lrt_p": 0.0205315851180794,
  "R_lo": 0.38631365780750127,
  "R_hi": 692.8126130742721,
  "R_covered": true,
  "n_boot_ok": 24,
  "ks_p": 0.9874063280268898
}