{
  "rep": 46,
  "scenario": "A",
  "status": "ok",
  "n": 294,
  "n_sh": 245,
  "n_ns": 49,
  "true_mu": 2.5,
  "true_beta": 4.0,
  "true_Ksh": 0.15,
  "true_Kns": 0.02,
  "true_ash": 1.2,
  "true_ans": 0.2,
  "true_R": 7.5,
  "mu_hat": 2.113653007254769,
  "beta_hat": 5.056804705727455,
  "Ksh_hat": 0.2436853613142214,
  "Kns_hat": 0.23417916537746966,
  "ash_hat": 0.8433021668822551,
  "ans_hat": 3.2718600905935277e-06,
  "R_hat": 1.04059368783482,
  "ll2": 78.50385554953061,
  "aic2": -145.00771109906123,
  "ll1": 77.10341235221733,
  "aic1": -146.20682470443467,
  "LR": 2.800886394626559,
  "lrt_p": 0.2464876970449108,
  "R_lo": 0.3737581805075764,
  "R_hi": 80.8135753351534,
  "R_covered": true,
  "n_boot_ok": 32,
  "ks_p": 0.9135101776927932
}