{
  "rep": 67,
  "scenario": "A",
  "status": "ok",
  "n": 347,
  "n_sh": 297,
  "n_ns": 50,
  "true_mu": 2.5,
  "true_beta": 4.0,
  "true_Ksh": 0.15,
  "true_Kns": 0.02,
  "true_ash": 1.2,
  "true_ans": 0.2,
  "true_R": 7.5,
  "mu_hat": 2.3062372123928294,
  "beta_hat": 2.9779286125022932,
  "Ksh_hat": 0.23292951380048854,
  "Kns_hat": 2.708072695943672e-07,
  "ash_hat": 1.2046057974713953,
  "ans_hat": 0.05544293384665224,
  "R_hat": 860130.210497619,
  "ll2": 149.28544568391732,
  "aic2": -286.57089136783463,
  "ll1": 145.43308971705716,
  "aic1": -282.8661794341143,
  "LR": 7.7047119337203185,
  "lrt_p": 0.021229661095621744,
  "R_lo": 0.38361640875789166,
  "R_hi": 166.13461279849562,
  "R_covered": true,
  "n_boot_ok": 36,
  "ks_p": 0.6104670708124545
}