{
  "rep": 184,
  "scenario": "A",
  "status": "ok",
  "n": 272,
  "n_sh": 235,
  "n_ns": 37,
  "true_mu": 2.5,
  "true_beta": 4.0,
  "true_Ksh": 0.15,
  "true_Kns": 0.02,
  "true_ash": 1.2,
  "true_ans": 0.2,
  "true_R": 7.5,
  "mu_hat": 2.5920667447319254,
  "beta_hat": 5.742427330053813,
  "Ksh_hat": 0.022562205266689603,
  "Kns_hat": 0.33691090319745903,
  "ash_hat": 2.2310142352371667,
  "ans_hat": 1.0000002774796445e-06,
  "R_hat": 0.06696786910890264,
  "ll2": 36.60726563160557,
  "aic2": -61.21453126321114,
  "ll1": 35.34643549398436,
  "aic1": -62.69287098796872,
  "LR": 2.521660275242425,
  "lrt_p": 0.28341865233095764,
  "R_lo": 0.18838158023042437,
  "R_hi": 1557.772203237705,
  "R_covered": true,
  "n_boot_ok": 31,
  "ks_p": 0.6576750947564408
}