{
  "rep": 51,
  "scenario": "A",
  "status": "ok",
  "n": 328,
  "n_sh": 287,
  "n_ns": 41,
  "true_mu": 2.5,
  "true_beta": 4.0,
  "true_Ksh": 0.15,
  "true_Kns": 0.02,
  "true_ash": 1.2,
  "true_ans": 0.2,
  "true_R": 7.5,
  "mu_hat": 2.666823931912667,
  "beta_hat": 4.233065300345835,
  "Ksh_hat": 0.12021519310187571,
  "Kns_hat": 9.999999999999982e-09,
  "ash_hat": 1.381966933404389,
  "ans_hat": 1.0000000000000004e-06,
  "R_hat": 12021519.310187593,
  "ll2": 118.48031443977936,
  "aic2": -224.96062887955873,
  "ll1": 113.82884462229543,
  "aic1": -219.65768924459087,
  "LR": 9.302939634967856,
  "lrt_p": 0.009547558444060855,
  "R_lo": 0.19629434198366602,
  "R_hi": 12.75006961045553,
  "R_covered": true,
  "n_boot_ok": 28,
  "ks_p": 0.6812334900059057
}