{
  "rep": 198,
  "scenario": "A",
  "status": "ok",
  "n": 288,
  "n_sh": 243,
  "n_ns": 45,
  "true_mu": 2.5,
  "true_beta": 4.0,
  "true_Ksh": 0.15,
  "true_Kns": 0.02,
  "true_ash": 1.2,
  "true_ans": 0.2,
  "true_R": 7.5,
  "mu_hat": 2.682287801339154,
  "beta_hat": 3.6401975705525778,
  "Ksh_hat": 0.10086733582791552,
  "Kns_hat": 2.432846457118226e-07,
  "ash_hat": 1.088568313880787,
  "ans_hat": 0.19441921395283626,
  "R_hat": 414606.2548780644,
  "ll2": 50.04662727215526,
  "aic2": -88.09325454431053,
  "ll1": 49.1879944545841,
  "aic1": -90.3759889091682,
  "LR": 1.7172656351423257,
  "lrt_p": 0.42374101774623807,
  "R_lo": 0.40782260836782,
  "R_hi": 1817.0386661779485,
  "R_covered": true,
  "n_boot_ok": 36,
  "ks_p": 0.4718217307211092
}