{
  "rep": 66,
  "scenario": "A",
  "status": "ok",
  "n": 301,
  "n_sh": 253,
  "n_ns": 48,
  "true_mu": 2.5,
  "true_beta": 4.0,
  "true_Ksh": 0.15,
  "true_Kns": 0.02,
  "true_ash": 1.2,
  "true_ans": 0.2,
  "true_R": 7.5,
  "mu_hat": 2.289398356993841,
  "beta_hat": 3.063457445061684,
  "Ksh_hat": 0.20964782147551564,
  "Kns_hat": 9.999999999999982e-09,
  "ash_hat": 0.9732896242348683,
  "ans_hat": 0.0028100569335406875,
  "R_hat": 20964782.1475516,
  "ll2": 78.37125392268666,
  "aic2": -144.74250784537332,
  "ll1": 75.89407546413054,
  "aic1": -143.78815092826108,
  "LR": 4.95435691711225,
  "lrt_p": 0.08397984423151816,
  "R_lo": 0.3904934369214328,
  "R_hi": 102.55336233840794,
  "R_covered": true,
  "n_boot_ok": 30,
  "ks_p": 0.18027107345880578
}