{
  "rep": 111,
  "scenario": "A",
  "status": "ok",
  "n": 279,
  "n_sh": 245,
  "n_ns": 34,
  "true_mu": 2.5,
  "true_beta": 4.0,
  "true_Ksh": 0.15,
  "true_Kns": 0.02,
  "true_ash": 1.2,
  "true_ans": 0.2,
  "true_R": 7.5,
  "mu_hat": 1.8749096858684384,
  "beta_hat": 1.6802611960378337,
  "Ksh_hat": 0.293101976606537,
  "Kns_hat": 9.999999999999982e-09,
  "ash_hat": 0.8336015613775752,
  "ans_hat": 0.07252920469663021,
  "R_hat": 29310197.66065375,
  "ll2": 47.569652519546935,
  "aic2": -83.13930503909387,
  "ll1": 45.91188581067678,
  "aic1": -83.82377162135356,
  "LR": 3.315533417740312,
  "lrt_p": 0.19056409031996935,
  "R_lo": 0.35618981964877017,
  "R_hi": 234.17028190303478,
  "R_covered": true,
  "n_boot_ok": 30,
  "ks_p": 0.7317738905641945
}