{
  "rep": 146,
  "scenario": "A",
  "status": "ok",
  "n": 272,
  "n_sh": 227,
  "n_ns": 45,
  "true_mu": 2.5,
  "true_beta": 4.0,
  "true_Ksh": 0.15,
  "true_Kns": 0.02,
  "true_ash": 1.2,
  "true_ans": 0.2,
  "true_R": 7.5,
  "mu_hat": 2.2895357237711336,
  "beta_hat": 2.7538313186122565,
  "Ksh_hat": 0.06764281002890561,
  "Kns_hat": 0.4030226436802703,
  "ash_hat": 1.5759524593395755,
  "ans_hat": 9.397092732300899e-05,
  "R_hat": 0.16783873335555966,
  "ll2": 40.52385845016596,
  "aic2": -69.04771690033192,
  "ll1": 38.00944269110414,
  "aic1": -68.01888538220828,
  "LR": 5.0288315181236385,
  "lrt_p": 0.08091016943385443,
  "R_lo": 0.1262300079850328,
  "R_hi": 501.06717426000813,
  "R_covered": true,
  "n_boot_ok": 20,
  "ks_p": 0.9333890684830541
}