{
  "rep": 95,
  "scenario": "A",
  "status": "ok",
  "n": 335,
  "n_sh": 297,
  "n_ns": 38,
  "true_mu": 2.5,
  "true_beta": 4.0,
  "true_Ksh": 0.15,
  "true_Kns": 0.02,
  "true_ash": 1.2,
  "true_ans": 0.2,
  "true_R": 7.5,
  "mu_hat": 2.81375533917332,
  "beta_hat": 3.3518589286058096,
  "Ksh_hat": 0.07838129139520363,
  "Kns_hat": 0.10189764655571577,
  "ash_hat": 1.6605938111524763,
  "ans_hat": 0.743651203015254,
  "R_hat": 0.7692159146418182,
  "ll2": 122.46467269542745,
  "aic2": -232.9293453908549,
  "ll1": 120.91416170240512,
  "aic1": -233.82832340481025,
  "LR": 3.101021986044657,
  "lrt_p": 0.21213954429883963,
  "R_lo": 0.41238882693765927,
  "R_hi": 1973.358791631931,
  "R_covered": true,
  "n_boot_ok": 32,
  "ks_p": 0.6201071048592397
}