{
  "rep": 144,
  "scenario": "A",
  "status": "ok",
  "n": 298,
  "n_sh": 244,
  "n_ns": 54,
  "true_mu": 2.5,
  "true_beta": 4.0,
  "true_Ksh": 0.15,
  "true_Kns": 0.02,
  "true_ash": 1.2,
  "true_ans": 0.2,
  "true_R": 7.5,
  "mu_hat": 2.3609323846572208,
  "beta_hat": 4.050924555769472,
  "Ksh_hat": 0.11134143404430645,
  "Kns_hat": 0.05170013580440168,
  "ash_hat": 1.3000443346608654,
  "ans_hat": 2.25,
  "R_hat": 2.153600417328633,
  "ll2": 90.37336533907177,
  "aic2": -168.74673067814354,
  "ll1": 89.81847020707636,
  "aic1": -171.63694041415272,
  "LR": 1.109790263990817,
  "lrt_p": 0.5741324661656915,
  "R_lo": 0.21558945973689944,
  "R_hi": 304.3672943325529,
  "R_covered": true,
  "n_boot_ok": 32,
  "ks_p": 0.9774126368931217
}