{
  "rep": 41,
  "scenario": "A",
  "status": "ok",
  "n": 328,
  "n_sh": 275,
  "n_ns": 53,
  "true_mu": 2.5,
  "true_beta": 4.0,
  "true_Ksh": 0.15,
  "true_Kns": 0.02,
  "true_ash": 1.2,
  "true_ans": 0.2,
  "true_R": 7.5,
  "mu_hat": 2.430993156628519,
  "beta_hat": 3.6396785104004,
  "Ksh_hat": 0.16937305528678,
  "Kns_hat": 0.033106913586825444,
  "ash_hat": 1.1436487725511975,
  "ans_hat": 2.25,
  "R_hat": 5.11594216847143,
  "ll2": 120.28909194453502,
  "aic2": -228.57818388907003,
  "ll1": 119.10494760513825,
  "aic1": -230.2098952102765,
  "LR": 2.368288678793533,
  "lrt_p": 0.30600790641783604,
  "R_lo": 0.27778213166204496,
  "R_hi": 5891.415847714609,
  "R_covered": true,
  "n_boot_ok": 27,
  "ks_p": 0.9946690645690119
}