{
  "rep": 174,
  "scenario": "A",
  "status": "ok",
  "n": 285,
  "n_sh": 240,
  "n_ns": 45,
  "true_mu": 2.5,
  "true_beta": 4.0,
  "true_Ksh": 0.15,
  "true_Kns": 0.02,
  "true_ash": 1.2,
  "true_ans": 0.2,
  "true_R": 7.5,
  "mu_hat": 2.714673150930338,
  "beta_hat": 3.4239624960966033,
  "Ksh_hat": 0.029595135965606246,
  "Kns_hat": 1.3221789302293441e-08,
  "ash_hat": 2.213301171829813,
  "ans_hat": 2.6961910809233527e-06,
  "R_hat": 2238360.882098817,
  "ll2": 53.64654334156887,
  "aic2": -95.29308668313774,
  "ll1": 51.58700219170663,
  "aic1": -95.17400438341326,
  "LR": 4.119082299724482,
  "lrt_p": 0.12751246558581653,
  "R_lo": 0.1167096002891098,
  "R_hi": 37.90050302230388,
  "R_covered": true,
  "n_boot_ok": 32,
  "ks_p": 0.9658146048656759
}