{
  "rep": 188,
  "scenario": "A",
  "status": "ok",
  "n": 270,
  "n_sh": 217,
  "n_ns": 53,
  "true_mu": 2.5,
  "true_beta": 4.0,
  "true_Ksh": 0.15,
  "true_Kns": 0.02,
  "true_ash": 1.2,
  "true_ans": 0.2,
  "true_R": 7.5,
  "mu_hat": 2.548287488738739,
  "beta_hat": 8.95986212526796,
  "Ksh_hat": 0.06342260611339513,
  "Kns_hat": 0.1217124688117611,
  "ash_hat": 1.4335389389432731,
  "ans_hat": 1.0924273663609508e-05,
  "R_hat": 0.5210855283157858,
  "ll2": 35.55312108638759,
  "aic2": -59.10624217277518,
  "ll1": 34.31059725502445,
  "aic1": -60.621194510048895,
  "LR": 2.485047662726288,
  "lrt_p": 0.28865478184785154,
  "R_lo": 0.2556027476764463,
  "R_hi": 24.748755222494566,
  "R_covered": true,
  "n_boot_ok": 33,
  "ks_p": 0.8359463498754531
}