{
  "rep": 145,
  "scenario": "A",
  "status": "ok",
  "n": 309,
  "n_sh": 263,
  "n_ns": 46,
  "true_mu": 2.5,
  "true_beta": 4.0,
  "true_Ksh": 0.15,
  "true_Kns": 0.02,
  "true_ash": 1.2,
  "true_ans": 0.2,
  "true_R": 7.5,
  "mu_hat": 2.7772948841253453,
  "beta_hat": 4.487548317058326,
  "Ksh_hat": 0.07918999644222806,
  "Kns_hat": 6.192889233578782e-05,
  "ash_hat": 1.421439130445545,
  "ans_hat": 1.4068730384016934,
  "R_hat": 1278.724573545542,
  "ll2": 98.48685059393858,
  "aic2": -184.97370118787717,
  "ll1": 97.6525342511099,
  "aic1": -187.3050685022198,
  "LR": 1.6686326856573714,
  "lrt_p": 0.43417120425045685,
  "R_lo": 0.16115224239343892,
  "R_hi": 2787.623249473696,
  "R_covered": true,
  "n_boot_ok": 28,
  "ks_p": 0.8568966781793576
}