{
  "rep": 14,
  "scenario": "A",
  "status": "ok",
  "n": 316,
  "n_sh": 270,
  "n_ns": 46,
  "true_mu": 2.5,
  "true_beta": 4.0,
  "true_Ksh": 0.15,
  "true_Kns": 0.02,
  "true_ash": 1.2,
  "true_ans": 0.2,
  "true_R": 7.5,
  "mu_hat": 2.468886988022973,
  "beta_hat": 3.8562535574115584,
  "Ksh_hat": 0.14432632794279945,
  "Kns_hat": 9.999999999999982e-09,
  "ash_hat": 1.4147682249641358,
  "ans_hat": 0.008165723960879855,
  "R_hat": 14432632.794279972,
  "ll2": 103.53751930277815,
  "aic2": -195.0750386055563,
  "ll1": 101.37243331752825,
  "aic1": -194.7448666350565,
  "LR": 4.330171970499805,
  "lrt_p": 0.11474006821966365,
  "R_lo": 0.11516318194579608,
  "R_hi": 477.8823770758348,
  "R_covered": true,
  "n_boot_ok": 29,
  "ks_p": 0.99838948722806
}