{
  "rep": 29,
  "scenario": "A",
  "status": "ok",
  "n": 317,
  "n_sh": 268,
  "n_ns": 49,
  "true_mu": 2.5,
  "true_beta": 4.0,
  "true_Ksh": 0.15,
  "true_Kns": 0.02,
  "true_ash": 1.2,
  "true_ans": 0.2,
  "true_R": 7.5,
  "mu_hat": 2.0967682237782848,
  "beta_hat": 3.6166644463375395,
  "Ksh_hat": 0.2649072286506228,
  "Kns_hat": 0.22711105768370718,
  "ash_hat": 0.8545163659044276,
  "ans_hat": 0.5934025333252696,
  "R_hat": 1.1664215355799783,
  "ll2": 109.16247625732638,
  "aic2": -206.32495251465275,
  "ll1": 109.00935608393291,
  "aic1": -210.01871216786583,
  "LR": 0.3062403467869217,
  "lrt_p": 0.858026603646848,
  "R_lo": 0.3132221514244746,
  "R_hi": 2754.5688128883808,
  "R_covered": true,
  "n_boot_ok": 27,
  "ks_p": 0.7144860451597729
}