{
  "rep": 98,
  "scenario": "A",
  "status": "ok",
  "n": 347,
  "n_sh": 300,
  "n_ns": 47,
  "true_mu": 2.5,
  "true_beta": 4.0,
  "true_Ksh": 0.15,
  "true_Kns": 0.02,
  "true_ash": 1.2,
  "true_ans": 0.2,
  "true_R": 7.5,
  "mu_hat": 2.3965894605146816,
  "beta_hat": 3.1408993251426325,
  "Ksh_hat": 0.17688874583887257,
  "Kns_hat": 0.11716205413780192,
  "ash_hat": 1.2516249376995656,
  "ans_hat": 1.289680588280993,
  "R_hat": 1.509778461470317,
  "ll2": 153.25631013267918,
  "aic2": -294.51262026535835,
  "ll1": 153.16694523176665,
  "aic1": -298.3338904635333,
  "LR": 0.1787298018250567,
  "lrt_p": 0.9145118064894926,
  "R_lo": 0.27896083178890246,
  "R_hi": 66.13095256964333,
  "R_covered": true,
  "n_boot_ok": 42,
  "ks_p": 0.5732860884532447
}