{
  "rep": 187,
  "scenario": "A",
  "status": "ok",
  "n": 338,
  "n_sh": 295,
  "n_ns": 43,
  "true_mu": 2.5,
  "true_beta": 4.0,
  "true_Ksh": 0.15,
  "true_Kns": 0.02,
  "true_ash": 1.2,
  "true_ans": 0.2,
  "true_R": 7.5,
  "mu_hat": 2.750573761333766,
  "beta_hat": 5.38300766882765,
  "Ksh_hat": 0.20224325887358535,
  "Kns_hat": 0.00935570764616184,
  "ash_hat": 0.9535238635890232,
  "ans_hat": 0.13234191502905224,
  "R_hat": 21.61709905039147,
  "ll2": 123.2696218508928,
  "aic2": -234.5392437017856,
  "ll1": 121.9594438994227,
  "aic1": -235.9188877988454,
  "LR": 2.6203559029402186,
  "lrt_p": 0.26977204578089375,
  "R_lo": 0.494888435951361,
  "R_hi": 370.6336716026109,
  "R_covered": true,
  "n_boot_ok": 31,
  "ks_p": 0.23885322536165843
}