{
  "rep": 125,
  "scenario": "A",
  "status": "ok",
  "n": 336,
  "n_sh": 294,
  "n_ns": 42,
  "true_mu": 2.5,
  "true_beta": 4.0,
  "true_Ksh": 0.15,
  "true_Kns": 0.02,
  "true_ash": 1.2,
  "true_ans": 0.2,
  "true_R": 7.5,
  "mu_hat": 2.3255753216251573,
  "beta_hat": 3.3675265220040282,
  "Ksh_hat": 0.15629968166171615,
  "Kns_hat": 0.3293786740906305,
  "ash_hat": 1.3829948107877326,
  "ans_hat": 1.0000000000000004e-06,
  "R_hat": 0.47452884462917405,
  "ll2": 142.70765988360557,
  "aic2": -273.41531976721114,
  "ll1": 136.5796017846568,
  "aic1": -265.1592035693136,
  "LR": 12.25611619789754,
  "lrt_p": 0.0021808117721499043,
  "R_lo": 0.23822658119106957,
  "R_hi": 71.03774246819157,
  "R_covered": true,
  "n_boot_ok": 32,
  "ks_p": 0.7167744023880462
}