{
  "rep": 83,
  "scenario": "A",
  "status": "ok",
  "n": 329,
  "n_sh": 272,
  "n_ns": 57,
  "true_mu": 2.5,
  "true_beta": 4.0,
  "true_Ksh": 0.15,
  "true_Kns": 0.02,
  "true_ash": 1.2,
  "true_ans": 0.2,
  "true_R": 7.5,
  "mu_hat": 3.181275990885059,
  "beta_hat": 2.3007461733658063,
  "Ksh_hat": 0.022356694449794996,
  "Kns_hat": 0.0026185147971817314,
  "ash_hat": 1.883431319942665,
  "ans_hat": 2.25,
  "R_hat": 8.537929391828213,
  "ll2": 113.30990425813707,
  "aic2": -214.61980851627413,
  "ll1": 112.14067622929343,
  "aic1": -216.28135245858687,
  "LR": 2.3384560576872673,
  "lrt_p": 0.3106066280957881,
  "R_lo": 0.18999031111231815,
  "R_hi": 34.63451633867494,
  "R_covered": true,
  "n_boot_ok": 33,
  "ks_p": 0.9986078879870277
}