{
  "rep": 141,
  "scenario": "A",
  "status": "ok",
  "n": 314,
  "n_sh": 269,
  "n_ns": 45,
  "true_mu": 2.5,
  "true_beta": 4.0,
  "true_Ksh": 0.15,
  "true_Kns": 0.02,
  "true_ash": 1.2,
  "true_ans": 0.2,
  "true_R": 7.5,
  "mu_hat": 2.357317381880545,
  "beta_hat": 4.578864932103318,
  "Ksh_hat": 0.16442469116533698,
  "Kns_hat": 0.015442208648825067,
  "ash_hat": 1.2189998833965585,
  "ans_hat": 2.25,
  "R_hat": 10.647744432455092,
  "ll2": 103.76541753835278,
  "aic2": -195.53083507670556,
  "ll1": 102.62187856613929,
  "aic1": -197.24375713227857,
  "LR": 2.287077944426983,
  "lrt_p": 0.31868919158284736,
  "R_lo": 0.07768938818034847,
  "R_hi": 2736.8349307208364,
  "R_covered": true,
  "n_boot_ok": 40,
  "ks_p": 0.9848356361737828
}