{
  "rep": 123,
  "scenario": "A",
  "status": "ok",
  "n": 316,
  "n_sh": 257,
  "n_ns": 59,
  "true_mu": 2.5,
  "true_beta": 4.0,
  "true_Ksh": 0.15,
  "true_Kns": 0.02,
  "true_ash": 1.2,
  "true_ans": 0.2,
  "true_R": 7.5,
  "mu_hat": 2.8750737950329235,
  "beta_hat": 6.210291793810027,
  "Ksh_hat": 0.1304489846381043,
  "Kns_hat": 1.0070936200835422e-06,
  "ash_hat": 0.9169056880508153,
  "ans_hat": 0.006987775348669588,
  "R_hat": 129530.1469860201,
  "ll2": 88.41759854310345,
  "aic2": -164.8351970862069,
  "ll1": 86.26589640125832,
  "aic1": -164.53179280251663,
  "LR": 4.30340428369027,
  "lrt_p": 0.11628605386256397,
  "R_lo": 0.27327353620794714,
  "R_hi": 977.1137460688882,
  "R_covered": true,
  "n_boot_ok": 34,
  "ks_p": 0.7058971130441564
}