{
  "rep": 19,
  "scenario": "A",
  "status": "ok",
  "n": 297,
  "n_sh": 236,
  "n_ns": 61,
  "true_mu": 2.5,
  "true_beta": 4.0,
  "true_Ksh": 0.15,
  "true_Kns": 0.02,
  "true_ash": 1.2,
  "true_ans": 0.2,
  "true_R": 7.5,
  "mu_hat": 2.351897313277908,
  "beta_hat": 3.7041945902725426,
  "Ksh_hat": 0.14269902538031556,
  "Kns_hat": 0.12281578649873075,
  "ash_hat": 1.3415276161124352,
  "ans_hat": 1.28556789839774e-05,
  "R_hat": 1.16189481375662,
  "ll2": 81.84344062211636,
  "aic2": -151.68688124423272,
  "ll1": 80.44775029570741,
  "aic1": -152.89550059141482,
  "LR": 2.7913806528179066,
  "lrt_p": 0.2476620097161123,
  "R_lo": 0.12908579693072786,
  "R_hi": 175.1380898043104,
  "R_covered": true,
  "n_boot_ok": 32,
  "ks_p": 0.8069274236317355
}