{
  "rep": 169,
  "scenario": "A",
  "status": "ok",
  "n": 323,
  "n_sh": 276,
  "n_ns": 47,
  "true_mu": 2.5,
  "true_beta": 4.0,
  "true_Ksh": 0.15,
  "true_Kns": 0.02,
  "true_ash": 1.2,
  "true_ans": 0.2,
  "true_R": 7.5,
  "mu_hat": 2.6763644830843853,
  "beta_hat": 5.117153962022486,
  "Ksh_hat": 0.09200944721229498,
  "Kns_hat": 9.999999999999982e-09,
  "ash_hat": 1.483142619390742,
  "ans_hat": 3.157881354344706e-05,
  "R_hat": 9200944.721229514,
  "ll2": 123.98255182675666,
  "aic2": -235.96510365351332,
  "ll1": 122.31761427192606,
  "aic1": -236.63522854385212,
  "LR": 3.3298751096612023,
  "lrt_p": 0.18920247239354093,
  "R_lo": 0.24513117218796812,
  "R_hi": 108.82220985379368,
  "R_covered": true,
  "n_boot_ok": 32,
  "ks_p": 0.9730416095671206
}