{
  "rep": 1,
  "scenario": "A",
  "status": "ok",
  "n": 313,
  "n_sh": 272,
  "n_ns": 41,
  "true_mu": 2.5,
  "true_beta": 4.0,
  "true_Ksh": 0.15,
  "true_Kns": 0.02,
  "true_ash": 1.2,
  "true_ans": 0.2,
  "true_R": 7.5,
  "mu_hat": 2.5849194127160726,
  "beta_hat": 5.350290966370844,
  "Ksh_hat": 0.28556884893549556,
  "Kns_hat": 9.999999999999982e-09,
  "ash_hat": 0.07969683973178807,
  "ans_hat": 0.2568162227463813,
  "R_hat": 28556884.893549606,
  "ll2": 87.76621682083697,
  "aic2": -163.53243364167395,
  "ll1": 85.70488959515518,
  "aic1": -163.40977919031036,
  "LR": 4.122654451363587,
  "lrt_p": 0.1272849219199519,
  "R_lo": 0.2044375938603336,
  "R_hi": 5929.418121963157,
  "R_covered": true,
  "n_boot_ok": 25,
  "ks_p": 0.6958098846996976
}