{
  "rep": 100,
  "scenario": "A",
  "status": "ok",
  "n": 308,
  "n_sh": 268,
  "n_ns": 40,
  "true_mu": 2.5,
  "true_beta": 4.0,
  "true_Ksh": 0.15,
  "true_Kns": 0.02,
  "true_ash": 1.2,
  "true_ans": 0.2,
  "true_R": 7.5,
  "mu_hat": 2.4847611716993,
  "beta_hat": 5.378931868402343,
  "Ksh_hat": 0.17226608706829388,
  "Kns_hat": 0.08892779056235142,
  "ash_hat": 1.0187969111985151,
  "ans_hat": 1.0000003226843337e-06,
  "R_hat": 1.9371456996619083,
  "ll2": 87.30241357454827,
  "aic2": -162.60482714909654,
  "ll1": 86.14292616783513,
  "aic1": -164.28585233567026,
  "LR": 2.31897481342628,
  "lrt_p": 0.3136469129860283,
  "R_lo": 0.6461485727940904,
  "R_hi": 1133.8639847342872,
  "R_covered": true,
  "n_boot_ok": 38,
  "ks_p": 0.8431692972487164
}