{
  "rep": 143,
  "scenario": "A",
  "status": "ok",
  "n": 293,
  "n_sh": 242,
  "n_ns": 51,
  "true_mu": 2.5,
  "true_beta": 4.0,
  "true_Ksh": 0.15,
  "true_Kns": 0.02,
  "true_ash": 1.2,
  "true_ans": 0.2,
  "true_R": 7.5,
  "mu_hat": 2.5961582302105772,
  "beta_hat": 10.000000000000002,
  "Ksh_hat": 0.1131581596440571,
  "Kns_hat": 0.04766475080712117,
  "ash_hat": 0.945963544475927,
  "ans_hat": 2.25,
  "R_hat": 2.374042824685263,
  "ll2": 71.4450862668968,
  "aic2": -130.8901725337936,
  "ll1": 70.70537904903995,
  "aic1": -133.4107580980799,
  "LR": 1.479414435713693,
  "lrt_p": 0.4772536264071775,
  "R_lo": 0.18361604503365994,
  "R_hi": 152.9991022094267,
  "R_covered": true,
  "n_boot_ok": 33,
  "ks_p": 0.7063712085593202
}