{
  "rep": 7,
  "scenario": "A",
  "status": "ok",
  "n": 322,
  "n_sh": 271,
  "n_ns": 51,
  "true_mu": 2.5,
  "true_beta": 4.0,
  "true_Ksh": 0.15,
  "true_Kns": 0.02,
  "true_ash": 1.2,
  "true_ans": 0.2,
  "true_R": 7.5,
  "mu_hat": 2.404534495500171,
  "beta_hat": 4.833147895730614,
  "Ksh_hat": 0.15925169690220423,
  "Kns_hat": 0.09620697492896343,
  "ash_hat": 1.5739997192255926,
  "ans_hat": 0.00021970361121961344,
  "R_hat": 1.6553030278708094,
  "ll2": 122.65484069234321,
  "aic2": -233.30968138468643,
  "ll1": 118.54237656734273,
  "aic1": -229.08475313468546,
  "LR": 8.224928250000971,
  "lrt_p": 0.016367393491271587,
  "R_lo": 0.23945930689647948,
  "R_hi": 45.28213334425935,
  "R_covered": true,
  "n_boot_ok": 37,
  "ks_p": 0.8157634554433971
}