{
  "rep": 138,
  "scenario": "A",
  "status": "ok",
  "n": 294,
  "n_sh": 256,
  "n_ns": 38,
  "true_mu": 2.5,
  "true_beta": 4.0,
  "true_Ksh": 0.15,
  "true_Kns": 0.02,
  "true_ash": 1.2,
  "true_ans": 0.2,
  "true_R": 7.5,
  "mu_hat": 2.5063818545778465,
  "beta_hat": 5.137305879027546,
  "Ksh_hat": 0.12809799294060792,
  "Kns_hat": 0.03956150779373908,
  "ash_hat": 1.2685829714775465,
  "ans_hat": 0.0002378249353055189,
  "R_hat": 3.237945166510576,
  "ll2": 66.78451358292864,
  "aic2": -121.56902716585728,
  "ll1": 65.93458942516651,
  "aic1": -123.86917885033301,
  "LR": 1.6998483155242639,
  "lrt_p": 0.4274473492829499,
  "R_lo": 0.2272507678828081,
  "R_hi": 78.17079084985477,
  "R_covered": true,
  "n_boot_ok": 33,
  "ks_p": 0.672360698569582
}