{
  "rep": 180,
  "scenario": "A",
  "status": "ok",
  "n": 315,
  "n_sh": 277,
  "n_ns": 38,
  "true_mu": 2.5,
  "true_beta": 4.0,
  "true_Ksh": 0.15,
  "true_Kns": 0.02,
  "true_ash": 1.2,
  "true_ans": 0.2,
  "true_R": 7.5,
  "mu_hat": 2.303064134024396,
  "beta_hat": 2.0137390883022586,
  "Ksh_hat": 0.19630637267146192,
  "Kns_hat": 0.04508487573040955,
  "ash_hat": 1.0751899616939833,
  "ans_hat": 2.25,
  "R_hat": 4.354151353223187,
  "ll2": 93.90732864000165,
  "aic2": -175.8146572800033,
  "ll1": 93.40521102491675,
  "aic1": -178.8104220498335,
  "LR": 1.0042352301697974,
  "lrt_p": 0.605247620209536,
  "R_lo": 0.5485953838608942,
  "R_hi": 31.697345083320357,
  "R_covered": true,
  "n_boot_ok": 29,
  "ks_p": 0.8938560496865428
}