{
  "rep": 63,
  "scenario": "A",
  "status": "ok",
  "n": 324,
  "n_sh": 262,
  "n_ns": 62,
  "true_mu": 2.5,
  "true_beta": 4.0,
  "true_Ksh": 0.15,
  "true_Kns": 0.02,
  "true_ash": 1.2,
  "true_ans": 0.2,
  "true_R": 7.5,
  "mu_hat": 2.6300880514659277,
  "beta_hat": 5.067485885951083,
  "Ksh_hat": 0.174154248791722,
  "Kns_hat": 0.10061935791346031,
  "ash_hat": 1.1051725994737602,
  "ans_hat": 0.43541569663605445,
  "R_hat": 1.7308225017844663,
  "ll2": 105.83045943425947,
  "aic2": -199.66091886851893,
  "ll1": 105.1374981133286,
  "aic1": -202.2749962266572,
  "LR": 1.3859226418617254,
  "lrt_p": 0.5000929384510269,
  "R_lo": 0.3359677152265415,
  "R_hi": 149.3032732963641,
  "R_covered": true,
  "n_boot_ok": 33,
  "ks_p": 0.8522165930680632
}