{
  "rep": 8,
  "scenario": "A",
  "status": "ok",
  "n": 304,
  "n_sh": 263,
  "n_ns": 41,
  "true_mu": 2.5,
  "true_beta": 4.0,
  "true_Ksh": 0.15,
  "true_Kns": 0.02,
  "true_ash": 1.2,
  "true_ans": 0.2,
  "true_R": 7.5,
  "mu_hat": 3.1014482402219294,
  "beta_hat": 10.000000000000002,
  "Ksh_hat": 0.027436779774662436,
  "Kns_hat": 3.431754897209428e-07,
  "ash_hat": 1.8811141531591669,
  "ans_hat": 0.058370566022894914,
  "R_hat": 79949.70677239502,
  "ll2": 71.52654477653664,
  "aic2": -131.05308955307328,
  "ll1": 69.4253471364758,
  "aic1": -130.8506942729516,
  "LR": 4.202395280121664,
  "lrt_p": 0.12230985731593214,
  "R_lo": 0.2786834088911714,
  "R_hi": 505.86403865040734,
  "R_covered": true,
  "n_boot_ok": 34,
  "ks_p": 0.8058308239401084
}