{
  "rep": 32,
  "scenario": "A",
  "status": "ok",
  "n": 369,
  "n_sh": 318,
  "n_ns": 51,
  "true_mu": 2.5,
  "true_beta": 4.0,
  "true_Ksh": 0.15,
  "true_Kns": 0.02,
  "true_ash": 1.2,
  "true_ans": 0.2,
  "true_R": 7.5,
  "mu_hat": 2.87301188700183,
  "beta_hat": 3.738796872946477,
  "Ksh_hat": 0.08443454317609746,
  "Kns_hat": 3.919252870643654e-05,
  "ash_hat": 1.4555776878375581,
  "ans_hat": 1.5994846464349175,
  "R_hat": 2154.3530352056837,
  "ll2": 214.10651362853775,
  "aic2": -416.2130272570755,
  "ll1": 213.16946840602117,
  "aic1": -418.33893681204233,
  "LR": 1.8740904450331755,
  "lrt_p": 0.3917837606007679,
  "R_lo": 0.16270822677997676,
  "R_hi": 46.72615261023506,
  "R_covered": true,
  "n_boot_ok": 27,
  "ks_p": 0.3508819046640752
}