{
  "rep": 148,
  "scenario": "A",
  "status": "ok",
  "n": 273,
  "n_sh": 230,
  "n_ns": 43,
  "true_mu": 2.5,
  "true_beta": 4.0,
  "true_Ksh": 0.15,
  "true_Kns": 0.02,
  "true_ash": 1.2,
  "true_ans": 0.2,
  "true_R": 7.5,
  "mu_hat": 2.3007902924358032,
  "beta_hat": 4.704924245594397,
  "Ksh_hat": 0.10035117999581832,
  "Kns_hat": 0.20883894358742697,
  "ash_hat": 1.2838942520646965,
  "ans_hat": 4.839395357698919e-06,
  "R_hat": 0.4805194772200519,
  "ll2": 48.11611203320098,
  "aic2": -84.23222406640195,
  "ll1": 47.66858489852564,
  "aic1": -87.33716979705127,
  "LR": 0.8950542693506804,
  "lrt_p": 0.6392068713440777,
  "R_lo": 0.1563449785345744,
  "R_hi": 34.168283763648425,
  "R_covered": true,
  "n_boot_ok": 32,
  "ks_p": 0.7767914231210495
}