{
  "rep": 34,
  "scenario": "A",
  "status": "ok",
  "n": 313,
  "n_sh": 274,
  "n_ns": 39,
  "true_mu": 2.5,
  "true_beta": 4.0,
  "true_Ksh": 0.15,
  "true_Kns": 0.02,
  "true_ash": 1.2,
  "true_ans": 0.2,
  "true_R": 7.5,
  "mu_hat": 2.339868089257099,
  "beta_hat": 3.2356463694509845,
  "Ksh_hat": 0.25367884154802345,
  "Kns_hat": 0.0010595276370970643,
  "ash_hat": 0.7403238085141964,
  "ans_hat": 2.25,
  "R_hat": 239.4263562987963,
  "ll2": 89.99693745676888,
  "aic2": -167.99387491353775,
  "ll1": 87.85979479636961,
  "aic1": -167.71958959273923,
  "LR": 4.274285320798526,
  "lrt_p": 0.11799150361172939,
  "R_lo": 0.19117240766389165,
  "R_hi": 61.07621071157904,
  "R_covered": true,
  "n_boot_ok": 36,
  "ks_p": 0.828401684431031
}