{
  "rep": 94,
  "scenario": "A",
  "status": "ok",
  "n": 323,
  "n_sh": 280,
  "n_ns": 43,
  "true_mu": 2.5,
  "true_beta": 4.0,
  "true_Ksh": 0.15,
  "true_Kns": 0.02,
  "true_ash": 1.2,
  "true_ans": 0.2,
  "true_R": 7.5,
  "mu_hat": 2.6798687347005874,
  "beta_hat": 4.663221210441159,
  "Ksh_hat": 0.14469811824156917,
  "Kns_hat": 0.5284763162231884,
  "ash_hat": 0.7962404467452942,
  "ans_hat": 3.221715159483637e-06,
  "R_hat": 0.2738024653132415,
  "ll2": 100.9419336413709,
  "aic2": -189.8838672827418,
  "ll1": 99.88982716894202,
  "aic1": -191.77965433788404,
  "LR": 2.10421294485775,
  "lrt_p": 0.3492013907224344,
  "R_lo": 0.29745121927839907,
  "R_hi": 64.57455650064763,
  "R_covered": true,
  "n_boot_ok": 31,
  "ks_p": 0.9573409279547157
}