{
  "rep": 177,
  "scenario": "A",
  "status": "ok",
  "n": 301,
  "n_sh": 254,
  "n_ns": 47,
  "true_mu": 2.5,
  "true_beta": 4.0,
  "true_Ksh": 0.15,
  "true_Kns": 0.02,
  "true_ash": 1.2,
  "true_ans": 0.2,
  "true_R": 7.5,
  "mu_hat": 2.481950553267739,
  "beta_hat": 3.1941940177247923,
  "Ksh_hat": 0.10593905085638643,
  "Kns_hat": 1.0747027523604753e-06,
  "ash_hat": 1.4165983727725637,
  "ans_hat": 0.08533969564870073,
  "R_hat": 98575.21126069705,
  "ll2": 85.09331422734726,
  "aic2": -158.18662845469453,
  "ll1": 83.19619419316444,
  "aic1": -158.3923883863289,
  "LR": 3.7942400683656388,
  "lrt_p": 0.14999999260545938,
  "R_lo": 0.3223731351294526,
  "R_hi": 47.53560679742016,
  "R_covered": true,
  "n_boot_ok": 27,
  "ks_p": 0.8295206575733015
}