{
  "rep": 181,
  "scenario": "A",
  "status": "ok",
  "n": 310,
  "n_sh": 249,
  "n_ns": 61,
  "true_mu": 2.5,
  "true_beta": 4.0,
  "true_Ksh": 0.15,
  "true_Kns": 0.02,
  "true_ash": 1.2,
  "true_ans": 0.2,
  "true_R": 7.5,
  "mu_hat": 2.686661230619254,
  "beta_hat": 4.00580914042094,
  "Ksh_hat": 0.16960763316713173,
  "Kns_hat": 5.921649256121824e-06,
  "ash_hat": 0.9350070417621965,
  "ans_hat": 0.22510842738093204,
  "R_hat": 28641.958655655046,
  "ll2": 82.70660626908943,
  "aic2": -153.41321253817887,
  "ll1": 81.00078998586582,
  "aic1": -154.00157997173164,
  "LR": 3.4116325664472242,
  "lrt_p": 0.181624068968676,
  "R_lo": 0.17441102267214945,
  "R_hi": 399.04386675779756,
  "R_covered": true,
  "n_boot_ok": 36,
  "ks_p": 0.7785766484978598
}