{
  "rep": 116,
  "scenario": "A",
  "status": "ok",
  "n": 312,
  "n_sh": 267,
  "n_ns": 45,
  "true_mu": 2.5,
  "true_beta": 4.0,
  "true_Ksh": 0.15,
  "true_Kns": 0.02,
  "true_ash": 1.2,
  "true_ans": 0.2,
  "true_R": 7.5,
  "mu_hat": 2.4948777277407523,
  "beta_hat": 3.105920584034838,
  "Ksh_hat": 0.12570902592860955,
  "Kns_hat": 4.3396318131860917e-07,
  "ash_hat": 1.373568203741936,
  "ans_hat": 0.06259536165986197,
  "R_hat": 289676.7083941066,
  "ll2": 96.8090032484173,
  "aic2": -181.6180064968346,
  "ll1": 94.14305352052651,
  "aic1": -180.28610704105301,
  "LR": 5.331899455781581,
  "lrt_p": 0.0695332844648221,
  "R_lo": 0.29105071487578726,
  "R_hi": 39.61656700528155,
  "R_covered": true,
  "n_boot_ok": 30,
  "ks_p": 0.413578043345744
}