{
  "rep": 167,
  "scenario": "A",
  "status": "ok",
  "n": 299,
  "n_sh": 260,
  "n_ns": 39,
  "true_mu": 2.5,
  "true_beta": 4.0,
  "true_Ksh": 0.15,
  "true_Kns": 0.02,
  "true_ash": 1.2,
  "true_ans": 0.2,
  "true_R": 7.5,
  "mu_hat": 2.575280003275872,
  "beta_hat": 3.986053637659929,
  "Ksh_hat": 0.1380716991634995,
  "Kns_hat": 0.004952531419846792,
  "ash_hat": 1.0844597229221025,
  "ans_hat": 0.05884808404280934,
  "R_hat": 27.87901528704906,
  "ll2": 70.74749671514519,
  "aic2": -129.49499343029038,
  "ll1": 70.02302230914307,
  "aic1": -132.04604461828615,
  "LR": 1.4489488120042324,
  "lrt_p": 0.48457919395065596,
  "R_lo": 0.17334239845491492,
  "R_hi": 2195.889332536418,
  "R_covered": true,
  "n_boot_ok": 30,
  "ks_p": 0.8035946842521581
}