{
  "rep": 124,
  "scenario": "A",
  "status": "ok",
  "n": 329,
  "n_sh": 279,
  "n_ns": 50,
  "true_mu": 2.5,
  "true_beta": 4.0,
  "true_Ksh": 0.15,
  "true_Kns": 0.02,
  "true_ash": 1.2,
  "true_ans": 0.2,
  "true_R": 7.5,
  "mu_hat": 2.6804817554069587,
  "beta_hat": 9.143759379697174,
  "Ksh_hat": 0.18142155797257598,
  "Kns_hat": 3.3264083087739414e-08,
  "ash_hat": 0.8851100119436965,
  "ans_hat": 0.0783134339442833,
  "R_hat": 5453977.417445933,
  "ll2": 122.17681596890958,
  "aic2": -232.35363193781916,
  "ll1": 118.0890766951427,
  "aic1": -228.1781533902854,
  "LR": 8.175478547533771,
  "lrt_p": 0.016777119191395018,
  "R_lo": 0.1974104912164724,
  "R_hi": 2235.3851591575267,
  "R_covered": true,
  "n_boot_ok": 32,
  "ks_p": 0.892222036187697
}