{
  "rep": 194,
  "scenario": "A",
  "status": "ok",
  "n": 303,
  "n_sh": 259,
  "n_ns": 44,
  "true_mu": 2.5,
  "true_beta": 4.0,
  "true_Ksh": 0.15,
  "true_Kns": 0.02,
  "true_ash": 1.2,
  "true_ans": 0.2,
  "true_R": 7.5,
  "mu_hat": 2.232890142631959,
  "beta_hat": 2.4404424654891557,
  "Ksh_hat": 0.1630069380825361,
  "Kns_hat": 0.09702469880272246,
  "ash_hat": 1.1001427557219066,
  "ans_hat": 2.25,
  "R_hat": 1.6800561103928129,
  "ll2": 91.65484930445388,
  "aic2": -171.30969860890775,
  "ll1": 91.40734227672021,
  "aic1": -174.81468455344043,
  "LR": 0.4950140554673226,
  "lrt_p": 0.7807447339255981,
  "R_lo": 0.33615031780052446,
  "R_hi": 139.09672768831973,
  "R_covered": true,
  "n_boot_ok": 37,
  "ks_p": 0.7948691567580792
}