{
  "rep": 191,
  "scenario": "A",
  "status": "ok",
  "n": 315,
  "n_sh": 268,
  "n_ns": 47,
  "true_mu": 2.5,
  "true_beta": 4.0,
  "true_Ksh": 0.15,
  "true_Kns": 0.02,
  "true_ash": 1.2,
  "true_ans": 0.2,
  "true_R": 7.5,
  "mu_hat": 2.77363369191787,
  "beta_hat": 4.225372186775742,
  "Ksh_hat": 0.10982415131465846,
  "Kns_hat": 0.032401594832212686,
  "ash_hat": 1.2376076666967573,
  "ans_hat": 1.699213585884938,
  "R_hat": 3.389467459344767,
  "ll2": 97.26880163187815,
  "aic2": -182.5376032637563,
  "ll1": 97.0959852971925,
  "aic1": -186.191970594385,
  "LR": 0.3456326693712981,
  "lrt_p": 0.8412921168369601,
  "R_lo": 0.22122686031330852,
  "R_hi": 73.58022321237083,
  "R_covered": true,
  "n_boot_ok": 33,
  "ks_p": 0.8171854220011802
}