{
  "rep": 147,
  "scenario": "A",
  "status": "ok",
  "n": 310,
  "n_sh": 269,
  "n_ns": 41,
  "true_mu": 2.5,
  "true_beta": 4.0,
  "true_Ksh": 0.15,
  "true_Kns": 0.02,
  "true_ash": 1.2,
  "true_ans": 0.2,
  "true_R": 7.5,
  "mu_hat": 2.742766587753901,
  "beta_hat": 10.000000000000002,
  "Ksh_hat": 0.049447152708574874,
  "Kns_hat": 0.38614251315834347,
  "ash_hat": 1.6971634239301328,
  "ans_hat": 0.28479420661719246,
  "R_hat": 0.1280541536443006,
  "ll2": 96.78734055456977,
  "aic2": -181.57468110913953,
  "ll1": 94.5605676904413,
  "aic1": -181.1211353808826,
  "LR": 4.453545728256927,
  "lrt_p": 0.107875999515058,
  "R_lo": 0.3434450755706981,
  "R_hi": 183.48948806833135,
  "R_covered": true,
  "n_boot_ok": 39,
  "ks_p": 0.7013368626024321
}