{
  "rep": 80,
  "scenario": "A",
  "status": "ok",
  "n": 299,
  "n_sh": 256,
  "n_ns": 43,
  "true_mu": 2.5,
  "true_beta": 4.0,
  "true_Ksh": 0.15,
  "true_Kns": 0.02,
  "true_ash": 1.2,
  "true_ans": 0.2,
  "true_R": 7.5,
  "mu_hat": 2.7832477080185525,
  "beta_hat": 10.000000000000002,
  "Ksh_hat": 0.055390352569460274,
  "Kns_hat": 1.9762050107034435e-07,
  "ash_hat": 1.7086471629686415,
  "ans_hat": 0.09554821250876494,
  "R_hat": 280286.4696195852,
  "ll2": 88.17800972861079,
  "aic2": -164.35601945722158,
  "ll1": 84.07856262725329,
  "aic1": -160.15712525450658,
  "LR": 8.198894202714996,
  "lrt_p": 0.016581840945068205,
  "R_lo": 0.31808459929962907,
  "R_hi": 2282.878940464859,
  "R_covered": true,
  "n_boot_ok": 29,
  "ks_p": 0.6144387003416094
}