{
  "rep": 151,
  "scenario": "A",
  "status": "ok",
  "n": 287,
  "n_sh": 240,
  "n_ns": 47,
  "true_mu": 2.5,
  "true_beta": 4.0,
  "true_Ksh": 0.15,
  "true_Kns": 0.02,
  "true_ash": 1.2,
  "true_ans": 0.2,
  "true_R": 7.5,
  "mu_hat": 2.492564183767509,
  "beta_hat": 8.433756579154819,
  "Ksh_hat": 0.16121750938537582,
  "Kns_hat": 0.027098918259752875,
  "ash_hat": 0.752275710499817,
  "ans_hat": 2.25,
  "R_hat": 5.949223059018372,
  "ll2": 59.09412304572186,
  "aic2": -106.18824609144372,
  "ll1": 58.41968354662936,
  "aic1": -108.83936709325872,
  "LR": 1.3488789981850005,
  "lrt_p": 0.5094418832369169,
  "R_lo": 0.22865078971062008,
  "R_hi": 11.310237838945842,
  "R_covered": true,
  "n_boot_ok": 29,
  "ks_p": 0.9977289784279103
}