{
  "rep": 105,
  "scenario": "A",
  "status": "ok",
  "n": 331,
  "n_sh": 279,
  "n_ns": 52,
  "true_mu": 2.5,
  "true_beta": 4.0,
  "true_Ksh": 0.15,
  "true_Kns": 0.02,
  "true_ash": 1.2,
  "true_ans": 0.2,
  "true_R": 7.5,
  "mu_hat": 2.7113723089226633,
  "beta_hat": 6.959363989145479,
  "Ksh_hat": 0.16385900945730195,
  "Kns_hat": 0.10845813335990305,
  "ash_hat": 0.9367871542577019,
  "ans_hat": 8.026465599525242e-06,
  "R_hat": 1.5108042558095565,
  "ll2": 121.27389596504224,
  "aic2": -230.5477919300845,
  "ll1": 119.39036606619169,
  "aic1": -230.78073213238338,
  "LR": 3.7670597977011084,
  "lrt_p": 0.15205242765092808,
  "R_lo": 0.22626857880373755,
  "R_hi": 73.01432537324102,
  "R_covered": true,
  "n_boot_ok": 37,
  "ks_p": 0.6698332400115136
}