{
  "rep": 90,
  "scenario": "A",
  "status": "ok",
  "n": 311,
  "n_sh": 261,
  "n_ns": 50,
  "true_mu": 2.5,
  "true_beta": 4.0,
  "true_Ksh": 0.15,
  "true_Kns": 0.02,
  "true_ash": 1.2,
  "true_ans": 0.2,
  "true_R": 7.5,
  "mu_hat": 2.7063532725802646,
  "beta_hat": 2.4190128029772846,
  "Ksh_hat": 0.061823420419319354,
  "Kns_hat": 0.07071579980266358,
  "ash_hat": 2.0336925077326713,
  "ans_hat": 4.208607091439228e-06,
  "R_hat": 0.8742518728748184,
  "ll2": 85.60347192327146,
  "aic2": -159.2069438465429,
  "ll1": 83.13072365540802,
  "aic1": -158.26144731081604,
  "LR": 4.945496535726875,
  "lrt_p": 0.08435271629312402,
  "R_lo": 0.08341665848067156,
  "R_hi": 778.5337072426414,
  "R_covered": true,
  "n_boot_ok": 37,
  "ks_p": 0.9357287406407582
}