{
  "rep": 54,
  "scenario": "A",
  "status": "ok",
  "n": 317,
  "n_sh": 267,
  "n_ns": 50,
  "true_mu": 2.5,
  "true_beta": 4.0,
  "true_Ksh": 0.15,
  "true_Kns": 0.02,
  "true_ash": 1.2,
  "true_ans": 0.2,
  "true_R": 7.5,
  "mu_hat": 2.5932353973755427,
  "beta_hat": 2.777714327001054,
  "Ksh_hat": 0.2861362099403507,
  "Kns_hat": 0.03728129391003427,
  "ash_hat": 0.000722920051499562,
  "ans_hat": 2.25,
  "R_hat": 7.675061134703189,
  "ll2": 88.91026910443406,
  "aic2": -165.82053820886813,
  "ll1": 86.8813621261931,
  "aic1": -165.7627242523862,
  "LR": 4.057813956481937,
  "lrt_p": 0.13147915221248163,
  "R_lo": 0.22167535564950347,
  "R_hi": 44.60914146383989,
  "R_covered": true,
  "n_boot_ok": 37,
  "ks_p": 0.7855773009483055
}