{
  "rep": 117,
  "scenario": "A",
  "status": "ok",
  "n": 343,
  "n_sh": 275,
  "n_ns": 68,
  "true_mu": 2.5,
  "true_beta": 4.0,
  "true_Ksh": 0.15,
  "true_Kns": 0.02,
  "true_ash": 1.2,
  "true_ans": 0.2,
  "true_R": 7.5,
  "mu_hat": 2.953477698963229,
  "beta_hat": 3.601467321696522,
  "Ksh_hat": 0.11552116631122637,
  "Kns_hat": 0.0059877754605812015,
  "ash_hat": 1.3498726071675162,
  "ans_hat": 2.142315173477982,
  "R_hat": 19.292835389657938,
  "ll2": 128.22614800304268,
  "aic2": -244.45229600608536,
  "ll1": 127.33822871156144,
  "aic1": -246.67645742312288,
  "LR": 1.7758385829624785,
  "lrt_p": 0.4115110972280537,
  "R_lo": 0.4487721546266169,
  "R_hi": 10.16632744251599,
  "R_covered": true,
  "n_boot_ok": 30,
  "ks_p": 0.8879795658214876
}