{
  "rep": 81,
  "scenario": "A",
  "status": "ok",
  "n": 315,
  "n_sh": 261,
  "n_ns": 54,
  "true_mu": 2.5,
  "true_beta": 4.0,
  "true_Ksh": 0.15,
  "true_Kns": 0.02,
  "true_ash": 1.2,
  "true_ans": 0.2,
  "true_R": 7.5,
  "mu_hat": 2.712311474696526,
  "beta_hat": 3.8566761317216964,
  "Ksh_hat": 0.11433912282583061,
  "Kns_hat": 0.19702727546668958,
  "ash_hat": 1.1887746524661515,
  "ans_hat": 3.3062479749541385e-06,
  "R_hat": 0.5803212908212871,
  "ll2": 87.30892378477881,
  "aic2": -162.61784756955763,
  "ll1": 85.59566216093287,
  "aic1": -163.19132432186575,
  "LR": 3.4265232476918754,
  "lrt_p": 0.1802768374322632,
  "R_lo": 0.18745275908348302,
  "R_hi": 3552.9162683615286,
  "R_covered": true,
  "n_boot_ok": 30,
  "ks_p": 0.9287631830291709
}