{
  "rep": 76,
  "scenario": "A",
  "status": "ok",
  "n": 292,
  "n_sh": 256,
  "n_ns": 36,
  "true_mu": 2.5,
  "true_beta": 4.0,
  "true_Ksh": 0.15,
  "true_Kns": 0.02,
  "true_ash": 1.2,
  "true_ans": 0.2,
  "true_R": 7.5,
  "mu_hat": 2.311855807982601,
  "beta_hat": 4.869333373170645,
  "Ksh_hat": 0.17373120567037897,
  "Kns_hat": 1.233558270438622e-07,
  "ash_hat": 1.060189693753459,
  "ans_hat": 0.17634996442618148,
  "R_hat": 1408374.535956089,
  "ll2": 72.1605236057232,
  "aic2": -132.3210472114464,
  "ll1": 70.54365278900792,
  "aic1": -133.08730557801584,
  "LR": 3.2337416334305544,
  "lrt_p": 0.1985189302873155,
  "R_lo": 0.20284089682564715,
  "R_hi": 2472.179899364281,
  "R_covered": true,
  "n_boot_ok": 29,
  "ks_p": 0.556006535339215
}