{
  "rep": 186,
  "scenario": "A",
  "status": "ok",
  "n": 325,
  "n_sh": 280,
  "n_ns": 45,
  "true_mu": 2.5,
  "true_beta": 4.0,
  "true_Ksh": 0.15,
  "true_Kns": 0.02,
  "true_ash": 1.2,
  "true_ans": 0.2,
  "true_R": 7.5,
  "mu_hat": 3.078550200058619,
  "beta_hat": 7.218922589189735,
  "Ksh_hat": 0.07231111142868951,
  "Kns_hat": 1.191810604983401e-07,
  "ash_hat": 1.4349665484792524,
  "ans_hat": 0.018663612711356723,
  "R_hat": 606733.2437413294,
  "ll2": 100.96493358572536,
  "aic2": -189.92986717145072,
  "ll1": 99.74148117341196,
  "aic1": -191.4829623468239,
  "LR": 2.446904824626813,
  "lrt_p": 0.2942126680838423,
  "R_lo": 0.2768519927552608,
  "R_hi": 43.41487044506752,
  "R_covered": true,
  "n_boot_ok": 33,
  "ks_p": 0.9302044801017704
}