{
  "rep": 47,
  "scenario": "A",
  "status": "ok",
  "n": 361,
  "n_sh": 314,
  "n_ns": 47,
  "true_mu": 2.5,
  "true_beta": 4.0,
  "true_Ksh": 0.15,
  "true_Kns": 0.02,
  "true_ash": 1.2,
  "true_ans": 0.2,
  "true_R": 7.5,
  "mu_hat": 2.3194960866781584,
  "beta_hat": 4.078940234997303,
  "Ksh_hat": 0.16163262257772176,
  "Kns_hat": 0.46955494248951446,
  "ash_hat": 1.1419891484509108,
  "ans_hat": 0.016384845823038712,
  "R_hat": 0.3442251543999692,
  "ll2": 201.46105021373944,
  "aic2": -390.9221004274789,
  "ll1": 200.7697827888951,
  "aic1": -393.5395655777902,
  "LR": 1.3825348496886818,
  "lrt_p": 0.5009407617819568,
  "R_lo": 0.22985397568295826,
  "R_hi": 3278.1948744960687,
  "R_covered": true,
  "n_boot_ok": 35,
  "ks_p": 0.9557666063027429
}