{
  "rep": 149,
  "scenario": "A",
  "status": "ok",
  "n": 310,
  "n_sh": 262,
  "n_ns": 48,
  "true_mu": 2.5,
  "true_beta": 4.0,
  "true_Ksh": 0.15,
  "true_Kns": 0.02,
  "true_ash": 1.2,
  "true_ans": 0.2,
  "true_R": 7.5,
  "mu_hat": 2.7170616645040098,
  "beta_hat": 2.5316699404074834,
  "Ksh_hat": 0.044248127102593675,
  "Kns_hat": 0.05022490205763366,
  "ash_hat": 2.25,
  "ans_hat": 9.024833379834189e-06,
  "R_hat": 0.8809997688361529,
  "ll2": 88.3099475873226,
  "aic2": -164.6198951746452,
  "ll1": 85.58229621811557,
  "aic1": -163.16459243623115,
  "LR": 5.455302738414048,
  "lrt_p": 0.06537264571801515,
  "R_lo": 0.3251884258399292,
  "R_hi": 17.87949251393412,
  "R_covered": true,
  "n_boot_ok": 26,
  "ks_p": 0.7684235534870731
}