{
  "rep": 153,
  "scenario": "A",
  "status": "ok",
  "n": 283,
  "n_sh": 248,
  "n_ns": 35,
  "true_mu": 2.5,
  "true_beta": 4.0,
  "true_Ksh": 0.15,
  "true_Kns": 0.02,
  "true_ash": 1.2,
  "true_ans": 0.2,
  "true_R": 7.5,
  "mu_hat": 2.369343937625955,
  "beta_hat": 4.243736012455137,
  "Ksh_hat": 0.10012850478273734,
  "Kns_hat": 0.08276225698002912,
  "ash_hat": 1.39254684855429,
  "ans_hat": 1.6287064961789448,
  "R_hat": 1.2098329412028814,
  "ll2": 57.038208328275005,
  "aic2": -102.07641665655001,
  "ll1": 57.0183613408239,
  "aic1": -106.0367226816478,
  "LR": 0.03969397490220672,
  "lrt_p": 0.9803486674793858,
  "R_lo": 0.171073704629747,
  "R_hi": 1919.8059178479061,
  "R_covered": true,
  "n_boot_ok": 30,
  "ks_p": 0.9923998516484122
}