{
  "rep": 156,
  "scenario": "A",
  "status": "ok",
  "n": 298,
  "n_sh": 262,
  "n_ns": 36,
  "true_mu": 2.5,
  "true_beta": 4.0,
  "true_Ksh": 0.15,
  "true_Kns": 0.02,
  "true_ash": 1.2,
  "true_ans": 0.2,
  "true_R": 7.5,
  "mu_hat": 1.9280118712208774,
  "beta_hat": 1.9492644009095315,
  "Ksh_hat": 0.27794113940748794,
  "Kns_hat": 2.539074063165444e-06,
  "ash_hat": 0.9822235656610179,
  "ans_hat": 0.012692888474465541,
  "R_hat": 109465.55023329286,
  "ll2": 75.69322020627686,
  "aic2": -139.38644041255372,
  "ll1": 73.50825741867766,
  "aic1": -139.01651483735532,
  "LR": 4.369925575198408,
  "lrt_p": 0.11248191929867335,
  "R_lo": 0.279110388644347,
  "R_hi": 1909.2599074804089,
  "R_covered": true,
  "n_boot_ok": 24,
  "ks_p": 0.9880791163722834
}