{
  "rep": 137,
  "scenario": "A",
  "status": "ok",
  "n": 343,
  "n_sh": 274,
  "n_ns": 69,
  "true_mu": 2.5,
  "true_beta": 4.0,
  "true_Ksh": 0.15,
  "true_Kns": 0.02,
  "true_ash": 1.2,
  "true_ans": 0.2,
  "true_R": 7.5,
  "mu_hat": 2.298826683237805,
  "beta_hat": 3.359525980790613,
  "Ksh_hat": 0.2077204873505457,
  "Kns_hat": 0.0036001959761295223,
  "ash_hat": 1.1666398107914802,
  "ans_hat": 2.25,
  "R_hat": 57.69699447691196,
  "ll2": 165.13686535252134,
  "aic2": -318.2737307050427,
  "ll1": 160.8802309878423,
  "aic1": -313.7604619756846,
  "LR": 8.51326872935806,
  "lrt_p": 0.014169913004976387,
  "R_lo": 0.12176687613212259,
  "R_hi": 106.20006090645909,
  "R_covered": true,
  "n_boot_ok": 38,
  "ks_p": 0.782348932935727
}