{
  "rep": 89,
  "scenario": "A",
  "status": "ok",
  "n": 286,
  "n_sh": 246,
  "n_ns": 40,
  "true_mu": 2.5,
  "true_beta": 4.0,
  "true_Ksh": 0.15,
  "true_Kns": 0.02,
  "true_ash": 1.2,
  "true_ans": 0.2,
  "true_R": 7.5,
  "mu_hat": 2.597441922637196,
  "beta_hat": 0.7901033429162404,
  "Ksh_hat": 0.014529439084726337,
  "Kns_hat": 0.3311748942678803,
  "ash_hat": 2.25,
  "ans_hat": 6.275385866693425e-06,
  "R_hat": 0.0438724049926737,
  "ll2": 61.40924262235029,
  "aic2": -110.81848524470058,
  "ll1": 57.90474510259719,
  "aic1": -107.80949020519438,
  "LR": 7.008995039506203,
  "lrt_p": 0.030061875048097875,
  "R_lo": 0.2697669523040877,
  "R_hi": 1398.1007176763658,
  "R_covered": true,
  "n_boot_ok": 36,
  "ks_p": 0.3839893220606978
}