{
  "rep": 178,
  "scenario": "A",
  "status": "ok",
  "n": 289,
  "n_sh": 249,
  "n_ns": 40,
  "true_mu": 2.5,
  "true_beta": 4.0,
  "true_Ksh": 0.15,
  "true_Kns": 0.02,
  "true_ash": 1.2,
  "true_ans": 0.2,
  "true_R": 7.5,
  "mu_hat": 2.3794872518580434,
  "beta_hat": 3.2158580259408756,
  "Ksh_hat": 0.10841512942729638,
  "Kns_hat": 5.231001193910268e-07,
  "ash_hat": 1.6321201342224592,
  "ans_hat": 0.0954198782799603,
  "R_hat": 207255.02711318273,
  "ll2": 65.69658946166044,
  "aic2": -119.39317892332087,
  "ll1": 63.54114724333715,
  "aic1": -119.0822944866743,
  "LR": 4.310884436646575,
  "lrt_p": 0.11585194742943483,
  "R_lo": 0.3358605784761419,
  "R_hi": 722.5544490448444,
  "R_covered": true,
  "n_boot_ok": 32,
  "ks_p": 0.5816358347965117
}