{
  "rep": 25,
  "scenario": "A",
  "status": "ok",
  "n": 246,
  "n_sh": 213,
  "n_ns": 33,
  "true_mu": 2.5,
  "true_beta": 4.0,
  "true_Ksh": 0.15,
  "true_Kns": 0.02,
  "true_ash": 1.2,
  "true_ans": 0.2,
  "true_R": 7.5,
  "mu_hat": 2.5168250383907496,
  "beta_hat": 9.020584989970192,
  "Ksh_hat": 0.005988345979758879,
  "Kns_hat": 0.3500220753986678,
  "ash_hat": 2.25,
  "ans_hat": 1.000000420324387e-06,
  "R_hat": 0.017108480866351868,
  "ll2": 6.64346646285685,
  "aic2": -1.2869329257136997,
  "ll1": 4.547484576069763,
  "aic1": -1.0949691521395266,
  "LR": 4.191963773574173,
  "lrt_p": 0.12294946191454115,
  "R_lo": 0.12032921928493827,
  "R_hi": 41.83827174169976,
  "R_covered": true,
  "n_boot_ok": 29,
  "ks_p": 0.8323524340693321
}