{
  "rep": 38,
  "scenario": "A",
  "status": "ok",
  "n": 349,
  "n_sh": 292,
  "n_ns": 57,
  "true_mu": 2.5,
  "true_beta": 4.0,
  "true_Ksh": 0.15,
  "true_Kns": 0.02,
  "true_ash": 1.2,
  "true_ans": 0.2,
  "true_R": 7.5,
  "mu_hat": 2.874948290475487,
  "beta_hat": 5.318904029711419,
  "Ksh_hat": 0.09237271638785197,
  "Kns_hat": 0.0001008653124377959,
  "ash_hat": 1.58915108006687,
  "ans_hat": 0.009903854480176826,
  "R_hat": 915.8026099886287,
  "ll2": 163.8069118246292,
  "aic2": -315.6138236492584,
  "ll1": 159.71088177844445,
  "aic1": -311.4217635568889,
  "LR": 8.192060092369502,
  "lrt_p": 0.016638598927795734,
  "R_lo": 0.10246019099001488,
  "R_hi": 2440.60163775445,
  "R_covered": true,
  "n_boot_ok": 32,
  "ks_p": 0.8534325678924733
}