{
  "rep": 107,
  "scenario": "A",
  "status": "ok",
  "n": 326,
  "n_sh": 276,
  "n_ns": 50,
  "true_mu": 2.5,
  "true_beta": 4.0,
  "true_Ksh": 0.15,
  "true_Kns": 0.02,
  "true_ash": 1.2,
  "true_ans": 0.2,
  "true_R": 7.5,
  "mu_hat": 2.833875129927611,
  "beta_hat": 3.8268893691332573,
  "Ksh_hat": 0.13560639685216896,
  "Kns_hat": 0.07419437294683114,
  "ash_hat": 0.9958044267660248,
  "ans_hat": 2.945832957036399e-06,
  "R_hat": 1.8277180797706405,
  "ll2": 100.05390224162056,
  "aic2": -188.10780448324113,
  "ll1": 99.07754115741409,
  "aic1": -190.15508231482818,
  "LR": 1.9527221684129472,
  "lrt_p": 0.37667931223334816,
  "R_lo": 0.21272361841259677,
  "R_hi": 60.07153256557086,
  "R_covered": true,
  "n_boot_ok": 34,
  "ks_p": 0.7731925802591764
}