{
  "rep": 40,
  "scenario": "A",
  "status": "ok",
  "n": 306,
  "n_sh": 262,
  "n_ns": 44,
  "true_mu": 2.5,
  "true_beta": 4.0,
  "true_Ksh": 0.15,
  "true_Kns": 0.02,
  "true_ash": 1.2,
  "true_ans": 0.2,
  "true_R": 7.5,
  "mu_hat": 2.8379105940967917,
  "beta_hat": 9.19454891609595,
  "Ksh_hat": 0.07090998957710692,
  "Kns_hat": 0.2327827047241393,
  "ash_hat": 1.3140016238606005,
  "ans_hat": 6.3086987949971966e-06,
  "R_hat": 0.3046188060283056,
  "ll2": 78.24076389645023,
  "aic2": -144.48152779290047,
  "ll1": 76.5041181507512,
  "aic1": -145.0082363015024,
  "LR": 3.473291491398072,
  "lrt_p": 0.17611012917252467,
  "R_lo": 0.29124189925035826,
  "R_hi": 312.01200887168824,
  "R_covered": true,
  "n_boot_ok": 32,
  "ks_p": 0.9962248219731857
}