{
  "rep": 6,
  "scenario": "A",
  "status": "ok",
  "n": 307,
  "n_sh": 253,
  "n_ns": 54,
  "true_mu": 2.5,
  "true_beta": 4.0,
  "true_Ksh": 0.15,
  "true_Kns": 0.02,
  "true_ash": 1.2,
  "true_ans": 0.2,
  "true_R": 7.5,
  "mu_hat": 2.631389874381738,
  "beta_hat": 3.0259275613840786,
  "Ksh_hat": 0.12849862553708227,
  "Kns_hat": 4.921668016522046e-07,
  "ash_hat": 1.143570680457668,
  "ans_hat": 0.0015087479098026828,
  "R_hat": 261087.5522398346,
  "ll2": 80.6198217509205,
  "aic2": -149.239643501841,
  "ll1": 78.12615316043474,
  "aic1": -148.25230632086948,
  "LR": 4.987337180971508,
  "lrt_p": 0.0826063611032013,
  "R_lo": 0.2728096099088045,
  "R_hi": 5582.7559061877655,
  "R_covered": true,
  "n_boot_ok": 33,
  "ks_p": 0.6686429891734726
}