{
  "rep": 3,
  "scenario": "A",
  "status": "ok",
  "n": 323,
  "n_sh": 269,
  "n_ns": 54,
  "true_mu": 2.5,
  "true_beta": 4.0,
  "true_Ksh": 0.15,
  "true_Kns": 0.02,
  "true_ash": 1.2,
  "true_ans": 0.2,
  "true_R": 7.5,
  "mu_hat": 2.528277580758081,
  "beta_hat": 5.4818438079375085,
  "Ksh_hat": 0.1592115615211132,
  "Kns_hat": 7.24747055269901e-08,
  "ash_hat": 1.1391886141328922,
  "ans_hat": 0.011995284510965678,
  "R_hat": 2196787.974003174,
  "ll2": 129.7662482035306,
  "aic2": -247.53249640706122,
  "ll1": 122.53835367057667,
  "aic1": -237.07670734115334,
  "LR": 14.45578906590788,
  "lrt_p": 0.0007260479249764362,
  "R_lo": 0.2693638283173796,
  "R_hi": 3034.7515207713095,
  "R_covered": true,
  "n_boot_ok": 35,
  "ks_p": 0.9656678788849256
}