{
  "rep": 92,
  "scenario": "A",
  "status": "ok",
  "n": 311,
  "n_sh": 267,
  "n_ns": 44,
  "true_mu": 2.5,
  "true_beta": 4.0,
  "true_Ksh": 0.15,
  "true_Kns": 0.02,
  "true_ash": 1.2,
  "true_ans": 0.2,
  "true_R": 7.5,
  "mu_hat": 2.9516123582933673,
  "beta_hat": 3.704645305118174,
  "Ksh_hat": 0.030205567605701318,
  "Kns_hat": 5.431818040148975e-06,
  "ash_hat": 2.25,
  "ans_hat": 0.05217846465363794,
  "R_hat": 5560.857779557154,
  "ll2": 88.84443103172606,
  "aic2": -165.68886206345212,
  "ll1": 87.8399988816928,
  "aic1": -167.6799977633856,
  "LR": 2.0088643000665343,
  "lrt_p": 0.36625255226508635,
  "R_lo": 0.15746802298579327,
  "R_hi": 5529.379280426543,
  "R_covered": true,
  "n_boot_ok": 35,
  "ks_p": 0.5458817880409509
}