{
  "rep": 97,
  "scenario": "A",
  "status": "ok",
  "n": 303,
  "n_sh": 259,
  "n_ns": 44,
  "true_mu": 2.5,
  "true_beta": 4.0,
  "true_Ksh": 0.15,
  "true_Kns": 0.02,
  "true_ash": 1.2,
  "true_ans": 0.2,
  "true_R": 7.5,
  "mu_hat": 2.674285471340477,
  "beta_hat": 5.260516628379246,
  "Ksh_hat": 0.11895605611171153,
  "Kns_hat": 3.5857109262099157e-07,
  "ash_hat": 1.1695527323854442,
  "ans_hat": 0.0237332393265049,
  "R_hat": 331750.2681049855,
  "ll2": 75.2668545119613,
  "aic2": -138.5337090239226,
  "ll1": 72.73135755192885,
  "aic1": -137.4627151038577,
  "LR": 5.070993920064893,
  "lrt_p": 0.07922233914413745,
  "R_lo": 0.29090541558966165,
  "R_hi": 14.93812989176808,
  "R_covered": true,
  "n_boot_ok": 32,
  "ks_p": 0.7569229899654757
}