{
  "rep": 115,
  "scenario": "A",
  "status": "ok",
  "n": 294,
  "n_sh": 246,
  "n_ns": 48,
  "true_mu": 2.5,
  "true_beta": 4.0,
  "true_Ksh": 0.15,
  "true_Kns": 0.02,
  "true_ash": 1.2,
  "true_ans": 0.2,
  "true_R": 7.5,
  "mu_hat": 2.451383986491456,
  "beta_hat": 3.3086081832874723,
  "Ksh_hat": 0.05703372092827324,
  "Kns_hat": 0.2749477531525898,
  "ash_hat": 2.0440597541979404,
  "ans_hat": 1.0000000000000004e-06,
  "R_hat": 0.2074347590562808,
  "ll2": 68.17458010517629,
  "aic2": -124.34916021035258,
  "ll1": 66.4737078681514,
  "aic1": -124.94741573630279,
  "LR": 3.401744474049792,
  "lrt_p": 0.18252425019159468,
  "R_lo": 0.1489664145576302,
  "R_hi": 114.44022344679648,
  "R_covered": true,
  "n_boot_ok": 34,
  "ks_p": 0.9018571027417275
}