{
  "rep": 172,
  "scenario": "A",
  "status": "ok",
  "n": 314,
  "n_sh": 267,
  "n_ns": 47,
  "true_mu": 2.5,
  "true_beta": 4.0,
  "true_Ksh": 0.15,
  "true_Kns": 0.02,
  "true_ash": 1.2,
  "true_ans": 0.2,
  "true_R": 7.5,
  "mu_hat": 2.158572338949716,
  "beta_hat": 2.7060290845667505,
  "Ksh_hat": 0.23379150690281103,
  "Kns_hat": 1.9411591622068103e-06,
  "ash_hat": 1.029323774600728,
  "ans_hat": 0.05632533588010452,
  "R_hat": 120439.12289862143,
  "ll2": 102.10683837608997,
  "aic2": -192.21367675217994,
  "ll1": 99.84735317200352,
  "aic1": -191.69470634400705,
  "LR": 4.5189704081728905,
  "lrt_p": 0.10440421778748044,
  "R_lo": 0.2907213345594592,
  "R_hi": 576.0065338363969,
  "R_covered": true,
  "n_boot_ok": 29,
  "ks_p": 0.9536240029642671
}