{
  "rep": 140,
  "scenario": "A",
  "status": "ok",
  "n": 349,
  "n_sh": 297,
  "n_ns": 52,
  "true_mu": 2.5,
  "true_beta": 4.0,
  "true_Ksh": 0.15,
  "true_Kns": 0.02,
  "true_ash": 1.2,
  "true_ans": 0.2,
  "true_R": 7.5,
  "mu_hat": 2.8703064503447213,
  "beta_hat": 3.67433087665503,
  "Ksh_hat": 0.1555745908491186,
  "Kns_hat": 0.20919903903702575,
  "ash_hat": 0.9236655040675092,
  "ans_hat": 2.7649627965939987e-06,
  "R_hat": 0.743667808252139,
  "ll2": 133.75271335606664,
  "aic2": -255.50542671213327,
  "ll1": 133.22183600709303,
  "aic1": -258.44367201418606,
  "LR": 1.0617546979472081,
  "lrt_p": 0.5880887841828677,
  "R_lo": 0.24130377747408224,
  "R_hi": 310.2559568406285,
  "R_covered": true,
  "n_boot_ok": 32,
  "ks_p": 0.9360316432295746
}