{
  "rep": 106,
  "scenario": "A",
  "status": "ok",
  "n": 280,
  "n_sh": 241,
  "n_ns": 39,
  "true_mu": 2.5,
  "true_beta": 4.0,
  "true_Ksh": 0.15,
  "true_Kns": 0.02,
  "true_ash": 1.2,
  "true_ans": 0.2,
  "true_R": 7.5,
  "mu_hat": 2.234845497905342,
  "beta_hat": 0.92873112415635,
  "Ksh_hat": 0.04695426538158458,
  "Kns_hat": 0.6505353842555798,
  "ash_hat": 2.25,
  "ans_hat": 1.0000000000000004e-06,
  "R_hat": 0.07217788073943933,
  "ll2": 44.95008236912781,
  "aic2": -77.90016473825563,
  "ll1": 40.99947079160228,
  "aic1": -73.99894158320456,
  "LR": 7.9012231550510705,
  "lrt_p": 0.019242929632676153,
  "R_lo": 0.15328855641314565,
  "R_hi": 3725.994751679097,
  "R_covered": true,
  "n_boot_ok": 32,
  "ks_p": 0.7892296150125014
}