{
  "rep": 192,
  "scenario": "A",
  "status": "ok",
  "n": 255,
  "n_sh": 214,
  "n_ns": 41,
  "true_mu": 2.5,
  "true_beta": 4.0,
  "true_Ksh": 0.15,
  "true_Kns": 0.02,
  "true_ash": 1.2,
  "true_ans": 0.2,
  "true_R": 7.5,
  "mu_hat": 2.1337211373972584,
  "beta_hat": 3.012824300750561,
  "Ksh_hat": 0.11930994405936539,
  "Kns_hat": 5.586100076798253e-07,
  "ash_hat": 1.3603880664352164,
  "ans_hat": 0.0754555786271344,
  "R_hat": 213583.61364651646,
  "ll2": 32.568696851890934,
  "aic2": -53.13739370378187,
  "ll1": 31.28120171551717,
  "aic1": -54.56240343103434,
  "LR": 2.5749902727475273,
  "lrt_p": 0.27596116315466257,
  "R_lo": 0.1680283498302294,
  "R_hi": 57.07523094932817,
  "R_covered": true,
  "n_boot_ok": 32,
  "ks_p": 0.8128872890691597
}