{
  "rep": 131,
  "scenario": "A",
  "status": "ok",
  "n": 319,
  "n_sh": 272,
  "n_ns": 47,
  "true_mu": 2.5,
  "true_beta": 4.0,
  "true_Ksh": 0.15,
  "true_Kns": 0.02,
  "true_ash": 1.2,
  "true_ans": 0.2,
  "true_R": 7.5,
  "mu_hat": 2.8405266352335774,
  "beta_hat": 6.130239769613771,
  "Ksh_hat": 0.11530408060648056,
  "Kns_hat": 1.0000011982393303e-08,
  "ash_hat": 1.2199099386119403,
  "ans_hat": 1.0000000000000004e-06,
  "R_hat": 11530394.244476179,
  "ll2": 98.45551691976783,
  "aic2": -184.91103383953566,
  "ll1": 95.91659879498275,
  "aic1": -183.8331975899655,
  "LR": 5.0778362495701685,
  "lrt_p": 0.07895176956529293,
  "R_lo": 0.235040134072523,
  "R_hi": 36.229758832804976,
  "R_covered": true,
  "n_boot_ok": 32,
  "ks_p": 0.904327420740057
}