{
  "rep": 101,
  "scenario": "A",
  "status": "ok",
  "n": 262,
  "n_sh": 229,
  "n_ns": 33,
  "true_mu": 2.5,
  "true_beta": 4.0,
  "true_Ksh": 0.15,
  "true_Kns": 0.02,
  "true_ash": 1.2,
  "true_ans": 0.2,
  "true_R": 7.5,
  "mu_hat": 2.131344106778542,
  "beta_hat": 1.69647090766635,
  "Ksh_hat": 0.1259997397863541,
  "Kns_hat": 0.018277779119791594,
  "ash_hat": 1.4838932456239493,
  "ans_hat": 2.25,
  "R_hat": 6.893602278513078,
  "ll2": 25.66047262125221,
  "aic2": -39.32094524250442,
  "ll1": 25.41872016072074,
  "aic1": -42.83744032144148,
  "LR": 0.48350492106294496,
  "lrt_p": 0.7852505339952378,
  "R_lo": 0.10812531253017396,
  "R_hi": 375.28574213571426,
  "R_covered": true,
  "n_boot_ok": 36,
  "ks_p": 0.921790636675653
}