{
  "rep": 159,
  "scenario": "A",
  "status": "ok",
  "n": 257,
  "n_sh": 220,
  "n_ns": 37,
  "true_mu": 2.5,
  "true_beta": 4.0,
  "true_Ksh": 0.15,
  "true_Kns": 0.02,
  "true_ash": 1.2,
  "true_ans": 0.2,
  "true_R": 7.5,
  "mu_hat": 1.9524758889891085,
  "beta_hat": 4.337743643196968,
  "Ksh_hat": 0.17592013847041177,
  "Kns_hat": 0.0038280041599191646,
  "ash_hat": 1.2069986524399166,
  "ans_hat": 2.25,
  "R_hat": 45.95609908483659,
  "ll2": 33.257378365747456,
  "aic2": -54.51475673149491,
  "ll1": 31.862435301824576,
  "aic1": -55.72487060364915,
  "LR": 2.7898861278457616,
  "lrt_p": 0.24784714740980984,
  "R_lo": 0.1325768430500411,
  "R_hi": 149.1749596056597,
  "R_covered": true,
  "n_boot_ok": 35,
  "ks_p": 0.8766716484250281
}