{
  "rep": 91,
  "scenario": "A",
  "status": "ok",
  "n": 312,
  "n_sh": 269,
  "n_ns": 43,
  "true_mu": 2.5,
  "true_beta": 4.0,
  "true_Ksh": 0.15,
  "true_Kns": 0.02,
  "true_ash": 1.2,
  "true_ans": 0.2,
  "true_R": 7.5,
  "mu_hat": 2.5014526157996433,
  "beta_hat": 4.685342579850138,
  "Ksh_hat": 0.12151122937562633,
  "Kns_hat": 0.17973172770359272,
  "ash_hat": 1.2082456011154945,
  "ans_hat": 0.2602594702331674,
  "R_hat": 0.6760700012633184,
  "ll2": 103.16572541265077,
  "aic2": -194.33145082530154,
  "ll1": 101.98567004438536,
  "aic1": -195.97134008877072,
  "LR": 2.360110736530828,
  "lrt_p": 0.30726172558137144,
  "R_lo": 0.283528049794392,
  "R_hi": 1308.4296756511983,
  "R_covered": true,
  "n_boot_ok": 38,
  "ks_p": 0.6564261376396447
}