{
  "rep": 48,
  "scenario": "A",
  "status": "ok",
  "n": 266,
  "n_sh": 220,
  "n_ns": 46,
  "true_mu": 2.5,
  "true_beta": 4.0,
  "true_Ksh": 0.15,
  "true_Kns": 0.02,
  "true_ash": 1.2,
  "true_ans": 0.2,
  "true_R": 7.5,
  "mu_hat": 2.396842939787363,
  "beta_hat": 3.5856999226979984,
  "Ksh_hat": 0.09349138103655087,
  "Kns_hat": 0.22422115209941423,
  "ash_hat": 1.0382029196970308,
  "ans_hat": 1.0000001197979873e-06,
  "R_hat": 0.41696057736381203,
  "ll2": 27.922401040320494,
  "aic2": -43.84480208064099,
  "ll1": 26.26517650315708,
  "aic1": -44.53035300631416,
  "LR": 3.3144490743268307,
  "lrt_p": 0.19066743679129639,
  "R_lo": 0.10401331270490613,
  "R_hi": 8779.99239027985,
  "R_covered": true,
  "n_boot_ok": 37,
  "ks_p": 0.7107293013787872
}