{
  "rep": 130,
  "scenario": "A",
  "status": "ok",
  "n": 309,
  "n_sh": 264,
  "n_ns": 45,
  "true_mu": 2.5,
  "true_beta": 4.0,
  "true_Ksh": 0.15,
  "true_Kns": 0.02,
  "true_ash": 1.2,
  "true_ans": 0.2,
  "true_R": 7.5,
  "mu_hat": 2.880196570222793,
  "beta_hat": 8.07099350321679,
  "Ksh_hat": 0.043428712339439235,
  "Kns_hat": 0.10474826393521727,
  "ash_hat": 1.7583046724178395,
  "ans_hat": 0.04988355882164825,
  "R_hat": 0.4146007838974611,
  "ll2": 92.80299909800334,
  "aic2": -173.60599819600668,
  "ll1": 91.32686770658279,
  "aic1": -174.65373541316558,
  "LR": 2.952262782841103,
  "lrt_p": 0.22852003512474328,
  "R_lo": 0.23334764450795115,
  "R_hi": 29.180575621028204,
  "R_covered": true,
  "n_boot_ok": 35,
  "ks_p": 0.7427339708345033
}