{
  "rep": 175,
  "scenario": "A",
  "status": "ok",
  "n": 274,
  "n_sh": 231,
  "n_ns": 43,
  "true_mu": 2.5,
  "true_beta": 4.0,
  "true_Ksh": 0.15,
  "true_Kns": 0.02,
  "true_ash": 1.2,
  "true_ans": 0.2,
  "true_R": 7.5,
  "mu_hat": 2.3331740981133833,
  "beta_hat": 2.7297666913830225,
  "Ksh_hat": 0.11428052715405143,
  "Kns_hat": 1.0000001576717174e-08,
  "ash_hat": 1.2829885981248932,
  "ans_hat": 0.014565046333487998,
  "R_hat": 11428050.913524728,
  "ll2": 50.963724914996476,
  "aic2": -89.92744982999295,
  "ll1": 49.09342314238671,
  "aic1": -90.18684628477342,
  "LR": 3.7406035452195283,
  "lrt_p": 0.15407715853254045,
  "R_lo": 0.3079112314402446,
  "R_hi": 1158.356921491671,
  "R_covered": true,
  "n_boot_ok": 30,
  "ks_p": 0.9752176799202932
}