{
  "rep": 195,
  "scenario": "A",
  "status": "ok",
  "n": 265,
  "n_sh": 230,
  "n_ns": 35,
  "true_mu": 2.5,
  "true_beta": 4.0,
  "true_Ksh": 0.15,
  "true_Kns": 0.02,
  "true_ash": 1.2,
  "true_ans": 0.2,
  "true_R": 7.5,
  "mu_hat": 1.887073445879875,
  "beta_hat": 2.7308078928580226,
  "Ksh_hat": 0.1382281589807319,
  "Kns_hat": 0.026382765999995852,
  "ash_hat": 1.6300515552686285,
  "ans_hat": 2.25,
  "R_hat": 5.239335366911629,
  "ll2": 42.599468539911584,
  "aic2": -73.19893707982317,
  "ll1": 41.86612257861674,
  "aic1": -75.73224515723348,
  "LR": 1.466691922589689,
  "lrt_p": 0.48029923585123957,
  "R_lo": 0.18815060449618376,
  "R_hi": 102.25614848068798,
  "R_covered": true,
  "n_boot_ok": 27,
  "ks_p": 0.9818432841333669
}