{
  "rep": 85,
  "scenario": "A",
  "status": "ok",
  "n": 315,
  "n_sh": 275,
  "n_ns": 40,
  "true_mu": 2.5,
  "true_beta": 4.0,
  "true_Ksh": 0.15,
  "true_Kns": 0.02,
  "true_ash": 1.2,
  "true_ans": 0.2,
  "true_R": 7.5,
  "mu_hat": 2.240135346401451,
  "beta_hat": 1.9765710933837797,
  "Ksh_hat": 0.1430824190852765,
  "Kns_hat": 0.36935584959829637,
  "ash_hat": 1.440469682572332,
  "ans_hat": 0.4841616816701728,
  "R_hat": 0.38738365519563295,
  "ll2": 96.02162664467238,
  "aic2": -180.04325328934476,
  "ll1": 95.62990728040529,
  "aic1": -183.25981456081058,
  "LR": 0.7834387285341791,
  "lrt_p": 0.675893767290384,
  "R_lo": 0.22718883297213605,
  "R_hi": 134.09844223189214,
  "R_covered": true,
  "n_boot_ok": 29,
  "ks_p": 0.6570976064564475
}