{
  "rep": 42,
  "scenario": "A",
  "status": "ok",
  "n": 294,
  "n_sh": 258,
  "n_ns": 36,
  "true_mu": 2.5,
  "true_beta": 4.0,
  "true_Ksh": 0.15,
  "true_Kns": 0.02,
  "true_ash": 1.2,
  "true_ans": 0.2,
  "true_R": 7.5,
  "mu_hat": 2.4723178895460216,
  "beta_hat": 9.852695280256931,
  "Ksh_hat": 0.07818818457303545,
  "Kns_hat": 0.346559884898101,
  "ash_hat": 1.650737412444847,
  "ans_hat": 1.1237724507852124e-05,
  "R_hat": 0.22561233420314966,
  "ll2": 79.75430787931589,
  "aic2": -147.50861575863178,
  "ll1": 78.59463890620384,
  "aic1": -149.18927781240768,
  "LR": 2.3193379462240955,
  "lrt_p": 0.3135899704150942,
  "R_lo": 0.318970656413992,
  "R_hi": 107.80679166590129,
  "R_covered": true,
  "n_boot_ok": 27,
  "ks_p": 0.27583149982184707
}