{
  "rep": 157,
  "scenario": "A",
  "status": "ok",
  "n": 293,
  "n_sh": 244,
  "n_ns": 49,
  "true_mu": 2.5,
  "true_beta": 4.0,
  "true_Ksh": 0.15,
  "true_Kns": 0.02,
  "true_ash": 1.2,
  "true_ans": 0.2,
  "true_R": 7.5,
  "mu_hat": 2.8379898083150286,
  "beta_hat": 5.429114167501547,
  "Ksh_hat": 0.04968135820013969,
  "Kns_hat": 0.007827590735094097,
  "ash_hat": 1.8247074241016452,
  "ans_hat": 2.25,
  "R_hat": 6.346953983861097,
  "ll2": 58.24604047264671,
  "aic2": -104.49208094529342,
  "ll1": 57.63545848437178,
  "aic1": -107.27091696874356,
  "LR": 1.2211639765498603,
  "lrt_p": 0.5430347372409587,
  "R_lo": 0.39412227959562995,
  "R_hi": 23.481150794212738,
  "R_covered": true,
  "n_boot_ok": 30,
  "ks_p": 0.6596861220854181
}