{
  "rep": 170,
  "scenario": "A",
  "status": "ok",
  "n": 282,
  "n_sh": 238,
  "n_ns": 44,
  "true_mu": 2.5,
  "true_beta": 4.0,
  "true_Ksh": 0.15,
  "true_Kns": 0.02,
  "true_ash": 1.2,
  "true_ans": 0.2,
  "true_R": 7.5,
  "mu_hat": 2.185784963799336,
  "beta_hat": 4.213381402139195,
  "Ksh_hat": 0.11462795838518146,
  "Kns_hat": 1.3192019202747202e-07,
  "ash_hat": 1.465801469820307,
  "ans_hat": 0.015868916186445828,
  "R_hat": 868918.9776293723,
  "ll2": 91.29906046700006,
  "aic2": -170.59812093400012,
  "ll1": 87.8481654916722,
  "aic1": -167.6963309833444,
  "LR": 6.901789950655711,
  "lrt_p": 0.03171723752677369,
  "R_lo": 0.17016472184812992,
  "R_hi": 1540.5711465715376,
  "R_covered": true,
  "n_boot_ok": 30,
  "ks_p": 0.7580237511339274
}