{
  "rep": 160,
  "scenario": "A",
  "status": "ok",
  "n": 273,
  "n_sh": 233,
  "n_ns": 40,
  "true_mu": 2.5,
  "true_beta": 4.0,
  "true_Ksh": 0.15,
  "true_Kns": 0.02,
  "true_ash": 1.2,
  "true_ans": 0.2,
  "true_R": 7.5,
  "mu_hat": 2.4983588998147077,
  "beta_hat": 3.7899148592340675,
  "Ksh_hat": 0.09115270781413179,
  "Kns_hat": 0.13242524390262472,
  "ash_hat": 1.255791446132755,
  "ans_hat": 0.6041334969906537,
  "R_hat": 0.6883333202025924,
  "ll2": 33.76100763070497,
  "aic2": -55.52201526140993,
  "ll1": 33.60334160832093,
  "aic1": -59.20668321664186,
  "LR": 0.31533204476806986,
  "lrt_p": 0.8541349963080073,
  "R_lo": 0.10618977510002156,
  "R_hi": 26.133362157477734,
  "R_covered": true,
  "n_boot_ok": 33,
  "ks_p": 0.8313906883299903
}