{
  "rep": 136,
  "scenario": "A",
  "status": "ok",
  "n": 311,
  "n_sh": 260,
  "n_ns": 51,
  "true_mu": 2.5,
  "true_beta": 4.0,
  "true_Ksh": 0.15,
  "true_Kns": 0.02,
  "true_ash": 1.2,
  "true_ans": 0.2,
  "true_R": 7.5,
  "mu_hat": 2.72808062111409,
  "beta_hat": 3.02439477592891,
  "Ksh_hat": 0.24289591030174593,
  "Kns_hat": 2.7367916987020534e-08,
  "ash_hat": 0.08944384378874927,
  "ans_hat": 0.002845010079171041,
  "R_hat": 8875206.338024972,
  "ll2": 78.67256929539383,
  "aic2": -145.34513859078766,
  "ll1": 76.85324388612321,
  "aic1": -145.70648777224642,
  "LR": 3.6386508185412367,
  "lrt_p": 0.16213508887841732,
  "R_lo": 0.3533129812598628,
  "R_hi": 44.460420485932545,
  "R_covered": true,
  "n_boot_ok": 33,
  "ks_p": 0.9840569721833824
}