{
  "rep": 196,
  "scenario": "A",
  "status": "ok",
  "n": 304,
  "n_sh": 256,
  "n_ns": 48,
  "true_mu": 2.5,
  "true_beta": 4.0,
  "true_Ksh": 0.15,
  "true_Kns": 0.02,
  "true_ash": 1.2,
  "true_ans": 0.2,
  "true_R": 7.5,
  "mu_hat": 2.468778621673264,
  "beta_hat": 2.6170003803046686,
  "Ksh_hat": 0.13256596613363575,
  "Kns_hat": 0.17631922645216527,
  "ash_hat": 1.3679689075383192,
  "ans_hat": 1.1152697619305731e-05,
  "R_hat": 0.751852017508711,
  "ll2": 73.52660599550597,
  "aic2": -135.05321199101195,
  "ll1": 71.54430912968161,
  "aic1": -135.08861825936322,
  "LR": 3.9645937316487334,
  "lrt_p": 0.1377524747181631,
  "R_lo": 0.2781360576357234,
  "R_hi": 103.97725761876026,
  "R_covered": true,
  "n_boot_ok": 30,
  "ks_p": 0.6789358032890506
}