{
  "rep": 87,
  "scenario": "A",
  "status": "ok",
  "n": 322,
  "n_sh": 283,
  "n_ns": 39,
  "true_mu": 2.5,
  "true_beta": 4.0,
  "true_Ksh": 0.15,
  "true_Kns": 0.02,
  "true_ash": 1.2,
  "true_ans": 0.2,
  "true_R": 7.5,
  "mu_hat": 1.9987399480556607,
  "beta_hat": 2.748706974012428,
  "Ksh_hat": 0.21053760914713532,
  "Kns_hat": 9.999999999999982e-09,
  "ash_hat": 1.218648273929672,
  "ans_hat": 0.24198169130220298,
  "R_hat": 21053760.91471357,
  "ll2": 147.42383373984433,
  "aic2": -282.84766747968865,
  "ll1": 145.9225914909868,
  "aic1": -283.8451829819736,
  "LR": 3.002484497715045,
  "lrt_p": 0.2228531490558865,
  "R_lo": 0.1472516697834283,
  "R_hi": 14.12769096298613,
  "R_covered": true,
  "n_boot_ok": 30,
  "ks_p": 0.5006569873291935
}