{
  "rep": 62,
  "scenario": "A",
  "status": "ok",
  "n": 313,
  "n_sh": 271,
  "n_ns": 42,
  "true_mu": 2.5,
  "true_beta": 4.0,
  "true_Ksh": 0.15,
  "true_Kns": 0.02,
  "true_ash": 1.2,
  "true_ans": 0.2,
  "true_R": 7.5,
  "mu_hat": 2.1941776357497376,
  "beta_hat": 2.322515781079354,
  "Ksh_hat": 0.27861603548911645,
  "Kns_hat": 0.03487811905204572,
  "ash_hat": 0.7574840027968913,
  "ans_hat": 1.534561517456901,
  "R_hat": 7.988275832001172,
  "ll2": 89.7935968498511,
  "aic2": -167.5871936997022,
  "ll1": 89.1198289606101,
  "aic1": -170.2396579212202,
  "LR": 1.3475357784819835,
  "lrt_p": 0.5097841443445706,
  "R_lo": 0.15443610172473496,
  "R_hi": 47.001620629708654,
  "R_covered": true,
  "n_boot_ok": 34,
  "ks_p": 0.4661988674600176
}