{
  "rep": 104,
  "scenario": "A",
  "status": "ok",
  "n": 259,
  "n_sh": 214,
  "n_ns": 45,
  "true_mu": 2.5,
  "true_beta": 4.0,
  "true_Ksh": 0.15,
  "true_Kns": 0.02,
  "true_ash": 1.2,
  "true_ans": 0.2,
  "true_R": 7.5,
  "mu_hat": 2.49867765370517,
  "beta_hat": 9.925733564355284,
  "Ksh_hat": 0.05259041677869689,
  "Kns_hat": 1.2487324054581832e-07,
  "ash_hat": 1.9029888260150374,
  "ans_hat": 0.04219147793879525,
  "R_hat": 421150.4126010127,
  "ll2": 25.136197564897884,
  "aic2": -38.27239512979577,
  "ll1": 22.688660717513528,
  "aic1": -37.377321435027056,
  "LR": 4.895073694768712,
  "lrt_p": 0.08650640276454136,
  "R_lo": 0.23972486892614264,
  "R_hi": 231.57637408306405,
  "R_covered": true,
  "n_boot_ok": 26,
  "ks_p": 0.6502047562077009
}