{
  "rep": 16,
  "scenario": "A",
  "status": "ok",
  "n": 326,
  "n_sh": 273,
  "n_ns": 53,
  "true_mu": 2.5,
  "true_beta": 4.0,
  "true_Ksh": 0.15,
  "true_Kns": 0.02,
  "true_ash": 1.2,
  "true_ans": 0.2,
  "true_R": 7.5,
  "mu_hat": 2.8178815781530067,
  "beta_hat": 7.034505138258282,
  "Ksh_hat": 0.10843129890978943,
  "Kns_hat": 0.007780587319164749,
  "ash_hat": 1.4528817087928059,
  "ans_hat": 1.334354506328649,
  "R_hat": 13.936132898696085,
  "ll2": 110.85080990572266,
  "aic2": -209.7016198114453,
  "ll1": 108.12804921137524,
  "aic1": -208.25609842275048,
  "LR": 5.445521388694829,
  "lrt_p": 0.06569314516339719,
  "R_lo": 0.17322917855947884,
  "R_hi": 139.0159374746197,
  "R_covered": true,
  "n_boot_ok": 30,
  "ks_p": 0.46536449917870504
}