{
  "rep": 150,
  "scenario": "A",
  "status": "ok",
  "n": 272,
  "n_sh": 231,
  "n_ns": 41,
  "true_mu": 2.5,
  "true_beta": 4.0,
  "true_Ksh": 0.15,
  "true_Kns": 0.02,
  "true_ash": 1.2,
  "true_ans": 0.2,
  "true_R": 7.5,
  "mu_hat": 2.1832714909185507,
  "beta_hat": 4.224819758347686,
  "Ksh_hat": 0.15533076580758623,
  "Kns_hat": 2.4935973356384446e-07,
  "ash_hat": 1.2118911539607955,
  "ans_hat": 0.03059414118062726,
  "R_hat": 622918.3982016741,
  "ll2": 47.882593347610964,
  "aic2": -83.76518669522193,
  "ll1": 46.771844713031726,
  "aic1": -85.54368942606345,
  "LR": 2.2214972691584762,
  "lrt_p": 0.32931233416926387,
  "R_lo": 0.2917393572331348,
  "R_hi": 32.23841266549087,
  "R_covered": true,
  "n_boot_ok": 30,
  "ks_p": 0.7950072046386103
}