{
  "rep": 122,
  "scenario": "A",
  "status": "ok",
  "n": 298,
  "n_sh": 249,
  "n_ns": 49,
  "true_mu": 2.5,
  "true_beta": 4.0,
  "true_Ksh": 0.15,
  "true_Kns": 0.02,
  "true_ash": 1.2,
  "true_ans": 0.2,
  "true_R": 7.5,
  "mu_hat": 2.254197786548085,
  "beta_hat": 3.5209411389508927,
  "Ksh_hat": 0.19472817465260828,
  "Kns_hat": 9.999999999999982e-09,
  "ash_hat": 1.0372919443622208,
  "ans_hat": 0.05992786019139958,
  "R_hat": 19472817.465260863,
  "ll2": 81.22033604047999,
  "aic2": -150.44067208095998,
  "ll1": 78.24051018233666,
  "aic1": -148.48102036467333,
  "LR": 5.959651716286658,
  "lrt_p": 0.05080167979349415,
  "R_lo": 0.17999589423006238,
  "R_hi": 87.95005189903753,
  "R_covered": true,
  "n_boot_ok": 38,
  "ks_p": 0.9281452485734742
}