{
  "rep": 69,
  "scenario": "A",
  "status": "ok",
  "n": 322,
  "n_sh": 270,
  "n_ns": 52,
  "true_mu": 2.5,
  "true_beta": 4.0,
  "true_Ksh": 0.15,
  "true_Kns": 0.02,
  "true_ash": 1.2,
  "true_ans": 0.2,
  "true_R": 7.5,
  "mu_hat": 2.3602862143212877,
  "beta_hat": 3.145786397713802,
  "Ksh_hat": 0.14952663753981846,
  "Kns_hat": 0.04801615037612293,
  "ash_hat": 1.2987916666202455,
  "ans_hat": 2.25,
  "R_hat": 3.1140904959797404,
  "ll2": 125.35467022212839,
  "aic2": -238.70934044425678,
  "ll1": 124.99957224331536,
  "aic1": -241.9991444866307,
  "LR": 0.7101959576260697,
  "lrt_p": 0.7011047464323445,
  "R_lo": 0.20843834818265108,
  "R_hi": 742.4715654979968,
  "R_covered": true,
  "n_boot_ok": 34,
  "ks_p": 0.7340713439750643
}