{
  "rep": 173,
  "scenario": "A",
  "status": "ok",
  "n": 317,
  "n_sh": 283,
  "n_ns": 34,
  "true_mu": 2.5,
  "true_beta": 4.0,
  "true_Ksh": 0.15,
  "true_Kns": 0.02,
  "true_ash": 1.2,
  "true_ans": 0.2,
  "true_R": 7.5,
  "mu_hat": 2.370606056916553,
  "beta_hat": 2.1168178583149895,
  "Ksh_hat": 0.15051892550646953,
  "Kns_hat": 0.06468925368131022,
  "ash_hat": 1.2338295912047974,
  "ans_hat": 1.5226398976983695,
  "R_hat": 2.326799536875116,
  "ll2": 101.68288750361245,
  "aic2": -191.3657750072249,
  "ll1": 101.57106574795256,
  "aic1": -195.14213149590512,
  "LR": 0.22364351131977855,
  "lrt_p": 0.8942036300322691,
  "R_lo": 0.16066381521906697,
  "R_hi": 1897.3897876199958,
  "R_covered": true,
  "n_boot_ok": 29,
  "ks_p": 0.786515686606177
}