{
  "rep": 56,
  "scenario": "A",
  "status": "ok",
  "n": 309,
  "n_sh": 258,
  "n_ns": 51,
  "true_mu": 2.5,
  "true_beta": 4.0,
  "true_Ksh": 0.15,
  "true_Kns": 0.02,
  "true_ash": 1.2,
  "true_ans": 0.2,
  "true_R": 7.5,
  "mu_hat": 2.477458869082494,
  "beta_hat": 4.500582645696827,
  "Ksh_hat": 0.14019008048071763,
  "Kns_hat": 0.0719370065404563,
  "ash_hat": 1.4044068343977898,
  "ans_hat": 0.9005637861183059,
  "R_hat": 1.9487894648754507,
  "ll2": 89.01064406362377,
  "aic2": -166.02128812724754,
  "ll1": 87.14386794029792,
  "aic1": -166.28773588059585,
  "LR": 3.7335522466516977,
  "lrt_p": 0.1546213392877437,
  "R_lo": 0.3645859355507173,
  "R_hi": 93.835225297984,
  "R_covered": true,
  "n_boot_ok": 33,
  "ks_p": 0.884953258629306
}