{
  "rep": 75,
  "scenario": "A",
  "status": "ok",
  "n": 234,
  "n_sh": 205,
  "n_ns": 29,
  "true_mu": 2.5,
  "true_beta": 4.0,
  "true_Ksh": 0.15,
  "true_Kns": 0.02,
  "true_ash": 1.2,
  "true_ans": 0.2,
  "true_R": 7.5,
  "mu_hat": 2.168112774579917,
  "beta_hat": 2.358391227771048,
  "Ksh_hat": 0.03441760980852676,
  "Kns_hat": 0.009860322565967581,
  "ash_hat": 2.25,
  "ans_hat": 2.25,
  "R_hat": 3.4905156071990433,
  "ll2": 1.8039622601201017,
  "aic2": 8.392075479759797,
  "ll1": 0.8113790441406366,
  "aic1": 6.377241911718727,
  "LR": 1.9851664319589304,
  "lrt_p": 0.3706180668758823,
  "R_lo": 0.3562496455513682,
  "R_hi": 4620.755122010711,
  "R_covered": true,
  "n_boot_ok": 34,
  "ks_p": 0.2234950727264422
}