{
  "rep": 199,
  "scenario": "A",
  "status": "ok",
  "n": 309,
  "n_sh": 265,
  "n_ns": 44,
  "true_mu": 2.5,
  "true_beta": 4.0,
  "true_Ksh": 0.15,
  "true_Kns": 0.02,
  "true_ash": 1.2,
  "true_ans": 0.2,
  "true_R": 7.5,
  "mu_hat": 2.157540842003469,
  "beta_hat": 2.690283482482675,
  "Ksh_hat": 0.20856482995832698,
  "Kns_hat": 0.06309236083984773,
  "ash_hat": 1.0741094422185893,
  "ans_hat": 1.0000000810745642e-06,
  "R_hat": 3.3057065416801152,
  "ll2": 102.5941992440624,
  "aic2": -193.1883984881248,
  "ll1": 99.88706249720866,
  "aic1": -191.77412499441732,
  "LR": 5.414273493707469,
  "lrt_p": 0.06672759143832452,
  "R_lo": 0.2136040687811413,
  "R_hi": 2728.566297274563,
  "R_covered": true,
  "n_boot_ok": 38,
  "ks_p": 0.28096626058558416
}