{
  "rep": 57,
  "scenario": "A",
  "status": "ok",
  "n": 315,
  "n_sh": 275,
  "n_ns": 40,
  "true_mu": 2.5,
  "true_beta": 4.0,
  "true_Ksh": 0.15,
  "true_Kns": 0.02,
  "true_ash": 1.2,
  "true_ans": 0.2,
  "true_R": 7.5,
  "mu_hat": 2.5701447685960503,
  "beta_hat": 9.13059005527311,
  "Ksh_hat": 0.19016572550684785,
  "Kns_hat": 0.3537247206292292,
  "ash_hat": 0.5698821175680998,
  "ans_hat": 3.4861999133582413e-06,
  "R_hat": 0.5376093736637019,
  "ll2": 96.78036006507324,
  "aic2": -181.56072013014648,
  "ll1": 96.38039897396004,
  "aic1": -184.76079794792008,
  "LR": 0.7999221822263962,
  "lrt_p": 0.6703461279498373,
  "R_lo": 0.19518631578852702,
  "R_hi": 398.7531965560009,
  "R_covered": true,
  "n_boot_ok": 26,
  "ks_p": 0.700362538529075
}