{
  "rep": 60,
  "scenario": "A",
  "status": "ok",
  "n": 312,
  "n_sh": 265,
  "n_ns": 47,
  "true_mu": 2.5,
  "true_beta": 4.0,
  "true_Ksh": 0.15,
  "true_Kns": 0.02,
  "true_ash": 1.2,
  "true_ans": 0.2,
  "true_R": 7.5,
  "mu_hat": 2.162024918885361,
  "beta_hat": 2.3883408291661405,
  "Ksh_hat": 0.20609058070437816,
  "Kns_hat": 0.11455980204088682,
  "ash_hat": 1.1703226777078521,
  "ans_hat": 2.956604245163901e-05,
  "R_hat": 1.7989781496900952,
  "ll2": 96.39379399673703,
  "aic2": -180.78758799347406,
  "ll1": 95.126307982058,
  "aic1": -182.252615964116,
  "LR": 2.534972029358073,
  "lrt_p": 0.281538516542418,
  "R_lo": 0.33247601152952266,
  "R_hi": 446.1494567618827,
  "R_covered": true,
  "n_boot_ok": 36,
  "ks_p": 0.4871054585868313
}