{
  "rep": 189,
  "scenario": "A",
  "status": "ok",
  "n": 343,
  "n_sh": 300,
  "n_ns": 43,
  "true_mu": 2.5,
  "true_beta": 4.0,
  "true_Ksh": 0.15,
  "true_Kns": 0.02,
  "true_ash": 1.2,
  "true_ans": 0.2,
  "true_R": 7.5,
  "mu_hat": 2.9668640506766666,
  "beta_hat": 5.247838640860126,
  "Ksh_hat": 0.08487785659610748,
  "Kns_hat": 0.0099452600779428,
  "ash_hat": 1.3773378805288525,
  "ans_hat": 0.4242322491168938,
  "R_hat": 8.534503465058167,
  "ll2": 145.29307538804608,
  "aic2": -278.58615077609215,
  "ll1": 144.73191341177068,
  "aic1": -281.46382682354135,
  "LR": 1.1223239525508006,
  "lrt_p": 0.5705457179390706,
  "R_lo": 0.14157614717298977,
  "R_hi": 11.808982900650125,
  "R_covered": true,
  "n_boot_ok": 25,
  "ks_p": 0.5546416422869147
}