{
  "rep": 12,
  "scenario": "A",
  "status": "ok",
  "n": 255,
  "n_sh": 205,
  "n_ns": 50,
  "true_mu": 2.5,
  "true_beta": 4.0,
  "true_Ksh": 0.15,
  "true_Kns": 0.02,
  "true_ash": 1.2,
  "true_ans": 0.2,
  "true_R": 7.5,
  "mu_hat": 2.040752786963969,
  "beta_hat": 3.6588119797534864,
  "Ksh_hat": 0.22402131349876547,
  "Kns_hat": 3.772627457117415e-08,
  "ash_hat": 0.8878355741265235,
  "ans_hat": 0.00015268697389285072,
  "R_hat": 5938071.438146597,
  "ll2": 21.372631324402505,
  "aic2": -30.74526264880501,
  "ll1": 18.237561497807405,
  "aic1": -28.47512299561481,
  "LR": 6.270139653190199,
  "lrt_p": 0.04349671649564979,
  "R_lo": 0.18328457555137384,
  "R_hi": 4981.3281434532,
  "R_covered": true,
  "n_boot_ok": 36,
  "ks_p": 0.6306960150408594
}