{
  "rep": 15,
  "scenario": "A",
  "status": "ok",
  "n": 324,
  "n_sh": 281,
  "n_ns": 43,
  "true_mu": 2.5,
  "true_beta": 4.0,
  "true_Ksh": 0.15,
  "true_Kns": 0.02,
  "true_ash": 1.2,
  "true_ans": 0.2,
  "true_R": 7.5,
  "mu_hat": 2.233014058196228,
  "beta_hat": 2.7055588099891326,
  "Ksh_hat": 0.18339447442111298,
  "Kns_hat": 0.19953137976363952,
  "ash_hat": 1.3966126602641633,
  "ans_hat": 8.948990356005852e-06,
  "R_hat": 0.9191259772691295,
  "ll2": 113.79446164688682,
  "aic2": -215.58892329377363,
  "ll1": 111.4597920412408,
  "aic1": -214.9195840824816,
  "LR": 4.6693392112920264,
  "lrt_p": 0.0968424734478126,
  "R_lo": 0.2401030442640725,
  "R_hi": 49.209300877543,
  "R_covered": true,
  "n_boot_ok": 24,
  "ks_p": 0.9970561421598301
}