{
  "rep": 152,
  "scenario": "A",
  "status": "ok",
  "n": 287,
  "n_sh": 255,
  "n_ns": 32,
  "true_mu": 2.5,
  "true_beta": 4.0,
  "true_Ksh": 0.15,
  "true_Kns": 0.02,
  "true_ash": 1.2,
  "true_ans": 0.2,
  "true_R": 7.5,
  "mu_hat": 2.8524670159149816,
  "beta_hat": 3.759834359831039,
  "Ksh_hat": 0.04949216694788732,
  "Kns_hat": 0.06343673883408724,
  "ash_hat": 1.3544391935344233,
  "ans_hat": 2.186253418719987e-05,
  "R_hat": 0.7801814509621843,
  "ll2": 49.52723113833184,
  "aic2": -87.05446227666368,
  "ll1": 49.232294590427216,
  "aic1": -90.46458918085443,
  "LR": 0.5898730958092528,
  "lrt_p": 0.7445788310540424,
  "R_lo": 0.11505673078142631,
  "R_hi": 423.57021135644607,
  "R_covered": true,
  "n_boot_ok": 39,
  "ks_p": 0.5587558919916246
}