{
  "rep": 121,
  "scenario": "A",
  "status": "ok",
  "n": 324,
  "n_sh": 274,
  "n_ns": 50,
  "true_mu": 2.5,
  "true_beta": 4.0,
  "true_Ksh": 0.15,
  "true_Kns": 0.02,
  "true_ash": 1.2,
  "true_ans": 0.2,
  "true_R": 7.5,
  "mu_hat": 2.56859327659334,
  "beta_hat": 4.535773138846971,
  "Ksh_hat": 0.11048533642452195,
  "Kns_hat": 0.004906630098061863,
  "ash_hat": 1.6024495599095085,
  "ans_hat": 2.25,
  "R_hat": 22.517559754130247,
  "ll2": 118.60247149658574,
  "aic2": -225.20494299317147,
  "ll1": 115.94228979939732,
  "aic1": -223.88457959879463,
  "LR": 5.320363394376841,
  "lrt_p": 0.06993551350399008,
  "R_lo": 0.3606790076235299,
  "R_hi": 66.74791311539798,
  "R_covered": true,
  "n_boot_ok": 37,
  "ks_p": 0.7645629464820805
}