{
  "rep": 135,
  "scenario": "A",
  "status": "ok",
  "n": 256,
  "n_sh": 214,
  "n_ns": 42,
  "true_mu": 2.5,
  "true_beta": 4.0,
  "true_Ksh": 0.15,
  "true_Kns": 0.02,
  "true_ash": 1.2,
  "true_ans": 0.2,
  "true_R": 7.5,
  "mu_hat": 1.8998282101331823,
  "beta_hat": 4.3136727048728565,
  "Ksh_hat": 0.22030903080014963,
  "Kns_hat": 0.005041683936958075,
  "ash_hat": 1.0377697732580782,
  "ans_hat": 2.25,
  "R_hat": 43.69750931532494,
  "ll2": 33.56459792672797,
  "aic2": -55.12919585345594,
  "ll1": 31.22833944705576,
  "aic1": -54.45667889411152,
  "LR": 4.672516959344421,
  "lrt_p": 0.0966887251328159,
  "R_lo": 0.260444322525921,
  "R_hi": 8.257262362939752,
  "R_covered": true,
  "n_boot_ok": 31,
  "ks_p": 0.9530040017130723
}