{
  "rep": 9,
  "scenario": "A",
  "status": "ok",
  "n": 336,
  "n_sh": 284,
  "n_ns": 52,
  "true_mu": 2.5,
  "true_beta": 4.0,
  "true_Ksh": 0.15,
  "true_Kns": 0.02,
  "true_ash": 1.2,
  "true_ans": 0.2,
  "true_R": 7.5,
  "mu_hat": 2.4096418248909206,
  "beta_hat": 5.054284885568639,
  "Ksh_hat": 0.18267693049286055,
  "Kns_hat": 0.0035067591435901397,
  "ash_hat": 1.2805472874605093,
  "ans_hat": 2.25,
  "R_hat": 52.092807921173645,
  "ll2": 146.37984460170208,
  "aic2": -280.75968920340415,
  "ll1": 144.25816952223494,
  "aic1": -280.5163390444699,
  "LR": 4.243350158934277,
  "lrt_p": 0.11983073429898916,
  "R_lo": 0.14503476359337736,
  "R_hi": 207.80683376544707,
  "R_covered": true,
  "n_boot_ok": 32,
  "ks_p": 0.8537295607720323
}