{
  "rep": 103,
  "scenario": "A",
  "status": "ok",
  "n": 304,
  "n_sh": 264,
  "n_ns": 40,
  "true_mu": 2.5,
  "true_beta": 4.0,
  "true_Ksh": 0.15,
  "true_Kns": 0.02,
  "true_ash": 1.2,
  "true_ans": 0.2,
  "true_R": 7.5,
  "mu_hat": 2.8362514208538014,
  "beta_hat": 5.023556042210268,
  "Ksh_hat": 0.021075698478359845,
  "Kns_hat": 0.2564776680211787,
  "ash_hat": 2.25,
  "ans_hat": 3.476241791103441e-06,
  "R_hat": 0.08217362018676617,
  "ll2": 80.6409244706839,
  "aic2": -149.2818489413678,
  "ll1": 79.80179319979311,
  "aic1": -151.60358639958622,
  "LR": 1.678262541781578,
  "lrt_p": 0.4320857258785833,
  "R_lo": 0.16970448660003773,
  "R_hi": 3166.543352430054,
  "R_covered": true,
  "n_boot_ok": 34,
  "ks_p": 0.6213546387977753
}