{
  "rep": 18,
  "scenario": "A",
  "status": "ok",
  "n": 316,
  "n_sh": 263,
  "n_ns": 53,
  "true_mu": 2.5,
  "true_beta": 4.0,
  "true_Ksh": 0.15,
  "true_Kns": 0.02,
  "true_ash": 1.2,
  "true_ans": 0.2,
  "true_R": 7.5,
  "mu_hat": 2.517433840200835,
  "beta_hat": 6.101196343765744,
  "Ksh_hat": 0.19251861240215554,
  "Kns_hat": 0.022386188219461936,
  "ash_hat": 0.930720050195681,
  "ans_hat": 2.25,
  "R_hat": 8.59988357619477,
  "ll2": 104.41486226044407,
  "aic2": -196.82972452088813,
  "ll1": 103.67725842391462,
  "aic1": -199.35451684782925,
  "LR": 1.4752076730588897,
  "lrt_p": 0.4782585292498426,
  "R_lo": 0.17506492086038697,
  "R_hi": 242.74755428923766,
  "R_covered": true,
  "n_boot_ok": 34,
  "ks_p": 0.7168562891567343
}