{
  "rep": 182,
  "scenario": "A",
  "status": "ok",
  "n": 269,
  "n_sh": 234,
  "n_ns": 35,
  "true_mu": 2.5,
  "true_beta": 4.0,
  "true_Ksh": 0.15,
  "true_Kns": 0.02,
  "true_ash": 1.2,
  "true_ans": 0.2,
  "true_R": 7.5,
  "mu_hat": 2.4335241111179173,
  "beta_hat": 3.9684693815571994,
  "Ksh_hat": 0.10883790096831764,
  "Kns_hat": 2.1631669876513315e-08,
  "ash_hat": 1.2872565865645655,
  "ans_hat": 0.01827777747726866,
  "R_hat": 5031414.661449178,
  "ll2": 31.057392997737622,
  "aic2": -50.114785995475245,
  "ll1": 28.61957561617612,
  "aic1": -49.23915123235224,
  "LR": 4.875634763123003,
  "lrt_p": 0.08735129810406927,
  "R_lo": 0.17004443330554914,
  "R_hi": 418.2505337677627,
  "R_covered": true,
  "n_boot_ok": 34,
  "ks_p": 0.6530937066965258
}