{
  "rep": 30,
  "scenario": "A",
  "status": "ok",
  "n": 262,
  "n_sh": 226,
  "n_ns": 36,
  "true_mu": 2.5,
  "true_beta": 4.0,
  "true_Ksh": 0.15,
  "true_Kns": 0.02,
  "true_ash": 1.2,
  "true_ans": 0.2,
  "true_R": 7.5,
  "mu_hat": 2.3311732737915314,
  "beta_hat": 7.616874660854143,
  "Ksh_hat": 0.10608577506265898,
  "Kns_hat": 6.76411516212241e-08,
  "ash_hat": 1.3691055613648375,
  "ans_hat": 0.10376749147485828,
  "R_hat": 1568361.4563027625,
  "ll2": 33.54259188372487,
  "aic2": -55.085183767449735,
  "ll1": 31.78702217087067,
  "aic1": -55.57404434174134,
  "LR": 3.511139425708393,
  "lrt_p": 0.17280876286835944,
  "R_lo": 0.1742379254882727,
  "R_hi": 1385.1558664678096,
  "R_covered": true,
  "n_boot_ok": 33,
  "ks_p": 0.9323606983860672
}