{
  "rep": 164,
  "scenario": "A",
  "status": "ok",
  "n": 294,
  "n_sh": 240,
  "n_ns": 54,
  "true_mu": 2.5,
  "true_beta": 4.0,
  "true_Ksh": 0.15,
  "true_Kns": 0.02,
  "true_ash": 1.2,
  "true_ans": 0.2,
  "true_R": 7.5,
  "mu_hat": 2.4201464454588733,
  "beta_hat": 5.084680665908877,
  "Ksh_hat": 0.10979537975789712,
  "Kns_hat": 0.0031086139121485066,
  "ash_hat": 1.3268658868353431,
  "ans_hat": 2.25,
  "R_hat": 35.31972218512413,
  "ll2": 91.87137230033909,
  "aic2": -171.74274460067818,
  "ll1": 89.49351410652395,
  "aic1": -170.9870282130479,
  "LR": 4.755716387630287,
  "lrt_p": 0.09274901534149571,
  "R_lo": 0.14939870376852182,
  "R_hi": 272.5515709107327,
  "R_covered": true,
  "n_boot_ok": 39,
  "ks_p": 0.8832318022578428
}