{
  "rep": 17,
  "scenario": "A",
  "status": "ok",
  "n": 313,
  "n_sh": 263,
  "n_ns": 50,
  "true_mu": 2.5,
  "true_beta": 4.0,
  "true_Ksh": 0.15,
  "true_Kns": 0.02,
  "true_ash": 1.2,
  "true_ans": 0.2,
  "true_R": 7.5,
  "mu_hat": 2.609135045412504,
  "beta_hat": 1.9256757903304382,
  "Ksh_hat": 0.2023899295061996,
  "Kns_hat": 1.3434598739117917e-07,
  "ash_hat": 0.8262131666814629,
  "ans_hat": 0.05072731040894545,
  "R_hat": 1506482.8763131932,
  "ll2": 81.07058941360998,
  "aic2": -150.14117882721996,
  "ll1": 79.28993846408093,
  "aic1": -150.57987692816187,
  "LR": 3.561301899058094,
  "lrt_p": 0.16852840806726743,
  "R_lo": 0.2970306691396361,
  "R_hi": 1172.050682411203,
  "R_covered": true,
  "n_boot_ok": 31,
  "ks_p": 0.9219361099131513
}