{
  "rep": 10,
  "scenario": "A",
  "status": "ok",
  "n": 234,
  "n_sh": 201,
  "n_ns": 33,
  "true_mu": 2.5,
  "true_beta": 4.0,
  "true_Ksh": 0.15,
  "true_Kns": 0.02,
  "true_ash": 1.2,
  "true_ans": 0.2,
  "true_R": 7.5,
  "mu_hat": 1.724949565720868,
  "beta_hat": 4.161876094996965,
  "Ksh_hat": 0.31298924088598684,
  "Kns_hat": 1.780102553837778e-07,
  "ash_hat": 0.5123791080279002,
  "ans_hat": 0.007702228546730026,
  "R_hat": 1758265.2202324169,
  "ll2": 7.058427984758339,
  "aic2": -2.1168559695166778,
  "ll1": 4.663062421529588,
  "aic1": -1.3261248430591763,
  "LR": 4.790731126457501,
  "lrt_p": 0.09113935563497244,
  "R_lo": 0.2312165248245939,
  "R_hi": 1202.197311112759,
  "R_covered": true,
  "n_boot_ok": 32,
  "ks_p": 0.9297091472747377
}