{
  "rep": 183,
  "scenario": "A",
  "status": "ok",
  "n": 272,
  "n_sh": 228,
  "n_ns": 44,
  "true_mu": 2.5,
  "true_beta": 4.0,
  "true_Ksh": 0.15,
  "true_Kns": 0.02,
  "true_ash": 1.2,
  "true_ans": 0.2,
  "true_R": 7.5,
  "mu_hat": 2.1345110346688276,
  "beta_hat": 2.7067614450441684,
  "Ksh_hat": 0.14803141114736015,
  "Kns_hat": 3.463492292121553e-08,
  "ash_hat": 1.5554366445552754,
  "ans_hat": 0.09061124176726651,
  "R_hat": 4274050.54384238,
  "ll2": 48.19049551168223,
  "aic2": -84.38099102336446,
  "ll1": 43.955500040382844,
  "aic1": -79.91100008076569,
  "LR": 8.46999094259877,
  "lrt_p": 0.014479875772633544,
  "R_lo": 0.23605654722868752,
  "R_hi": 66.31035951795332,
  "R_covered": true,
  "n_boot_ok": 26,
  "ks_p": 0.8057981774715501
}