{
  "rep": 13,
  "scenario": "A",
  "status": "ok",
  "n": 344,
  "n_sh": 298,
  "n_ns": 46,
  "true_mu": 2.5,
  "true_beta": 4.0,
  "true_Ksh": 0.15,
  "true_Kns": 0.02,
  "true_ash": 1.2,
  "true_ans": 0.2,
  "true_R": 7.5,
  "mu_hat": 2.5411723201131156,
  "beta_hat": 3.6403878018485964,
  "Ksh_hat": 0.14492877658773703,
  "Kns_hat": 1.0986258158104626e-07,
  "ash_hat": 1.2813112377399531,
  "ans_hat": 0.06546105292670834,
  "R_hat": 1319182.3321648622,
  "ll2": 154.94852029644107,
  "aic2": -297.89704059288215,
  "ll1": 150.35481125850998,
  "aic1": -292.70962251701997,
  "LR": 9.187418075862183,
  "lrt_p": 0.010115270786537511,
  "R_lo": 0.2534029079463588,
  "R_hi": 25.31171535664219,
  "R_covered": true,
  "n_boot_ok": 32,
  "ks_p": 0.13939183086856632
}