{
  "rep": 43,
  "scenario": "A",
  "status": "ok",
  "n": 317,
  "n_sh": 280,
  "n_ns": 37,
  "true_mu": 2.5,
  "true_beta": 4.0,
  "true_Ksh": 0.15,
  "true_Kns": 0.02,
  "true_ash": 1.2,
  "true_ans": 0.2,
  "true_R": 7.5,
  "mu_hat": 3.060154907497207,
  "beta_hat": 10.000000000000002,
  "Ksh_hat": 0.04144903857851557,
  "Kns_hat": 3.6314611198010875e-07,
  "ash_hat": 1.9194727820196795,
  "ans_hat": 0.004634491549388922,
  "R_hat": 114138.73702931433,
  "ll2": 92.43056493716364,
  "aic2": -172.86112987432728,
  "ll1": 89.88466059232087,
  "aic1": -171.76932118464174,
  "LR": 5.091808689685536,
  "lrt_p": 0.07840211736037916,
  "R_lo": 0.13898318857637884,
  "R_hi": 323.5926928875558,
  "R_covered": true,
  "n_boot_ok": 33,
  "ks_p": 0.9822016766285273
}