{
  "rep": 127,
  "scenario": "A",
  "status": "ok",
  "n": 347,
  "n_sh": 303,
  "n_ns": 44,
  "true_mu": 2.5,
  "true_beta": 4.0,
  "true_Ksh": 0.15,
  "true_Kns": 0.02,
  "true_ash": 1.2,
  "true_ans": 0.2,
  "true_R": 7.5,
  "mu_hat": 2.6017393172789847,
  "beta_hat": 3.990059530620534,
  "Ksh_hat": 0.11537411328135887,
  "Kns_hat": 0.07504849454983238,
  "ash_hat": 1.3666219651469185,
  "ans_hat": 1.769678173388211,
  "R_hat": 1.537327483694562,
  "ll2": 182.70661755106227,
  "aic2": -353.41323510212453,
  "ll1": 182.65067639915452,
  "aic1": -357.30135279830904,
  "LR": 0.11188230381549147,
  "lrt_p": 0.9455947807019747,
  "R_lo": 0.2943994984079225,
  "R_hi": 99.56174878193904,
  "R_covered": true,
  "n_boot_ok": 34,
  "ks_p": 0.9366151005483547
}