{
  "rep": 166,
  "scenario": "A",
  "status": "ok",
  "n": 278,
  "n_sh": 232,
  "n_ns": 46,
  "true_mu": 2.5,
  "true_beta": 4.0,
  "true_Ksh": 0.15,
  "true_Kns": 0.02,
  "true_ash": 1.2,
  "true_ans": 0.2,
  "true_R": 7.5,
  "mu_hat": 2.172334263406686,
  "beta_hat": 3.057935412489211,
  "Ksh_hat": 0.17221504015908878,
  "Kns_hat": 4.5507469675583757e-07,
  "ash_hat": 1.1628870792414736,
  "ans_hat": 0.17233509584566797,
  "R_hat": 378432.46699230955,
  "ll2": 51.03177305068539,
  "aic2": -90.06354610137078,
  "ll1": 47.528439637423844,
  "aic1": -87.05687927484769,
  "LR": 7.006666826523087,
  "lrt_p": 0.03009689064897958,
  "R_lo": 0.28336834455170407,
  "R_hi": 60.04836534128306,
  "R_covered": true,
  "n_boot_ok": 30,
  "ks_p": 0.4591788999962143
}