{
  "rep": 27,
  "scenario": "A",
  "status": "ok",
  "n": 321,
  "n_sh": 274,
  "n_ns": 47,
  "true_mu": 2.5,
  "true_beta": 4.0,
  "true_Ksh": 0.15,
  "true_Kns": 0.02,
  "true_ash": 1.2,
  "true_ans": 0.2,
  "true_R": 7.5,
  "mu_hat": 2.933677176850169,
  "beta_hat": 4.802328469098442,
  "Ksh_hat": 0.053466215326215726,
  "Kns_hat": 0.030070255154719654,
  "ash_hat": 1.70647672555732,
  "ans_hat": 0.13065793764688724,
  "R_hat": 1.7780432873321987,
  "ll2": 106.3348392200237,
  "aic2": -200.6696784400474,
  "ll1": 106.01113619953276,
  "aic1": -204.0222723990655,
  "LR": 0.6474060409818776,
  "lrt_p": 0.7234650647790992,
  "R_lo": 0.1276248131078169,
  "R_hi": 28.927390323451696,
  "R_covered": true,
  "n_boot_ok": 30,
  "ks_p": 0.8439960172620917
}