{
  "rep": 158,
  "scenario": "A",
  "status": "ok",
  "n": 283,
  "n_sh": 238,
  "n_ns": 45,
  "true_mu": 2.5,
  "true_beta": 4.0,
  "true_Ksh": 0.15,
  "true_Kns": 0.02,
  "true_ash": 1.2,
  "true_ans": 0.2,
  "true_R": 7.5,
  "mu_hat": 2.3809867449619855,
  "beta_hat": 4.2415487545158514,
  "Ksh_hat": 0.2905874483999797,
  "Kns_hat": 1.0096308365899474e-07,
  "ash_hat": 2.0440668592857308e-05,
  "ans_hat": 0.028486203689244195,
  "R_hat": 2878155.4392835884,
  "ll2": 49.67038433887927,
  "aic2": -87.34076867775855,
  "ll1": 47.44807092541271,
  "aic1": -86.89614185082542,
  "LR": 4.444626826933131,
  "lrt_p": 0.10835814145758327,
  "R_lo": 0.2955054556381873,
  "R_hi": 6268.418597876996,
  "R_covered": true,
  "n_boot_ok": 33,
  "ks_p": 0.6410167267916788
}