{
  "rep": 5,
  "scenario": "A",
  "status": "ok",
  "n": 278,
  "n_sh": 239,
  "n_ns": 39,
  "true_mu": 2.5,
  "true_beta": 4.0,
  "true_Ksh": 0.15,
  "true_Kns": 0.02,
  "true_ash": 1.2,
  "true_ans": 0.2,
  "true_R": 7.5,
  "mu_hat": 2.2074578531953297,
  "beta_hat": 5.142095673539436,
  "Ksh_hat": 0.10103171843514544,
  "Kns_hat": 0.3916827188619553,
  "ash_hat": 1.2486414672357165,
  "ans_hat": 1.4665374697004447e-06,
  "R_hat": 0.25794275205374345,
  "ll2": 66.08315094236832,
  "aic2": -120.16630188473664,
  "ll1": 62.04793756570393,
  "aic1": -116.09587513140787,
  "LR": 8.070426753328775,
  "lrt_p": 0.017681906804331793,
  "R_lo": 0.2542554482855132,
  "R_hi": 1385.7101559907483,
  "R_covered": true,
  "n_boot_ok": 30,
  "ks_p": 0.9407979476630927
}