{
  "rep": 20,
  "scenario": "A",
  "status": "ok",
  "n": 307,
  "n_sh": 259,
  "n_ns": 48,
  "true_mu": 2.5,
  "true_beta": 4.0,
  "true_Ksh": 0.15,
  "true_Kns": 0.02,
  "true_ash": 1.2,
  "true_ans": 0.2,
  "true_R": 7.5,
  "mu_hat": 2.401023946334477,
  "beta_hat": 2.7494197848323108,
  "Ksh_hat": 0.14860916682375097,
  "Kns_hat": 0.02163506786781896,
  "ash_hat": 1.2394063863152558,
  "ans_hat": 2.25,
  "R_hat": 6.86890227161244,
  "ll2": 84.21732339452439,
  "aic2": -156.43464678904877,
  "ll1": 83.72448813373614,
  "aic1": -159.4489762674723,
  "LR": 0.9856705215764805,
  "lrt_p": 0.6108918986266897,
  "R_lo": 0.3316032876194289,
  "R_hi": 149.83750709625366,
  "R_covered": true,
  "n_boot_ok": 27,
  "ks_p": 0.9839074366814311
}