{
  "rep": 88,
  "scenario": "A",
  "status": "ok",
  "n": 327,
  "n_sh": 269,
  "n_ns": 58,
  "true_mu": 2.5,
  "true_beta": 4.0,
  "true_Ksh": 0.15,
  "true_Kns": 0.02,
  "true_ash": 1.2,
  "true_ans": 0.2,
  "true_R": 7.5,
  "mu_hat": 2.2919240095217783,
  "beta_hat": 4.090958854645673,
  "Ksh_hat": 0.21397838864485474,
  "Kns_hat": 0.007296678743762632,
  "ash_hat": 1.0157707548263404,
  "ans_hat": 2.25,
  "R_hat": 29.32545013411319,
  "ll2": 137.99357108506564,
  "aic2": -263.9871421701313,
  "ll1": 136.20336004559107,
  "aic1": -264.40672009118214,
  "LR": 3.580422078949141,
  "lrt_p": 0.166924938198306,
  "R_lo": 0.33043374553328203,
  "R_hi": 441.9929271646779,
  "R_covered": true,
  "n_boot_ok": 25,
  "ks_p": 0.8028050787240569
}