{
  "rep": 99,
  "scenario": "A",
  "status": "ok",
  "n": 284,
  "n_sh": 232,
  "n_ns": 52,
  "true_mu": 2.5,
  "true_beta": 4.0,
  "true_Ksh": 0.15,
  "true_Kns": 0.02,
  "true_ash": 1.2,
  "true_ans": 0.2,
  "true_R": 7.5,
  "mu_hat": 2.41773341359307,
  "beta_hat": 6.27445742843422,
  "Ksh_hat": 0.114375271536677,
  "Kns_hat": 0.13280938068193415,
  "ash_hat": 1.3066742127151825,
  "ans_hat": 3.703768959684097e-05,
  "R_hat": 0.8611987417560127,
  "ll2": 61.73575291473378,
  "aic2": -111.47150582946756,
  "ll1": 61.163377026397654,
  "aic1": -114.32675405279531,
  "LR": 1.1447517766722513,
  "lrt_p": 0.5641834082944377,
  "R_lo": 0.18575261712910499,
  "R_hi": 1439.5552050047472,
  "R_covered": true,
  "n_boot_ok": 30,
  "ks_p": 0.9228369733941086
}