{
  "rep": 190,
  "scenario": "A",
  "status": "ok",
  "n": 320,
  "n_sh": 270,
  "n_ns": 50,
  "true_mu": 2.5,
  "true_beta": 4.0,
  "true_Ksh": 0.15,
  "true_Kns": 0.02,
  "true_ash": 1.2,
  "true_ans": 0.2,
  "true_R": 7.5,
  "mu_hat": 2.6161545978870038,
  "beta_hat": 5.308185630447733,
  "Ksh_hat": 0.1847422234834817,
  "Kns_hat": 2.802152602209477e-07,
  "ash_hat": 1.0144830833667209,
  "ans_hat": 0.031266969321517936,
  "R_hat": 659286.804500989,
  "ll2": 100.6802158053273,
  "aic2": -189.3604316106546,
  "ll1": 97.72848562953288,
  "aic1": -187.45697125906577,
  "LR": 5.903460351588819,
  "lrt_p": 0.05224922735062454,
  "R_lo": 0.23341234640037087,
  "R_hi": 2582.2328335226266,
  "R_covered": true,
  "n_boot_ok": 28,
  "ks_p": 0.7709490563416457
}