{
  "rep": 134,
  "scenario": "A",
  "status": "ok",
  "n": 289,
  "n_sh": 251,
  "n_ns": 38,
  "true_mu": 2.5,
  "true_beta": 4.0,
  "true_Ksh": 0.15,
  "true_Kns": 0.02,
  "true_ash": 1.2,
  "true_ans": 0.2,
  "true_R": 7.5,
  "mu_hat": 1.9966585436919362,
  "beta_hat": 3.488056247079298,
  "Ksh_hat": 0.16627026179964077,
  "Kns_hat": 1.0000001728250138e-08,
  "ash_hat": 1.3489956178124056,
  "ans_hat": 0.0017525269868216599,
  "R_hat": 16627023.306398544,
  "ll2": 90.54242577628463,
  "aic2": -169.08485155256926,
  "ll1": 88.67145083676076,
  "aic1": -169.3429016735215,
  "LR": 3.741949879047752,
  "lrt_p": 0.15397347378968063,
  "R_lo": 0.16657416923918772,
  "R_hi": 3484.7956986408285,
  "R_covered": true,
  "n_boot_ok": 33,
  "ks_p": 0.923650452663679
}