{
  "rep": 2,
  "scenario": "A",
  "status": "ok",
  "n": 371,
  "n_sh": 315,
  "n_ns": 56,
  "true_mu": 2.5,
  "true_beta": 4.0,
  "true_Ksh": 0.15,
  "true_Kns": 0.02,
  "true_ash": 1.2,
  "true_ans": 0.2,
  "true_R": 7.5,
  "mu_hat": 2.848921676279973,
  "beta_hat": 1.3057171603398545,
  "Ksh_hat": 0.1382752507710432,
  "Kns_hat": 0.26075434669128983,
  "ash_hat": 1.1958184820941309,
  "ans_hat": 8.712913787730603e-05,
  "R_hat": 0.5302893413882335,
  "ll2": 165.50713395224727,
  "aic2": -319.01426790449455,
  "ll1": 165.0847766216151,
  "aic1": -322.1695532432302,
  "LR": 0.8447146612643337,
  "lrt_p": 0.6554997673933857,
  "R_lo": 0.12437996750990662,
  "R_hi": 3019.0049207159745,
  "R_covered": true,
  "n_boot_ok": 30,
  "ks_p": 0.48359504460171676
}