{
  "rep": 197,
  "scenario": "A",
  "status": "ok",
  "n": 310,
  "n_sh": 257,
  "n_ns": 53,
  "true_mu": 2.5,
  "true_beta": 4.0,
  "true_Ksh": 0.15,
  "true_Kns": 0.02,
  "true_ash": 1.2,
  "true_ans": 0.2,
  "true_R": 7.5,
  "mu_hat": 2.5961597093653834,
  "beta_hat": 3.9610138967757713,
  "Ksh_hat": 0.10259883076966439,
  "Kns_hat": 0.08785533792204989,
  "ash_hat": 1.528210334706186,
  "ans_hat": 1.5063598395010431,
  "R_hat": 1.1678155613116614,
  "ll2": 90.19185910343197,
  "aic2": -168.38371820686393,
  "ll1": 90.14918897543771,
  "aic1": -172.29837795087542,
  "LR": 0.08534025598851258,
  "lrt_p": 0.9582274303421507,
  "R_lo": 0.21114274076434603,
  "R_hi": 65.23965441500724,
  "R_covered": true,
  "n_boot_ok": 37,
  "ks_p": 0.3914342896887131
}