{
  "rep": 73,
  "scenario": "A",
  "status": "ok",
  "n": 322,
  "n_sh": 264,
  "n_ns": 58,
  "true_mu": 2.5,
  "true_beta": 4.0,
  "true_Ksh": 0.15,
  "true_Kns": 0.02,
  "true_ash": 1.2,
  "true_ans": 0.2,
  "true_R": 7.5,
  "mu_hat": 2.971609841628341,
  "beta_hat": 6.646614324795944,
  "Ksh_hat": 0.04353115032009836,
  "Kns_hat": 0.11719895147532863,
  "ash_hat": 1.9712656530308785,
  "ans_hat": 0.6351372248633418,
  "R_hat": 0.37142952024841314,
  "ll2": 105.52860110085868,
  "aic2": -199.05720220171736,
  "ll1": 104.45227063964711,
  "aic1": -200.90454127929422,
  "LR": 2.152660922423138,
  "lrt_p": 0.3408439738122423,
  "R_lo": 0.27394518963571196,
  "R_hi": 1348.7982864911055,
  "R_covered": true,
  "n_boot_ok": 32,
  "ks_p": 0.6246998511313776
}