{
  "rep": 128,
  "scenario": "A",
  "status": "ok",
  "n": 298,
  "n_sh": 242,
  "n_ns": 56,
  "true_mu": 2.5,
  "true_beta": 4.0,
  "true_Ksh": 0.15,
  "true_Kns": 0.02,
  "true_ash": 1.2,
  "true_ans": 0.2,
  "true_R": 7.5,
  "mu_hat": 2.3917902990412547,
  "beta_hat": 4.386153675621792,
  "Ksh_hat": 0.24661521606305914,
  "Kns_hat": 0.08079383586493219,
  "ash_hat": 0.5540416064015036,
  "ans_hat": 3.0261214113202727e-05,
  "R_hat": 3.0524013796713443,
  "ll2": 69.23416554560197,
  "aic2": -126.46833109120394,
  "ll1": 67.98356661761198,
  "aic1": -127.96713323522397,
  "LR": 2.5011978559799672,
  "lrt_p": 0.286333252494575,
  "R_lo": 0.18014594614861654,
  "R_hi": 44.82935719876499,
  "R_covered": true,
  "n_boot_ok": 33,
  "ks_p": 0.8801708880948229
}