{
  "rep": 55,
  "scenario": "A",
  "status": "ok",
  "n": 333,
  "n_sh": 289,
  "n_ns": 44,
  "true_mu": 2.5,
  "true_beta": 4.0,
  "true_Ksh": 0.15,
  "true_Kns": 0.02,
  "true_ash": 1.2,
  "true_ans": 0.2,
  "true_R": 7.5,
  "mu_hat": 2.1098454430547386,
  "beta_hat": 2.353942035374813,
  "Ksh_hat": 0.2717253846829328,
  "Kns_hat": 0.16754253595355914,
  "ash_hat": 0.9340742308756536,
  "ans_hat": 0.18880198889918404,
  "R_hat": 1.6218292455490344,
  "ll2": 124.11833997264381,
  "aic2": -236.23667994528762,
  "ll1": 123.31711530734037,
  "aic1": -238.63423061468075,
  "LR": 1.6024493306068734,
  "lrt_p": 0.4487790233404658,
  "R_lo": 0.3964759632338944,
  "R_hi": 46.83454653055993,
  "R_covered": true,
  "n_boot_ok": 30,
  "ks_p": 0.2962436534814792
}