{
  "rep": 118,
  "scenario": "A",
  "status": "ok",
  "n": 262,
  "n_sh": 222,
  "n_ns": 40,
  "true_mu": 2.5,
  "true_beta": 4.0,
  "true_Ksh": 0.15,
  "true_Kns": 0.02,
  "true_ash": 1.2,
  "true_ans": 0.2,
  "true_R": 7.5,
  "mu_hat": 2.0480361588595914,
  "beta_hat": 5.286854140598031,
  "Ksh_hat": 0.1653247999390318,
  "Kns_hat": 0.2098140627622032,
  "ash_hat": 1.2343020168772176,
  "ans_hat": 0.1283619861666218,
  "R_hat": 0.7879586228040674,
  "ll2": 34.32322006117255,
  "aic2": -56.6464401223451,
  "ll1": 33.74735554639847,
  "aic1": -59.49471109279693,
  "LR": 1.1517290295481644,
  "lrt_p": 0.5622186123526536,
  "R_lo": 0.03905798920883694,
  "R_hi": 48.60840148751393,
  "R_covered": true,
  "n_boot_ok": 33,
  "ks_p": 0.5014978296181485
}