{
  "rep": 112,
  "scenario": "A",
  "status": "ok",
  "n": 304,
  "n_sh": 262,
  "n_ns": 42,
  "true_mu": 2.5,
  "true_beta": 4.0,
  "true_Ksh": 0.15,
  "true_Kns": 0.02,
  "true_ash": 1.2,
  "true_ans": 0.2,
  "true_R": 7.5,
  "mu_hat": 3.09786597647001,
  "beta_hat": 2.896339261829388,
  "Ksh_hat": 0.027529746291663493,
  "Kns_hat": 0.014864797335634469,
  "ash_hat": 1.354156469266922,
  "ans_hat": 2.25,
  "R_hat": 1.8520095276151607,
  "ll2": 71.40905534793171,
  "aic2": -130.81811069586342,
  "ll1": 71.27783212811909,
  "aic1": -134.55566425623817,
  "LR": 0.2624464396252506,
  "lrt_p": 0.8770219838567885,
  "R_lo": 0.06907574732694263,
  "R_hi": 111.12457372065137,
  "R_covered": true,
  "n_boot_ok": 34,
  "ks_p": 0.944427949843869
}