{
  "rep": 74,
  "scenario": "A",
  "status": "ok",
  "n": 327,
  "n_sh": 270,
  "n_ns": 57,
  "true_mu": 2.5,
  "true_beta": 4.0,
  "true_Ksh": 0.15,
  "true_Kns": 0.02,
  "true_ash": 1.2,
  "true_ans": 0.2,
  "true_R": 7.5,
  "mu_hat": 2.855343438707451,
  "beta_hat": 2.3346937140182273,
  "Ksh_hat": 0.10358395560385944,
  "Kns_hat": 0.005319470521947272,
  "ash_hat": 1.3618733696354521,
  "ans_hat": 0.029565475740519872,
  "R_hat": 19.472606376234037,
  "ll2": 104.88013733399299,
  "aic2": -197.76027466798598,
  "ll1": 102.35709911606472,
  "aic1": -196.71419823212943,
  "LR": 5.046076435856548,
  "lrt_p": 0.08021552390599573,
  "R_lo": 0.19784696264845328,
  "R_hi": 889.4813248715772,
  "R_covered": true,
  "n_boot_ok": 33,
  "ks_p": 0.2612407130360842
}