{
  "rep": 22,
  "scenario": "A",
  "status": "ok",
  "n": 350,
  "n_sh": 298,
  "n_ns": 52,
  "true_mu": 2.5,
  "true_beta": 4.0,
  "true_Ksh": 0.15,
  "true_Kns": 0.02,
  "true_ash": 1.2,
  "true_ans": 0.2,
  "true_R": 7.5,
  "mu_hat": 2.691898347495436,
  "beta_hat": 4.324044675410551,
  "Ksh_hat": 0.17965061913012514,
  "Kns_hat": 0.07762490308467887,
  "ash_hat": 1.0527007729583169,
  "ans_hat": 0.952840132982383,
  "R_hat": 2.3143425884106965,
  "ll2": 145.81436800888173,
  "aic2": -279.62873601776346,
  "ll1": 145.26544854088593,
  "aic1": -282.53089708177185,
  "LR": 1.0978389359916036,
  "lrt_p": 0.5775735600454687,
  "R_lo": 0.13482094822767413,
  "R_hi": 920.9831612263964,
  "R_covered": true,
  "n_boot_ok": 28,
  "ks_p": 0.9194740952057494
}