{
  "rep": 26,
  "scenario": "A",
  "status": "ok",
  "n": 341,
  "n_sh": 292,
  "n_ns": 49,
  "true_mu": 2.5,
  "true_beta": 4.0,
  "true_Ksh": 0.15,
  "true_Kns": 0.02,
  "true_ash": 1.2,
  "true_ans": 0.2,
  "true_R": 7.5,
  "mu_hat": 2.6415148745512083,
  "beta_hat": 3.226578667446435,
  "Ksh_hat": 0.24488339101708798,
  "Kns_hat": 2.668499033690897e-07,
  "ash_hat": 0.6863260105964696,
  "ans_hat": 0.04634485109232264,
  "R_hat": 917682.1423779231,
  "ll2": 125.24750589977458,
  "aic2": -238.49501179954916,
  "ll1": 122.95674037998293,
  "aic1": -237.91348075996586,
  "LR": 4.581531039583297,
  "lrt_p": 0.10118897003764782,
  "R_lo": 0.10311318224976763,
  "R_hi": 29.628875904181864,
  "R_covered": true,
  "n_boot_ok": 31,
  "ks_p": 0.825273404180743
}