{
  "rep": 66,
  "scenario": "B",
  "status": "ok",
  "n": 111,
  "n_sh": 82,
  "n_ns": 29,
  "true_mu": 1.0,
  "true_beta": 4.0,
  "true_Ksh": 0.15,
  "true_Kns": 0.06,
  "true_ash": 1.0,
  "true_ans": 0.5,
  "true_R": 2.5,
  "mu_hat": 1.0562108521309383,
  "beta_hat": 2.772753187645418,
  "Ksh_hat": 0.08200680900160492,
  "Kns_hat": 0.011614069626218932,
  "ash_hat": 1.1664080072072374,
  "ans_hat": 9.155913339583507e-06,
  "R_hat": 7.060988235895655,
  "ll2": -84.63009531135839,
  "aic2": 181.26019062271678,
  "ll1": -85.39252862158784,
  "aic1": 178.7850572431757,
  "LR": 1.5248666204589085,
  "lrt_p": 0.4665298329129294,
  "R_lo": 4.615600377087787e-07,
  "R_hi": 79.61786135875437,
  "R_covered": true,
  "n_boot_ok": 40,
  "ks_p": 0.7476799175117625
}