{
  "rep": 183,
  "scenario": "B",
  "status": "ok",
  "n": 105,
  "n_sh": 80,
  "n_ns": 25,
  "true_mu": 1.0,
  "true_beta": 4.0,
  "true_Ksh": 0.15,
  "true_Kns": 0.06,
  "true_ash": 1.0,
  "true_ans": 0.5,
  "true_R": 2.5,
  "mu_hat": 1.030148568871468,
  "beta_hat": 10.000000000000002,
  "Ksh_hat": 0.12579207324193792,
  "Kns_hat": 0.08901407997330912,
  "ash_hat": 1.0000000000000004e-06,
  "ans_hat": 6.1299586920049274e-06,
  "R_hat": 1.4131705150427514,
  "ll2": -85.33379510938126,
  "aic2": 182.6675902187625,
  "ll1": -85.35778719712943,
  "aic1": 178.71557439425885,
  "LR": 0.04798417549633882,
  "lrt_p": 0.9762934344068632,
  "R_lo": 0.18968141332788382,
  "R_hi": 41.87837334401382,
  "R_covered": true,
  "n_boot_ok": 37,
  "ks_p": 0.9853968158318853
}