{
  "rep": 190,
  "scenario": "B",
  "status": "ok",
  "n": 134,
  "n_sh": 100,
  "n_ns": 34,
  "true_mu": 1.0,
  "true_beta": 4.0,
  "true_Ksh": 0.15,
  "true_Kns": 0.06,
  "true_ash": 1.0,
  "true_ans": 0.5,
  "true_R": 2.5,
  "mu_hat": 1.118183316702794,
  "beta_hat": 3.5247379399223058,
  "Ksh_hat": 0.14362068635451491,
  "Kns_hat": 0.10384930747718489,
  "ash_hat": 1.0850527511440526,
  "ans_hat": 0.8217771302250511,
  "R_hat": 1.3829720182396745,
  "ll2": -72.11162524554052,
  "aic2": 156.22325049108105,
  "ll1": -72.27917830344373,
  "aic1": 152.55835660688746,
  "LR": 0.33510611580641125,
  "lrt_p": 0.8457317433454197,
  "R_lo": 0.12887175829922654,
  "R_hi": 13.968684694108891,
  "R_covered": true,
  "n_boot_ok": 31,
  "ks_p": 0.9979087423353193
}