{
  "rep": 27,
  "scenario": "B",
  "status": "ok",
  "n": 127,
  "n_sh": 91,
  "n_ns": 36,
  "true_mu": 1.0,
  "true_beta": 4.0,
  "true_Ksh": 0.15,
  "true_Kns": 0.06,
  "true_ash": 1.0,
  "true_ans": 0.5,
  "true_R": 2.5,
  "mu_hat": 0.9568525152382538,
  "beta_hat": 4.251168808912559,
  "Ksh_hat": 0.15319188206927464,
  "Kns_hat": 0.02237755854977357,
  "ash_hat": 1.866195417299115,
  "ans_hat": 2.25,
  "R_hat": 6.845781756241891,
  "ll2": -55.947216115990415,
  "aic2": 123.89443223198083,
  "ll1": -57.77328152546812,
  "aic1": 123.54656305093624,
  "LR": 3.6521308189554134,
  "lrt_p": 0.16104597279012223,
  "R_lo": 0.32495217793157904,
  "R_hi": 277.72611899661206,
  "R_covered": true,
  "n_boot_ok": 39,
  "ks_p": 0.4846143645219796
}