{
  "rep": 112,
  "scenario": "B",
  "status": "ok",
  "n": 134,
  "n_sh": 111,
  "n_ns": 23,
  "true_mu": 1.0,
  "true_beta": 4.0,
  "true_Ksh": 0.15,
  "true_Kns": 0.06,
  "true_ash": 1.0,
  "true_ans": 0.5,
  "true_R": 2.5,
  "mu_hat": 1.0834945433653207,
  "beta_hat": 3.296498215349783,
  "Ksh_hat": 0.2134214135447947,
  "Kns_hat": 0.027196991230838328,
  "ash_hat": 0.7418098743628665,
  "ans_hat": 1.8650654000847413,
  "R_hat": 7.847243532688971,
  "ll2": -73.19460104246664,
  "aic2": 158.3892020849333,
  "ll1": -73.65938408652977,
  "aic1": 155.31876817305954,
  "LR": 0.9295660881262506,
  "lrt_p": 0.6282713976140619,
  "R_lo": 0.03988550993360962,
  "R_hi": 248.39071108209902,
  "R_covered": true,
  "n_boot_ok": 36,
  "ks_p": 0.6295367460691261
}