{
  "rep": 57,
  "scenario": "B",
  "status": "ok",
  "n": 119,
  "n_sh": 98,
  "n_ns": 21,
  "true_mu": 1.0,
  "true_beta": 4.0,
  "true_Ksh": 0.15,
  "true_Kns": 0.06,
  "true_ash": 1.0,
  "true_ans": 0.5,
  "true_R": 2.5,
  "mu_hat": 1.098266463084294,
  "beta_hat": 5.044729915225278,
  "Ksh_hat": 0.06580900725244836,
  "Kns_hat": 0.03997655385278816,
  "ash_hat": 1.2856886415298732,
  "ans_hat": 2.25,
  "R_hat": 1.646190101697786,
  "ll2": -77.74835871255516,
  "aic2": 167.49671742511032,
  "ll1": -77.90455779539562,
  "aic1": 163.80911559079124,
  "LR": 0.3123981656809178,
  "lrt_p": 0.8553888801707004,
  "R_lo": 0.0957500870289309,
  "R_hi": 27.761048248508583,
  "R_covered": true,
  "n_boot_ok": 37,
  "ks_p": 0.9615170640781088
}