{
  "rep": 163,
  "scenario": "B",
  "status": "ok",
  "n": 95,
  "n_sh": 78,
  "n_ns": 17,
  "true_mu": 1.0,
  "true_beta": 4.0,
  "true_Ksh": 0.15,
  "true_Kns": 0.06,
  "true_ash": 1.0,
  "true_ans": 0.5,
  "true_R": 2.5,
  "mu_hat": 0.8961388923499415,
  "beta_hat": 10.000000000000002,
  "Ksh_hat": 0.1146685753383597,
  "Kns_hat": 9.999999999999982e-09,
  "ash_hat": 0.9077454434127973,
  "ans_hat": 0.08573966776159145,
  "R_hat": 11466857.53383599,
  "ll2": -83.8264629871025,
  "aic2": 179.652925974205,
  "ll1": -85.48725694460428,
  "aic1": 178.97451388920857,
  "LR": 3.321587915003562,
  "lrt_p": 0.18998807774484394,
  "R_lo": 0.2557206042291973,
  "R_hi": 75.48319967189865,
  "R_covered": true,
  "n_boot_ok": 35,
  "ks_p": 0.7841384722568232
}