{
  "rep": 137,
  "scenario": "B",
  "status": "ok",
  "n": 132,
  "n_sh": 103,
  "n_ns": 29,
  "true_mu": 1.0,
  "true_beta": 4.0,
  "true_Ksh": 0.15,
  "true_Kns": 0.06,
  "true_ash": 1.0,
  "true_ans": 0.5,
  "true_R": 2.5,
  "mu_hat": 0.9297913023381406,
  "beta_hat": 3.9765686144415837,
  "Ksh_hat": 0.22765800901352395,
  "Kns_hat": 0.1589203221586967,
  "ash_hat": 1.0326624686644723,
  "ans_hat": 0.44523639512758206,
  "R_hat": 1.4325292443479085,
  "ll2": -61.43942070498316,
  "aic2": 134.87884140996633,
  "ll1": -62.390984441733494,
  "aic1": 132.781968883467,
  "LR": 1.9031274735006605,
  "lrt_p": 0.3861367349005125,
  "R_lo": 0.26234911549236917,
  "R_hi": 19.555820916883217,
  "R_covered": true,
  "n_boot_ok": 40,
  "ks_p": 0.9887456105046287
}