{
  "rep": 1,
  "scenario": "B",
  "status": "ok",
  "n": 107,
  "n_sh": 82,
  "n_ns": 25,
  "true_mu": 1.0,
  "true_beta": 4.0,
  "true_Ksh": 0.15,
  "true_Kns": 0.06,
  "true_ash": 1.0,
  "true_ans": 0.5,
  "true_R": 2.5,
  "mu_hat": 1.0579640129350665,
  "beta_hat": 5.599503577383474,
  "Ksh_hat": 0.11881002668837974,
  "Kns_hat": 4.7009791289315525e-06,
  "ash_hat": 0.4912965980191125,
  "ans_hat": 0.003348405148414582,
  "R_hat": 25273.463980552304,
  "ll2": -86.38492400159542,
  "aic2": 184.76984800319084,
  "ll1": -86.75221848352139,
  "aic1": 181.50443696704278,
  "LR": 0.7345889638519338,
  "lrt_p": 0.6926056551629314,
  "R_lo": 0.1861576101674574,
  "R_hi": 48.724354370067864,
  "R_covered": true,
  "n_boot_ok": 32,
  "ks_p": 0.7809798623082427
}