{
  "rep": 2,
  "scenario": "B",
  "status": "ok",
  "n": 137,
  "n_sh": 107,
  "n_ns": 30,
  "true_mu": 1.0,
  "true_beta": 4.0,
  "true_Ksh": 0.15,
  "true_Kns": 0.06,
  "true_ash": 1.0,
  "true_ans": 0.5,
  "true_R": 2.5,
  "mu_hat": 0.9309132192794876,
  "beta_hat": 1.124310736237813,
  "Ksh_hat": 0.201636672787701,
  "Kns_hat": 0.19714846339728526,
  "ash_hat": 1.2611242671106706,
  "ans_hat": 2.9622827654550757e-06,
  "R_hat": 1.0227656321184269,
  "ll2": -69.95628227400758,
  "aic2": 151.91256454801515,
  "ll1": -70.58753849934416,
  "aic1": 149.17507699868833,
  "LR": 1.2625124506731709,
  "lrt_p": 0.5319231657586158,
  "R_lo": 0.0594454927330999,
  "R_hi": 64.93728719869783,
  "R_covered": true,
  "n_boot_ok": 43,
  "ks_p": 0.1340826346804512
}