{
  "rep": 54,
  "scenario": "B",
  "status": "ok",
  "n": 133,
  "n_sh": 95,
  "n_ns": 38,
  "true_mu": 1.0,
  "true_beta": 4.0,
  "true_Ksh": 0.15,
  "true_Kns": 0.06,
  "true_ash": 1.0,
  "true_ans": 0.5,
  "true_R": 2.5,
  "mu_hat": 1.2235006895982674,
  "beta_hat": 6.471917144399258,
  "Ksh_hat": 0.1449112018763185,
  "Kns_hat": 8.499735122255545e-08,
  "ash_hat": 0.9676168407191122,
  "ans_hat": 0.008048067578075144,
  "R_hat": 1704890.797089497,
  "ll2": -73.30729770343387,
  "aic2": 158.61459540686775,
  "ll1": -74.90365093047853,
  "aic1": 157.80730186095707,
  "LR": 3.1927064540893184,
  "lrt_p": 0.20263413289583365,
  "R_lo": 0.07422087222566962,
  "R_hi": 11.366899656326067,
  "R_covered": true,
  "n_boot_ok": 35,
  "ks_p": 0.7673923117325976
}