{
  "rep": 109,
  "scenario": "B",
  "status": "ok",
  "n": 110,
  "n_sh": 81,
  "n_ns": 29,
  "true_mu": 1.0,
  "true_beta": 4.0,
  "true_Ksh": 0.15,
  "true_Kns": 0.06,
  "true_ash": 1.0,
  "true_ans": 0.5,
  "true_R": 2.5,
  "mu_hat": 0.8127929818444172,
  "beta_hat": 10.000000000000002,
  "Ksh_hat": 0.29563690069571424,
  "Kns_hat": 0.004453633676183141,
  "ash_hat": 0.8025471683913145,
  "ans_hat": 2.25,
  "R_hat": 66.381054705218,
  "ll2": -58.21827466444203,
  "aic2": 128.43654932888404,
  "ll1": -62.88237897458273,
  "aic1": 133.76475794916547,
  "LR": 9.328208620281401,
  "lrt_p": 0.00942768872809907,
  "R_lo": 0.05606427444379661,
  "R_hi": 80.44380692198088,
  "R_covered": true,
  "n_boot_ok": 43,
  "ks_p": 0.9140786325142058
}