{
  "rep": 82,
  "scenario": "B",
  "status": "ok",
  "n": 93,
  "n_sh": 64,
  "n_ns": 29,
  "true_mu": 1.0,
  "true_beta": 4.0,
  "true_Ksh": 0.15,
  "true_Kns": 0.06,
  "true_ash": 1.0,
  "true_ans": 0.5,
  "true_R": 2.5,
  "mu_hat": 0.8169533147789225,
  "beta_hat": 6.919188191138401,
  "Ksh_hat": 0.19148402037874082,
  "Kns_hat": 0.022421102483744994,
  "ash_hat": 0.61592605199306,
  "ans_hat": 2.25,
  "R_hat": 8.540348117027886,
  "ll2": -82.6640698121626,
  "aic2": 177.3281396243252,
  "ll1": -83.69720263618771,
  "aic1": 175.39440527237542,
  "LR": 2.0662656480502335,
  "lrt_p": 0.3558902706956951,
  "R_lo": 0.12667777560697033,
  "R_hi": 34.80258402179987,
  "R_covered": true,
  "n_boot_ok": 43,
  "ks_p": 0.9476041406702375
}