{
  "rep": 87,
  "scenario": "B",
  "status": "ok",
  "n": 99,
  "n_sh": 75,
  "n_ns": 24,
  "true_mu": 1.0,
  "true_beta": 4.0,
  "true_Ksh": 0.15,
  "true_Kns": 0.06,
  "true_ash": 1.0,
  "true_ans": 0.5,
  "true_R": 2.5,
  "mu_hat": 0.8066032982048641,
  "beta_hat": 6.702764552716431,
  "Ksh_hat": 0.16580258932769165,
  "Kns_hat": 0.1900006773344785,
  "ash_hat": 0.8980337724044404,
  "ans_hat": 0.7059439856277587,
  "R_hat": 0.8726420960900662,
  "ll2": -78.71446079550527,
  "aic2": 169.42892159101055,
  "ll1": -78.72232241679997,
  "aic1": 165.44464483359994,
  "LR": 0.015723242589388065,
  "lrt_p": 0.9921692004275401,
  "R_lo": 0.11448730852546367,
  "R_hi": 16.796523444682816,
  "R_covered": true,
  "n_boot_ok": 35,
  "ks_p": 0.7355509362127545
}