{
  "rep": 155,
  "scenario": "B",
  "status": "ok",
  "n": 112,
  "n_sh": 85,
  "n_ns": 27,
  "true_mu": 1.0,
  "true_beta": 4.0,
  "true_Ksh": 0.15,
  "true_Kns": 0.06,
  "true_ash": 1.0,
  "true_ans": 0.5,
  "true_R": 2.5,
  "mu_hat": 0.8444046258486656,
  "beta_hat": 4.702281826282214,
  "Ksh_hat": 0.21940678070165834,
  "Kns_hat": 0.08129706255918392,
  "ash_hat": 0.8822142732138604,
  "ans_hat": 2.2488095406232547e-06,
  "R_hat": 2.6988279009703593,
  "ll2": -66.04069687672339,
  "aic2": 144.08139375344678,
  "ll1": -68.10314552306406,
  "aic1": 144.20629104612811,
  "LR": 4.124897292681339,
  "lrt_p": 0.12714226198479728,
  "R_lo": 0.11614032577979537,
  "R_hi": 77.6846151857422,
  "R_covered": true,
  "n_boot_ok": 39,
  "ks_p": 0.9740095600313221
}