{
  "rep": 177,
  "scenario": "B",
  "status": "ok",
  "n": 116,
  "n_sh": 89,
  "n_ns": 27,
  "true_mu": 1.0,
  "true_beta": 4.0,
  "true_Ksh": 0.15,
  "true_Kns": 0.06,
  "true_ash": 1.0,
  "true_ans": 0.5,
  "true_R": 2.5,
  "mu_hat": 0.9628437602271872,
  "beta_hat": 3.05368899279702,
  "Ksh_hat": 0.24669896306079148,
  "Kns_hat": 0.15718488878452494,
  "ash_hat": 1.0000000000000004e-06,
  "ans_hat": 1.1115526652114003,
  "R_hat": 1.5694826962595358,
  "ll2": -81.03704692357942,
  "aic2": 174.07409384715885,
  "ll1": -81.67034971465071,
  "aic1": 171.34069942930142,
  "LR": 1.2666055821425743,
  "lrt_p": 0.530835663236357,
  "R_lo": 2.2410759060402127e-07,
  "R_hi": 25.884145704914726,
  "R_covered": true,
  "n_boot_ok": 39,
  "ks_p": 0.9538418657140441
}