{
  "rep": 35,
  "scenario": "B",
  "status": "ok",
  "n": 112,
  "n_sh": 83,
  "n_ns": 29,
  "true_mu": 1.0,
  "true_beta": 4.0,
  "true_Ksh": 0.15,
  "true_Kns": 0.06,
  "true_ash": 1.0,
  "true_ans": 0.5,
  "true_R": 2.5,
  "mu_hat": 0.8979839569432497,
  "beta_hat": 7.085629724091484,
  "Ksh_hat": 0.23310759656988728,
  "Kns_hat": 0.22259508013532064,
  "ash_hat": 0.5454116350971229,
  "ans_hat": 1.0000000000000004e-06,
  "R_hat": 1.0472270834924826,
  "ll2": -74.1385230195382,
  "aic2": 160.2770460390764,
  "ll1": -74.40903995533253,
  "aic1": 156.81807991066506,
  "LR": 0.5410338715886667,
  "lrt_p": 0.7629849781301301,
  "R_lo": 0.018544861507165007,
  "R_hi": 749.170280721933,
  "R_covered": true,
  "n_boot_ok": 38,
  "ks_p": 0.9689267734010935
}