{
  "rep": 18,
  "scenario": "B",
  "status": "ok",
  "n": 134,
  "n_sh": 96,
  "n_ns": 38,
  "true_mu": 1.0,
  "true_beta": 4.0,
  "true_Ksh": 0.15,
  "true_Kns": 0.06,
  "true_ash": 1.0,
  "true_ans": 0.5,
  "true_R": 2.5,
  "mu_hat": 1.034569115821027,
  "beta_hat": 6.290613717051564,
  "Ksh_hat": 0.230273640340477,
  "Kns_hat": 0.02363573363204913,
  "ash_hat": 0.837886135038354,
  "ans_hat": 1.7381042430671991,
  "R_hat": 9.742606001796997,
  "ll2": -61.074684690022394,
  "aic2": 134.1493693800448,
  "ll1": -62.639212574342395,
  "aic1": 133.2784251486848,
  "LR": 3.1290557686400007,
  "lrt_p": 0.20918675020861932,
  "R_lo": 0.08036360364199682,
  "R_hi": 422.68684816176653,
  "R_covered": true,
  "n_boot_ok": 39,
  "ks_p": 0.7977525854687061
}