{
  "rep": 36,
  "scenario": "B",
  "status": "ok",
  "n": 99,
  "n_sh": 76,
  "n_ns": 23,
  "true_mu": 1.0,
  "true_beta": 4.0,
  "true_Ksh": 0.15,
  "true_Kns": 0.06,
  "true_ash": 1.0,
  "true_ans": 0.5,
  "true_R": 2.5,
  "mu_hat": 0.9847648482747261,
  "beta_hat": 4.076795776715699,
  "Ksh_hat": 0.13647084162596163,
  "Kns_hat": 3.814632373898826e-08,
  "ash_hat": 1.0000000000000004e-06,
  "ans_hat": 0.024834056559081157,
  "R_hat": 3577562.0885448186,
  "ll2": -88.33035178486756,
  "aic2": 188.66070356973512,
  "ll1": -88.62027338817089,
  "aic1": 185.24054677634177,
  "LR": 0.5798432066066539,
  "lrt_p": 0.748322231269994,
  "R_lo": 0.12454536829726703,
  "R_hi": 93.67395598586324,
  "R_covered": true,
  "n_boot_ok": 32,
  "ks_p": 0.9935109595485252
}