{
  "rep": 149,
  "scenario": "B",
  "status": "ok",
  "n": 107,
  "n_sh": 88,
  "n_ns": 19,
  "true_mu": 1.0,
  "true_beta": 4.0,
  "true_Ksh": 0.15,
  "true_Kns": 0.06,
  "true_ash": 1.0,
  "true_ans": 0.5,
  "true_R": 2.5,
  "mu_hat": 0.9531483857130129,
  "beta_hat": 3.8202272999695674,
  "Ksh_hat": 0.20096523435822886,
  "Kns_hat": 0.03902961915884358,
  "ash_hat": 0.2962014208061352,
  "ans_hat": 1.1073042698780395,
  "R_hat": 5.149044205128834,
  "ll2": -84.88687954096773,
  "aic2": 181.77375908193545,
  "ll1": -85.05859317110654,
  "aic1": 178.11718634221307,
  "LR": 0.3434272602776218,
  "lrt_p": 0.8422203251551267,
  "R_lo": 0.055477908558382284,
  "R_hi": 35.2838145227263,
  "R_covered": true,
  "n_boot_ok": 39,
  "ks_p": 0.48853815530138456
}