{
  "rep": 167,
  "scenario": "B",
  "status": "ok",
  "n": 118,
  "n_sh": 95,
  "n_ns": 23,
  "true_mu": 1.0,
  "true_beta": 4.0,
  "true_Ksh": 0.15,
  "true_Kns": 0.06,
  "true_ash": 1.0,
  "true_ans": 0.5,
  "true_R": 2.5,
  "mu_hat": 1.0788892528471066,
  "beta_hat": 4.09487290058655,
  "Ksh_hat": 0.16255836142775087,
  "Kns_hat": 1.6712103419075994e-08,
  "ash_hat": 0.6048257980760846,
  "ans_hat": 0.062012397301455705,
  "R_hat": 9726983.932028508,
  "ll2": -81.71337751267016,
  "aic2": 175.42675502534033,
  "ll1": -83.47811785090678,
  "aic1": 174.95623570181357,
  "LR": 3.5294806764732414,
  "lrt_p": 0.1712312429193552,
  "R_lo": 2.1590829420921395e-07,
  "R_hi": 115.838088038507,
  "R_covered": true,
  "n_boot_ok": 45,
  "ks_p": 0.7576480203980054
}