{
  "rep": 144,
  "scenario": "B",
  "status": "ok",
  "n": 108,
  "n_sh": 76,
  "n_ns": 32,
  "true_mu": 1.0,
  "true_beta": 4.0,
  "true_Ksh": 0.15,
  "true_Kns": 0.06,
  "true_ash": 1.0,
  "true_ans": 0.5,
  "true_R": 2.5,
  "mu_hat": 0.9895793348770485,
  "beta_hat": 3.3353813439070636,
  "Ksh_hat": 0.11775638516217327,
  "Kns_hat": 0.16208542493963285,
  "ash_hat": 0.9660859359746962,
  "ans_hat": 3.487917318222145e-06,
  "R_hat": 0.7265081681837247,
  "ll2": -85.53769316545534,
  "aic2": 183.07538633091067,
  "ll1": -85.66284915931824,
  "aic1": 179.32569831863648,
  "LR": 0.25031198772580865,
  "lrt_p": 0.8823592492205793,
  "R_lo": 0.015953210046757354,
  "R_hi": 42.00478888542953,
  "R_covered": true,
  "n_boot_ok": 35,
  "ks_p": 0.9438196734398796
}