{
  "rep": 158,
  "scenario": "B",
  "status": "ok",
  "n": 100,
  "n_sh": 73,
  "n_ns": 27,
  "true_mu": 1.0,
  "true_beta": 4.0,
  "true_Ksh": 0.15,
  "true_Kns": 0.06,
  "true_ash": 1.0,
  "true_ans": 0.5,
  "true_R": 2.5,
  "mu_hat": 0.8433252449954792,
  "beta_hat": 0.699786710728138,
  "Ksh_hat": 0.0929075584643916,
  "Kns_hat": 0.005891856539518124,
  "ash_hat": 2.229161906041689,
  "ans_hat": 1.4249984386625534,
  "R_hat": 15.768808666884176,
  "ll2": -85.39122511120374,
  "aic2": 182.78245022240748,
  "ll1": -86.29736773841954,
  "aic1": 180.59473547683908,
  "LR": 1.8122852544316004,
  "lrt_p": 0.4040799085189408,
  "R_lo": 0.022068794727604226,
  "R_hi": 25.1154579625561,
  "R_covered": true,
  "n_boot_ok": 38,
  "ks_p": 0.9601572823914966
}