{
  "rep": 48,
  "scenario": "B",
  "status": "ok",
  "n": 97,
  "n_sh": 71,
  "n_ns": 26,
  "true_mu": 1.0,
  "true_beta": 4.0,
  "true_Ksh": 0.15,
  "true_Kns": 0.06,
  "true_ash": 1.0,
  "true_ans": 0.5,
  "true_R": 2.5,
  "mu_hat": 0.8120242936982772,
  "beta_hat": 4.427998197833676,
  "Ksh_hat": 0.13486470891972607,
  "Kns_hat": 0.014276445238300246,
  "ash_hat": 1.5302416135514374,
  "ans_hat": 1.4048458247595628,
  "R_hat": 9.446658931448615,
  "ll2": -80.09577822270379,
  "aic2": 172.19155644540757,
  "ll1": -82.011304313153,
  "aic1": 172.022608626306,
  "LR": 3.831052180898439,
  "lrt_p": 0.1472643378416777,
  "R_lo": 0.048067106651241254,
  "R_hi": 24.0320008762441,
  "R_covered": true,
  "n_boot_ok": 35,
  "ks_p": 0.9314432531813266
}