{
  "rep": 102,
  "scenario": "B",
  "status": "ok",
  "n": 95,
  "n_sh": 69,
  "n_ns": 26,
  "true_mu": 1.0,
  "true_beta": 4.0,
  "true_Ksh": 0.15,
  "true_Kns": 0.06,
  "true_ash": 1.0,
  "true_ans": 0.5,
  "true_R": 2.5,
  "mu_hat": 0.7877366676171299,
  "beta_hat": 5.196812452852432,
  "Ksh_hat": 0.2680846054822908,
  "Kns_hat": 0.19146710220533159,
  "ash_hat": 3.7811732233453907e-06,
  "ans_hat": 0.22581452622406445,
  "R_hat": 1.400160144455488,
  "ll2": -82.02389426803006,
  "aic2": 176.04778853606012,
  "ll1": -82.05864985108455,
  "aic1": 172.1172997021691,
  "LR": 0.06951116610898112,
  "lrt_p": 0.9658414554287871,
  "R_lo": 0.057597481062321425,
  "R_hi": 42.68785011819531,
  "R_covered": true,
  "n_boot_ok": 38,
  "ks_p": 0.941772452976679
}