{
  "rep": 88,
  "scenario": "B",
  "status": "ok",
  "n": 90,
  "n_sh": 66,
  "n_ns": 24,
  "true_mu": 1.0,
  "true_beta": 4.0,
  "true_Ksh": 0.15,
  "true_Kns": 0.06,
  "true_ash": 1.0,
  "true_ans": 0.5,
  "true_R": 2.5,
  "mu_hat": 0.8431837067239628,
  "beta_hat": 6.9936643894897745,
  "Ksh_hat": 0.09069958869927602,
  "Kns_hat": 7.38289672796034e-08,
  "ash_hat": 1.2787846250368988,
  "ans_hat": 0.08132044580549933,
  "R_hat": 1228509.5138305346,
  "ll2": -79.91649210866616,
  "aic2": 171.83298421733232,
  "ll1": -80.6939890259631,
  "aic1": 169.3879780519262,
  "LR": 1.554993834593887,
  "lrt_p": 0.4595548767158236,
  "R_lo": 0.3906110038646524,
  "R_hi": 173.01737800762473,
  "R_covered": true,
  "n_boot_ok": 31,
  "ks_p": 0.6902555577628576
}