{
  "rep": 159,
  "scenario": "B",
  "status": "ok",
  "n": 79,
  "n_sh": 63,
  "n_ns": 16,
  "true_mu": 1.0,
  "true_beta": 4.0,
  "true_Ksh": 0.15,
  "true_Kns": 0.06,
  "true_ash": 1.0,
  "true_ans": 0.5,
  "true_R": 2.5,
  "mu_hat": 0.6988318123115891,
  "beta_hat": 4.113693473516507,
  "Ksh_hat": 0.22117051389673337,
  "Kns_hat": 9.999999999999982e-09,
  "ash_hat": 0.4072810019503974,
  "ans_hat": 0.050250554424249916,
  "R_hat": 22117051.38967338,
  "ll2": -83.91747718825417,
  "aic2": 179.83495437650834,
  "ll1": -85.70881136208916,
  "aic1": 179.41762272417833,
  "LR": 3.582668347669994,
  "lrt_p": 0.16673756430732767,
  "R_lo": 0.015471387496115598,
  "R_hi": 47.20182250255979,
  "R_covered": true,
  "n_boot_ok": 42,
  "ks_p": 0.7474227607799382
}