{
  "rep": 132,
  "scenario": "B",
  "status": "ok",
  "n": 105,
  "n_sh": 77,
  "n_ns": 28,
  "true_mu": 1.0,
  "true_beta": 4.0,
  "true_Ksh": 0.15,
  "true_Kns": 0.06,
  "true_ash": 1.0,
  "true_ans": 0.5,
  "true_R": 2.5,
  "mu_hat": 0.9135308214030028,
  "beta_hat": 6.178620127891923,
  "Ksh_hat": 0.17337277860062572,
  "Kns_hat": 3.080475310936854e-08,
  "ash_hat": 0.960500351496234,
  "ans_hat": 0.22280120599857345,
  "R_hat": 5628117.777314647,
  "ll2": -77.09719797307906,
  "aic2": 166.19439594615812,
  "ll1": -79.28545568777648,
  "aic1": 166.57091137555295,
  "LR": 4.3765154293948285,
  "lrt_p": 0.11211190948714711,
  "R_lo": 0.022023707624949155,
  "R_hi": 47.15241436490552,
  "R_covered": true,
  "n_boot_ok": 35,
  "ks_p": 0.786007425888789
}