{
  "rep": 154,
  "scenario": "B",
  "status": "ok",
  "n": 108,
  "n_sh": 77,
  "n_ns": 31,
  "true_mu": 1.0,
  "true_beta": 4.0,
  "true_Ksh": 0.15,
  "true_Kns": 0.06,
  "true_ash": 1.0,
  "true_ans": 0.5,
  "true_R": 2.5,
  "mu_hat": 0.9348367887277786,
  "beta_hat": 10.000000000000002,
  "Ksh_hat": 0.13364311359469425,
  "Kns_hat": 0.13210389760917624,
  "ash_hat": 1.171400371395157,
  "ans_hat": 1.0000000000000004e-06,
  "R_hat": 1.0116515561870227,
  "ll2": -75.31477475287276,
  "aic2": 162.62954950574553,
  "ll1": -76.7911165412633,
  "aic1": 161.5822330825266,
  "LR": 2.9526835767810837,
  "lrt_p": 0.22847196025935124,
  "R_lo": 0.047761562948311825,
  "R_hi": 14.679292749961556,
  "R_covered": true,
  "n_boot_ok": 36,
  "ks_p": 0.756330605881427
}