{
  "rep": 46,
  "scenario": "B",
  "status": "ok",
  "n": 103,
  "n_sh": 75,
  "n_ns": 28,
  "true_mu": 1.0,
  "true_beta": 4.0,
  "true_Ksh": 0.15,
  "true_Kns": 0.06,
  "true_ash": 1.0,
  "true_ans": 0.5,
  "true_R": 2.5,
  "mu_hat": 0.9391801471115026,
  "beta_hat": 5.602221241772629,
  "Ksh_hat": 0.16469879905945928,
  "Kns_hat": 0.12829004123051826,
  "ash_hat": 0.3089890700731182,
  "ans_hat": 0.35617308467983105,
  "R_hat": 1.2838003439683978,
  "ll2": -85.58401312047422,
  "aic2": 183.16802624094845,
  "ll1": -85.6111669276625,
  "aic1": 179.222333855325,
  "LR": 0.054307614376540414,
  "lrt_p": 0.9732115430812501,
  "R_lo": 0.08906527624850805,
  "R_hi": 17.397644550473505,
  "R_covered": true,
  "n_boot_ok": 38,
  "ks_p": 0.9114507038692914
}