{
  "rep": 125,
  "scenario": "B",
  "status": "ok",
  "n": 110,
  "n_sh": 87,
  "n_ns": 23,
  "true_mu": 1.0,
  "true_beta": 4.0,
  "true_Ksh": 0.15,
  "true_Kns": 0.06,
  "true_ash": 1.0,
  "true_ans": 0.5,
  "true_R": 2.5,
  "mu_hat": 1.0412859620844175,
  "beta_hat": 4.283181551328324,
  "Ksh_hat": 0.06268387548520397,
  "Kns_hat": 0.007769239036282184,
  "ash_hat": 1.4516166363771417,
  "ans_hat": 2.25,
  "R_hat": 8.068213011914242,
  "ll2": -82.89738788507773,
  "aic2": 177.79477577015547,
  "ll1": -83.46493007715458,
  "aic1": 174.92986015430915,
  "LR": 1.1350843841536857,
  "lrt_p": 0.5669171011224194,
  "R_lo": 0.1503065851035447,
  "R_hi": 40.99261149040999,
  "R_covered": true,
  "n_boot_ok": 38,
  "ks_p": 0.9226964745074899
}