{
  "rep": 31,
  "scenario": "B",
  "status": "ok",
  "n": 114,
  "n_sh": 87,
  "n_ns": 27,
  "true_mu": 1.0,
  "true_beta": 4.0,
  "true_Ksh": 0.15,
  "true_Kns": 0.06,
  "true_ash": 1.0,
  "true_ans": 0.5,
  "true_R": 2.5,
  "mu_hat": 0.8323211754691976,
  "beta_hat": 1.6248776276807009,
  "Ksh_hat": 0.3018098172109203,
  "Kns_hat": 0.010565702817008336,
  "ash_hat": 0.7447354628450865,
  "ans_hat": 1.6352501699853448,
  "R_hat": 28.565048860268565,
  "ll2": -79.28091682401902,
  "aic2": 170.56183364803803,
  "ll1": -81.10211193544924,
  "aic1": 170.2042238708985,
  "LR": 3.642390222860456,
  "lrt_p": 0.16183222777085438,
  "R_lo": 0.12439887000192024,
  "R_hi": 40.943986125767985,
  "R_covered": true,
  "n_boot_ok": 38,
  "ks_p": 0.7175998883441769
}