{
  "rep": 21,
  "scenario": "B",
  "status": "ok",
  "n": 137,
  "n_sh": 102,
  "n_ns": 35,
  "true_mu": 1.0,
  "true_beta": 4.0,
  "true_Ksh": 0.15,
  "true_Kns": 0.06,
  "true_ash": 1.0,
  "true_ans": 0.5,
  "true_R": 2.5,
  "mu_hat": 1.2034166799188502,
  "beta_hat": 4.375571675608376,
  "Ksh_hat": 0.11113852751743446,
  "Kns_hat": 0.13737076410878066,
  "ash_hat": 1.0716962098931413,
  "ans_hat": 1.0000000000000004e-06,
  "R_hat": 0.8090406152900663,
  "ll2": -72.27402194425676,
  "aic2": 156.54804388851352,
  "ll1": -72.97442461271852,
  "aic1": 153.94884922543704,
  "LR": 1.4008053369235256,
  "lrt_p": 0.49638538480423466,
  "R_lo": 0.28634312235095244,
  "R_hi": 366.1228855060263,
  "R_covered": true,
  "n_boot_ok": 35,
  "ks_p": 0.8926316351603809
}