{
  "rep": 7,
  "scenario": "B",
  "status": "ok",
  "n": 135,
  "n_sh": 102,
  "n_ns": 33,
  "true_mu": 1.0,
  "true_beta": 4.0,
  "true_Ksh": 0.15,
  "true_Kns": 0.06,
  "true_ash": 1.0,
  "true_ans": 0.5,
  "true_R": 2.5,
  "mu_hat": 1.0226766671108904,
  "beta_hat": 3.987004542669693,
  "Ksh_hat": 0.16724382112946892,
  "Kns_hat": 0.021748768250770895,
  "ash_hat": 1.0214955429241646,
  "ans_hat": 2.25,
  "R_hat": 7.689806576680079,
  "ll2": -58.448500632050596,
  "aic2": 128.8970012641012,
  "ll1": -59.93618025419606,
  "aic1": 127.87236050839212,
  "LR": 2.975359244290928,
  "lrt_p": 0.22589621244838975,
  "R_lo": 0.19193400083954446,
  "R_hi": 28.85812403514749,
  "R_covered": true,
  "n_boot_ok": 38,
  "ks_p": 0.8108840742352525
}