{
  "rep": 162,
  "scenario": "B",
  "status": "ok",
  "n": 111,
  "n_sh": 82,
  "n_ns": 29,
  "true_mu": 1.0,
  "true_beta": 4.0,
  "true_Ksh": 0.15,
  "true_Kns": 0.06,
  "true_ash": 1.0,
  "true_ans": 0.5,
  "true_R": 2.5,
  "mu_hat": 1.0504835429779515,
  "beta_hat": 7.3657045108205565,
  "Ksh_hat": 0.07801896842338499,
  "Kns_hat": 0.0007830986248516744,
  "ash_hat": 1.3462593102566434,
  "ans_hat": 2.25,
  "R_hat": 99.62853457719001,
  "ll2": -80.10612116086324,
  "aic2": 172.21224232172648,
  "ll1": -83.10203259689393,
  "aic1": 174.20406519378787,
  "LR": 5.991822872061391,
  "lrt_p": 0.049991042678596664,
  "R_lo": 0.02305731110635001,
  "R_hi": 24.869276233679795,
  "R_covered": true,
  "n_boot_ok": 39,
  "ks_p": 0.9782822223901991
}