{
  "rep": 181,
  "scenario": "B",
  "status": "ok",
  "n": 102,
  "n_sh": 70,
  "n_ns": 32,
  "true_mu": 1.0,
  "true_beta": 4.0,
  "true_Ksh": 0.15,
  "true_Kns": 0.06,
  "true_ash": 1.0,
  "true_ans": 0.5,
  "true_R": 2.5,
  "mu_hat": 0.45945431750615645,
  "beta_hat": 0.3085066177405046,
  "Ksh_hat": 0.6426552661765019,
  "Kns_hat": 4.304858549790464e-08,
  "ash_hat": 0.6942190700798636,
  "ans_hat": 0.020470781000316626,
  "R_hat": 14928603.547444845,
  "ll2": -82.47259353955599,
  "aic2": 176.94518707911197,
  "ll1": -84.55378114963366,
  "aic1": 177.10756229926733,
  "LR": 4.162375220155354,
  "lrt_p": 0.12478193188659359,
  "R_lo": 0.07156724737465393,
  "R_hi": 13.74345783358841,
  "R_covered": true,
  "n_boot_ok": 40,
  "ks_p": 0.7745405884087291
}