{
  "rep": 198,
  "scenario": "B",
  "status": "ok",
  "n": 108,
  "n_sh": 81,
  "n_ns": 27,
  "true_mu": 1.0,
  "true_beta": 4.0,
  "true_Ksh": 0.15,
  "true_Kns": 0.06,
  "true_ash": 1.0,
  "true_ans": 0.5,
  "true_R": 2.5,
  "mu_hat": 0.9901826937274483,
  "beta_hat": 5.023148680957126,
  "Ksh_hat": 0.23317574342155356,
  "Kns_hat": 1.8441901178242072e-08,
  "ash_hat": 6.194720621038739e-06,
  "ans_hat": 0.039653064853255746,
  "R_hat": 12643801.805892795,
  "ll2": -84.01595793288169,
  "aic2": 180.03191586576338,
  "ll1": -85.97015052053914,
  "aic1": 179.94030104107827,
  "LR": 3.9083851753148906,
  "lrt_p": 0.1416788237562867,
  "R_lo": 0.03518270364731143,
  "R_hi": 186.1803669313923,
  "R_covered": true,
  "n_boot_ok": 31,
  "ks_p": 0.972786008610068
}