{
  "rep": 68,
  "scenario": "B",
  "status": "ok",
  "n": 120,
  "n_sh": 91,
  "n_ns": 29,
  "true_mu": 1.0,
  "true_beta": 4.0,
  "true_Ksh": 0.15,
  "true_Kns": 0.06,
  "true_ash": 1.0,
  "true_ans": 0.5,
  "true_R": 2.5,
  "mu_hat": 1.1199254329790125,
  "beta_hat": 9.373827708402885,
  "Ksh_hat": 0.07061734446561194,
  "Kns_hat": 9.999999999999982e-09,
  "ash_hat": 1.4783921444633505,
  "ans_hat": 0.05412879564430302,
  "R_hat": 7061734.446561206,
  "ll2": -72.853449894178,
  "aic2": 157.706899788356,
  "ll1": -75.06475959154116,
  "aic1": 158.12951918308232,
  "LR": 4.4226193947263255,
  "lrt_p": 0.1095570679095077,
  "R_lo": 0.02996973269100771,
  "R_hi": 47.87925024352155,
  "R_covered": true,
  "n_boot_ok": 39,
  "ks_p": 0.4143305140765333
}