{
  "rep": 174,
  "scenario": "B",
  "status": "ok",
  "n": 116,
  "n_sh": 81,
  "n_ns": 35,
  "true_mu": 1.0,
  "true_beta": 4.0,
  "true_Ksh": 0.15,
  "true_Kns": 0.06,
  "true_ash": 1.0,
  "true_ans": 0.5,
  "true_R": 2.5,
  "mu_hat": 1.1399420665106177,
  "beta_hat": 5.045689925824632,
  "Ksh_hat": 0.03649823402137333,
  "Kns_hat": 1.2619430434739497e-08,
  "ash_hat": 2.25,
  "ans_hat": 0.0055877519178985985,
  "R_hat": 2892225.1451934697,
  "ll2": -81.05711964578087,
  "aic2": 174.11423929156174,
  "ll1": -82.8642985235515,
  "aic1": 173.728597047103,
  "LR": 3.614357755541249,
  "lrt_p": 0.16411647697840426,
  "R_lo": 0.1641337123868241,
  "R_hi": 144.67164936830605,
  "R_covered": true,
  "n_boot_ok": 39,
  "ks_p": 0.5979980371593662
}