{
  "rep": 107,
  "scenario": "B",
  "status": "ok",
  "n": 131,
  "n_sh": 100,
  "n_ns": 31,
  "true_mu": 1.0,
  "true_beta": 4.0,
  "true_Ksh": 0.15,
  "true_Kns": 0.06,
  "true_ash": 1.0,
  "true_ans": 0.5,
  "true_R": 2.5,
  "mu_hat": 1.0741173149813426,
  "beta_hat": 3.6678831685179425,
  "Ksh_hat": 0.23771779306805546,
  "Kns_hat": 0.10253925829377109,
  "ash_hat": 0.19542927029150242,
  "ans_hat": 1.7445354178930688,
  "R_hat": 2.318310050449195,
  "ll2": -73.58904047287491,
  "aic2": 159.17808094574983,
  "ll1": -74.00517611042474,
  "aic1": 156.01035222084948,
  "LR": 0.8322712750996573,
  "lrt_p": 0.6595907991368046,
  "R_lo": 0.20761886821599596,
  "R_hi": 94.86038933211488,
  "R_covered": true,
  "n_boot_ok": 43,
  "ks_p": 0.9582543076112013
}