{
  "rep": 175,
  "scenario": "B",
  "status": "ok",
  "n": 105,
  "n_sh": 80,
  "n_ns": 25,
  "true_mu": 1.0,
  "true_beta": 4.0,
  "true_Ksh": 0.15,
  "true_Kns": 0.06,
  "true_ash": 1.0,
  "true_ans": 0.5,
  "true_R": 2.5,
  "mu_hat": 0.7849141903788701,
  "beta_hat": 1.8959176123231638,
  "Ksh_hat": 0.27952369412434497,
  "Kns_hat": 0.07334578325059034,
  "ash_hat": 0.9557629327490218,
  "ans_hat": 2.896219376415934e-06,
  "R_hat": 3.8110397317502933,
  "ll2": -80.25781780530136,
  "aic2": 172.51563561060271,
  "ll1": -81.31918967627783,
  "aic1": 170.63837935255566,
  "LR": 2.122743741952945,
  "lrt_p": 0.345980843530311,
  "R_lo": 0.053878783051902863,
  "R_hi": 16.001534067335502,
  "R_covered": true,
  "n_boot_ok": 35,
  "ks_p": 0.7520376434725069
}