{
  "rep": 51,
  "scenario": "B",
  "status": "ok",
  "n": 123,
  "n_sh": 92,
  "n_ns": 31,
  "true_mu": 1.0,
  "true_beta": 4.0,
  "true_Ksh": 0.15,
  "true_Kns": 0.06,
  "true_ash": 1.0,
  "true_ans": 0.5,
  "true_R": 2.5,
  "mu_hat": 1.0049084753551443,
  "beta_hat": 3.5635674435835676,
  "Ksh_hat": 0.2559872317844337,
  "Kns_hat": 9.999999999999982e-09,
  "ash_hat": 0.6929787807288144,
  "ans_hat": 0.009848135457542189,
  "R_hat": 25598723.178443417,
  "ll2": -76.8463983705831,
  "aic2": 165.6927967411662,
  "ll1": -79.01689245498955,
  "aic1": 166.0337849099791,
  "LR": 4.340988168812885,
  "lrt_p": 0.11412121746494686,
  "R_lo": 0.06656900597259478,
  "R_hi": 50.02947450611438,
  "R_covered": true,
  "n_boot_ok": 41,
  "ks_p": 0.9865495508629176
}