{
  "rep": 56,
  "scenario": "B",
  "status": "ok",
  "n": 133,
  "n_sh": 96,
  "n_ns": 37,
  "true_mu": 1.0,
  "true_beta": 4.0,
  "true_Ksh": 0.15,
  "true_Kns": 0.06,
  "true_ash": 1.0,
  "true_ans": 0.5,
  "true_R": 2.5,
  "mu_hat": 0.9919799486164961,
  "beta_hat": 2.443581185133221,
  "Ksh_hat": 0.215248857515599,
  "Kns_hat": 0.12403160563069059,
  "ash_hat": 0.9974770629170469,
  "ans_hat": 1.0000000000000004e-06,
  "R_hat": 1.735435548230438,
  "ll2": -70.1076921438264,
  "aic2": 152.2153842876528,
  "ll1": -72.26380129970705,
  "aic1": 152.5276025994141,
  "LR": 4.312218311761313,
  "lrt_p": 0.11577470717467608,
  "R_lo": 0.15483698615789576,
  "R_hi": 39.518172266563305,
  "R_covered": true,
  "n_boot_ok": 33,
  "ks_p": 0.7391219375279588
}