{
  "rep": 25,
  "scenario": "B",
  "status": "ok",
  "n": 84,
  "n_sh": 59,
  "n_ns": 25,
  "true_mu": 1.0,
  "true_beta": 4.0,
  "true_Ksh": 0.15,
  "true_Kns": 0.06,
  "true_ash": 1.0,
  "true_ans": 0.5,
  "true_R": 2.5,
  "mu_hat": 0.7370231360953807,
  "beta_hat": 3.069489470350396,
  "Ksh_hat": 0.20647986340158322,
  "Kns_hat": 0.043858625157931846,
  "ash_hat": 0.30057143570151285,
  "ans_hat": 2.25,
  "R_hat": 4.707850796919959,
  "ll2": -86.11391439975263,
  "aic2": 184.22782879950526,
  "ll1": -86.65746360664959,
  "aic1": 181.31492721329917,
  "LR": 1.0870984137939104,
  "lrt_p": 0.5806836243208584,
  "R_lo": 0.03629017183138827,
  "R_hi": 30.50458230150027,
  "R_covered": true,
  "n_boot_ok": 34,
  "ks_p": 0.9888478100146711
}