{
  "rep": 98,
  "scenario": "B",
  "status": "ok",
  "n": 112,
  "n_sh": 84,
  "n_ns": 28,
  "true_mu": 1.0,
  "true_beta": 4.0,
  "true_Ksh": 0.15,
  "true_Kns": 0.06,
  "true_ash": 1.0,
  "true_ans": 0.5,
  "true_R": 2.5,
  "mu_hat": 1.1168738303636085,
  "beta_hat": 3.9858020287720275,
  "Ksh_hat": 0.01775779834019536,
  "Kns_hat": 0.1812522223629218,
  "ash_hat": 1.3908146861260189,
  "ans_hat": 1.0000000000000004e-06,
  "R_hat": 0.09797285853212256,
  "ll2": -84.40553323222287,
  "aic2": 180.81106646444573,
  "ll1": -85.45694145799268,
  "aic1": 178.91388291598537,
  "LR": 2.1028164515396384,
  "lrt_p": 0.34944530457294953,
  "R_lo": 8.215015949893477e-06,
  "R_hi": 17.299891358114856,
  "R_covered": true,
  "n_boot_ok": 34,
  "ks_p": 0.7430331210631904
}