{
  "rep": 39,
  "scenario": "B",
  "status": "ok",
  "n": 134,
  "n_sh": 104,
  "n_ns": 30,
  "true_mu": 1.0,
  "true_beta": 4.0,
  "true_Ksh": 0.15,
  "true_Kns": 0.06,
  "true_ash": 1.0,
  "true_ans": 0.5,
  "true_R": 2.5,
  "mu_hat": 1.028881324019193,
  "beta_hat": 2.6655223631721894,
  "Ksh_hat": 0.07982183786248122,
  "Kns_hat": 0.3360355706240801,
  "ash_hat": 1.95235908054924,
  "ans_hat": 5.734366680745304e-06,
  "R_hat": 0.23753984649374268,
  "ll2": -66.28549105486704,
  "aic2": 144.57098210973408,
  "ll1": -66.67518531323383,
  "aic1": 141.35037062646765,
  "LR": 0.7793885167335759,
  "lrt_p": 0.6772639106209195,
  "R_lo": 0.05640263386766692,
  "R_hi": 19.54789668658327,
  "R_covered": true,
  "n_boot_ok": 39,
  "ks_p": 0.7133983857397843
}