{
  "rep": 9,
  "scenario": "B",
  "status": "ok",
  "n": 133,
  "n_sh": 96,
  "n_ns": 37,
  "true_mu": 1.0,
  "true_beta": 4.0,
  "true_Ksh": 0.15,
  "true_Kns": 0.06,
  "true_ash": 1.0,
  "true_ans": 0.5,
  "true_R": 2.5,
  "mu_hat": 1.2379078980986888,
  "beta_hat": 4.786697149919925,
  "Ksh_hat": 0.09355953441153096,
  "Kns_hat": 1.4995426832589644e-07,
  "ash_hat": 1.2260801840337165,
  "ans_hat": 0.0003003058848490517,
  "R_hat": 623920.4489211171,
  "ll2": -74.05574470678721,
  "aic2": 160.11148941357442,
  "ll1": -76.0370159347172,
  "aic1": 160.0740318694344,
  "LR": 3.962542455859989,
  "lrt_p": 0.13789383135424738,
  "R_lo": 9.398596138164109e-06,
  "R_hi": 40.2532835201112,
  "R_covered": true,
  "n_boot_ok": 36,
  "ks_p": 0.8346909987679235
}