{
  "rep": 15,
  "scenario": "B",
  "status": "ok",
  "n": 103,
  "n_sh": 76,
  "n_ns": 27,
  "true_mu": 1.0,
  "true_beta": 4.0,
  "true_Ksh": 0.15,
  "true_Kns": 0.06,
  "true_ash": 1.0,
  "true_ans": 0.5,
  "true_R": 2.5,
  "mu_hat": 0.8193096605823721,
  "beta_hat": 0.8461649971524413,
  "Ksh_hat": 0.3160645652558639,
  "Kns_hat": 0.06128049683730691,
  "ash_hat": 1.0000001795937573e-06,
  "ans_hat": 2.25,
  "R_hat": 5.157669757394121,
  "ll2": -86.80285783727768,
  "aic2": 185.60571567455537,
  "ll1": -87.18463034316986,
  "aic1": 182.36926068633971,
  "LR": 0.7635450117843448,
  "lrt_p": 0.6826503344707325,
  "R_lo": 0.19745021068865481,
  "R_hi": 22.028906654764864,
  "R_covered": true,
  "n_boot_ok": 36,
  "ks_p": 0.9712027815102712
}