{
  "rep": 86,
  "scenario": "B",
  "status": "ok",
  "n": 128,
  "n_sh": 91,
  "n_ns": 37,
  "true_mu": 1.0,
  "true_beta": 4.0,
  "true_Ksh": 0.15,
  "true_Kns": 0.06,
  "true_ash": 1.0,
  "true_ans": 0.5,
  "true_R": 2.5,
  "mu_hat": 1.1821260991643112,
  "beta_hat": 7.51464941382836,
  "Ksh_hat": 0.11089968744498091,
  "Kns_hat": 8.454193704519805e-08,
  "ash_hat": 1.1706373946381996,
  "ans_hat": 0.00019149066136487348,
  "R_hat": 1311771.3092579297,
  "ll2": -72.08192744641062,
  "aic2": 156.16385489282123,
  "ll1": -74.7469073984764,
  "aic1": 157.4938147969528,
  "LR": 5.329959904131556,
  "lrt_p": 0.06960074887051737,
  "R_lo": 0.12242582587043675,
  "R_hi": 28.489099085336008,
  "R_covered": true,
  "n_boot_ok": 38,
  "ks_p": 0.7265273391057903
}