{
  "rep": 79,
  "scenario": "B",
  "status": "ok",
  "n": 100,
  "n_sh": 75,
  "n_ns": 25,
  "true_mu": 1.0,
  "true_beta": 4.0,
  "true_Ksh": 0.15,
  "true_Kns": 0.06,
  "true_ash": 1.0,
  "true_ans": 0.5,
  "true_R": 2.5,
  "mu_hat": 0.91961317911395,
  "beta_hat": 8.15995449025867,
  "Ksh_hat": 0.2016399418335658,
  "Kns_hat": 2.291115726626054e-08,
  "ash_hat": 0.2663731988034824,
  "ans_hat": 0.0012244465567441618,
  "R_hat": 8800949.663529439,
  "ll2": -82.17484289008607,
  "aic2": 176.34968578017214,
  "ll1": -83.74912151963774,
  "aic1": 175.49824303927548,
  "LR": 3.1485572591033417,
  "lrt_p": 0.20715693568600246,
  "R_lo": 0.01936402227463909,
  "R_hi": 24.251515651958627,
  "R_covered": true,
  "n_boot_ok": 36,
  "ks_p": 0.7621786440106276
}