{
  "rep": 105,
  "scenario": "B",
  "status": "ok",
  "n": 116,
  "n_sh": 83,
  "n_ns": 33,
  "true_mu": 1.0,
  "true_beta": 4.0,
  "true_Ksh": 0.15,
  "true_Kns": 0.06,
  "true_ash": 1.0,
  "true_ans": 0.5,
  "true_R": 2.5,
  "mu_hat": 0.8452720036030645,
  "beta_hat": 0.8834046686594723,
  "Ksh_hat": 0.3096385939532183,
  "Kns_hat": 0.3435277379276271,
  "ash_hat": 0.3071722096261036,
  "ans_hat": 1.0000000000000004e-06,
  "R_hat": 0.9013496139239027,
  "ll2": -83.03295423574113,
  "aic2": 178.06590847148226,
  "ll1": -83.04397040882829,
  "aic1": 174.08794081765657,
  "LR": 0.02203234617431349,
  "lrt_p": 0.9890442827466297,
  "R_lo": 0.01797276127797917,
  "R_hi": 122.16016433744025,
  "R_covered": true,
  "n_boot_ok": 39,
  "ks_p": 0.880315890915663
}