{
  "rep": 20,
  "scenario": "B",
  "status": "ok",
  "n": 130,
  "n_sh": 107,
  "n_ns": 23,
  "true_mu": 1.0,
  "true_beta": 4.0,
  "true_Ksh": 0.15,
  "true_Kns": 0.06,
  "true_ash": 1.0,
  "true_ans": 0.5,
  "true_R": 2.5,
  "mu_hat": 0.9895857367527409,
  "beta_hat": 1.884581980492359,
  "Ksh_hat": 0.22711719993925344,
  "Kns_hat": 0.0070843247692975305,
  "ash_hat": 1.06243693885478,
  "ans_hat": 1.791189146418349,
  "R_hat": 32.05911746501904,
  "ll2": -74.68258434779048,
  "aic2": 161.36516869558096,
  "ll1": -75.85049224668688,
  "aic1": 159.70098449337377,
  "LR": 2.3358157977928045,
  "lrt_p": 0.31101693998026014,
  "R_lo": 0.09765836201635991,
  "R_hi": 383.19761953782245,
  "R_covered": true,
  "n_boot_ok": 35,
  "ks_p": 0.7101579069100497
}