{
  "rep": 11,
  "scenario": "B",
  "status": "ok",
  "n": 124,
  "n_sh": 97,
  "n_ns": 27,
  "true_mu": 1.0,
  "true_beta": 4.0,
  "true_Ksh": 0.15,
  "true_Kns": 0.06,
  "true_ash": 1.0,
  "true_ans": 0.5,
  "true_R": 2.5,
  "mu_hat": 1.2465104980309223,
  "beta_hat": 10.000000000000002,
  "Ksh_hat": 0.06759754534719051,
  "Kns_hat": 2.5216276156015688e-08,
  "ash_hat": 1.0562511444405422,
  "ans_hat": 0.08839521047881714,
  "R_hat": 2680710.860277606,
  "ll2": -81.15006226473348,
  "aic2": 174.30012452946696,
  "ll1": -82.17874444312608,
  "aic1": 172.35748888625216,
  "LR": 2.0573643567852002,
  "lrt_p": 0.35747774219074224,
  "R_lo": 0.025342523908214322,
  "R_hi": 20.55206341060269,
  "R_covered": true,
  "n_boot_ok": 42,
  "ks_p": 0.8531379046832879
}