{
  "rep": 64,
  "scenario": "B",
  "status": "ok",
  "n": 94,
  "n_sh": 64,
  "n_ns": 30,
  "true_mu": 1.0,
  "true_beta": 4.0,
  "true_Ksh": 0.15,
  "true_Kns": 0.06,
  "true_ash": 1.0,
  "true_ans": 0.5,
  "true_R": 2.5,
  "mu_hat": 0.837361253974281,
  "beta_hat": 1.5719053732500732,
  "Ksh_hat": 0.24733774943279027,
  "Kns_hat": 0.09727302577103362,
  "ash_hat": 1.0000000000000004e-06,
  "ans_hat": 2.3719842665372673e-06,
  "R_hat": 2.5427167241100004,
  "ll2": -87.85345253465096,
  "aic2": 187.7069050693019,
  "ll1": -87.95337647016493,
  "aic1": 183.90675294032985,
  "LR": 0.19984787102794144,
  "lrt_p": 0.9049062466467758,
  "R_lo": 0.1040560833987078,
  "R_hi": 1682.7604215609858,
  "R_covered": true,
  "n_boot_ok": 34,
  "ks_p": 0.9799329405177147
}