{
  "rep": 80,
  "scenario": "B",
  "status": "ok",
  "n": 116,
  "n_sh": 88,
  "n_ns": 28,
  "true_mu": 1.0,
  "true_beta": 4.0,
  "true_Ksh": 0.15,
  "true_Kns": 0.06,
  "true_ash": 1.0,
  "true_ans": 0.5,
  "true_R": 2.5,
  "mu_hat": 0.8991665255205727,
  "beta_hat": 4.686661065115639,
  "Ksh_hat": 0.20223181079527164,
  "Kns_hat": 2.1946780495411e-08,
  "ash_hat": 1.1767776414427789,
  "ans_hat": 0.016438348714152475,
  "R_hat": 9214645.894761542,
  "ll2": -67.48393381654523,
  "aic2": 146.96786763309046,
  "ll1": -71.23393834584768,
  "aic1": 150.46787669169535,
  "LR": 7.500009058604888,
  "lrt_p": 0.023517639337266583,
  "R_lo": 0.00534154740146437,
  "R_hi": 97.59202541967008,
  "R_covered": true,
  "n_boot_ok": 39,
  "ks_p": 0.6578792491284353
}