{
  "rep": 115,
  "scenario": "B",
  "status": "ok",
  "n": 111,
  "n_sh": 86,
  "n_ns": 25,
  "true_mu": 1.0,
  "true_beta": 4.0,
  "true_Ksh": 0.15,
  "true_Kns": 0.06,
  "true_ash": 1.0,
  "true_ans": 0.5,
  "true_R": 2.5,
  "mu_hat": 0.7582181776035287,
  "beta_hat": 2.9933586039716875,
  "Ksh_hat": 0.20838564787833838,
  "Kns_hat": 0.27046211168503503,
  "ash_hat": 1.1106144058679968,
  "ans_hat": 1.1700571421762963e-06,
  "R_hat": 0.770480000248658,
  "ll2": -71.02848296485874,
  "aic2": 154.05696592971748,
  "ll1": -71.74192533922366,
  "aic1": 151.4838506784473,
  "LR": 1.426884748729833,
  "lrt_p": 0.489954683716753,
  "R_lo": 0.05226964904119328,
  "R_hi": 126.43684318507576,
  "R_covered": true,
  "n_boot_ok": 33,
  "ks_p": 0.8205920724887013
}