{
  "rep": 4,
  "scenario": "B",
  "status": "ok",
  "n": 149,
  "n_sh": 108,
  "n_ns": 41,
  "true_mu": 1.0,
  "true_beta": 4.0,
  "true_Ksh": 0.15,
  "true_Kns": 0.06,
  "true_ash": 1.0,
  "true_ans": 0.5,
  "true_R": 2.5,
  "mu_hat": 1.2119576324010821,
  "beta_hat": 3.427528024272033,
  "Ksh_hat": 0.2024579738911056,
  "Kns_hat": 0.012207800816660024,
  "ash_hat": 0.9757362549258932,
  "ans_hat": 2.25,
  "R_hat": 16.584311698042335,
  "ll2": -61.550978718653795,
  "aic2": 135.1019574373076,
  "ll1": -62.82583073210921,
  "aic1": 133.65166146421842,
  "LR": 2.549704026910831,
  "lrt_p": 0.2794723233047668,
  "R_lo": 0.075948536276517,
  "R_hi": 44.52842663793973,
  "R_covered": true,
  "n_boot_ok": 38,
  "ks_p": 0.545813297148035
}