{
  "rep": 81,
  "scenario": "B",
  "status": "ok",
  "n": 122,
  "n_sh": 87,
  "n_ns": 35,
  "true_mu": 1.0,
  "true_beta": 4.0,
  "true_Ksh": 0.15,
  "true_Kns": 0.06,
  "true_ash": 1.0,
  "true_ans": 0.5,
  "true_R": 2.5,
  "mu_hat": 1.004192439785594,
  "beta_hat": 4.7087514577586775,
  "Ksh_hat": 0.061647381357302314,
  "Kns_hat": 0.00877428868284946,
  "ash_hat": 2.1282570523529554,
  "ans_hat": 2.2443915155978504,
  "R_hat": 7.025912137789643,
  "ll2": -56.20879872581763,
  "aic2": 124.41759745163526,
  "ll1": -59.03169642711928,
  "aic1": 126.06339285423856,
  "LR": 5.645795402603298,
  "lrt_p": 0.059433472495428075,
  "R_lo": 0.13768283413817023,
  "R_hi": 292.53581475129425,
  "R_covered": true,
  "n_boot_ok": 37,
  "ks_p": 0.7871847253550897
}