{
  "rep": 156,
  "scenario": "B",
  "status": "ok",
  "n": 98,
  "n_sh": 75,
  "n_ns": 23,
  "true_mu": 1.0,
  "true_beta": 4.0,
  "true_Ksh": 0.15,
  "true_Kns": 0.06,
  "true_ash": 1.0,
  "true_ans": 0.5,
  "true_R": 2.5,
  "mu_hat": 0.9366268687808219,
  "beta_hat": 5.629856046737793,
  "Ksh_hat": 0.047441317826734324,
  "Kns_hat": 1.0000562402445595e-08,
  "ash_hat": 2.0301444137080193,
  "ans_hat": 0.09055811294866115,
  "R_hat": 4743864.986546432,
  "ll2": -82.2262422199897,
  "aic2": 176.4524844399794,
  "ll1": -82.80317321445037,
  "aic1": 173.60634642890074,
  "LR": 1.153861988921335,
  "lrt_p": 0.5616193372373279,
  "R_lo": 0.178287522019956,
  "R_hi": 57.88657430125712,
  "R_covered": true,
  "n_boot_ok": 46,
  "ks_p": 0.9913138225536925
}