{
  "rep": 33,
  "scenario": "B",
  "status": "ok",
  "n": 121,
  "n_sh": 91,
  "n_ns": 30,
  "true_mu": 1.0,
  "true_beta": 4.0,
  "true_Ksh": 0.15,
  "true_Kns": 0.06,
  "true_ash": 1.0,
  "true_ans": 0.5,
  "true_R": 2.5,
  "mu_hat": 0.9474591118866654,
  "beta_hat": 3.797257430839677,
  "Ksh_hat": 0.18129954488080666,
  "Kns_hat": 0.3126201510453814,
  "ash_hat": 0.8828565455957047,
  "ans_hat": 1.0000000000000004e-06,
  "R_hat": 0.5799355680513646,
  "ll2": -76.8583158884648,
  "aic2": 165.7166317769296,
  "ll1": -77.32924623215911,
  "aic1": 162.65849246431821,
  "LR": 0.941860687388612,
  "lrt_p": 0.6244210717616572,
  "R_lo": 0.11703053872379272,
  "R_hi": 2000.5831393614417,
  "R_covered": true,
  "n_boot_ok": 37,
  "ks_p": 0.9963785636454966
}