{
  "rep": 116,
  "scenario": "B",
  "status": "ok",
  "n": 115,
  "n_sh": 78,
  "n_ns": 37,
  "true_mu": 1.0,
  "true_beta": 4.0,
  "true_Ksh": 0.15,
  "true_Kns": 0.06,
  "true_ash": 1.0,
  "true_ans": 0.5,
  "true_R": 2.5,
  "mu_hat": 0.7834576432784451,
  "beta_hat": 0.5174490952506372,
  "Ksh_hat": 0.30200877619959454,
  "Kns_hat": 9.516864178799532e-07,
  "ash_hat": 1.3449400732552834,
  "ans_hat": 0.006454011921311337,
  "R_hat": 317340.6392332167,
  "ll2": -82.55217751352865,
  "aic2": 177.1043550270573,
  "ll1": -83.90903308938005,
  "aic1": 175.8180661787601,
  "LR": 2.713711151702796,
  "lrt_p": 0.2574690974838896,
  "R_lo": 1.0845559844137391e-06,
  "R_hi": 15.096678337632019,
  "R_covered": true,
  "n_boot_ok": 40,
  "ks_p": 0.6542823404591829
}