{
  "rep": 139,
  "scenario": "B",
  "status": "ok",
  "n": 106,
  "n_sh": 70,
  "n_ns": 36,
  "true_mu": 1.0,
  "true_beta": 4.0,
  "true_Ksh": 0.15,
  "true_Kns": 0.06,
  "true_ash": 1.0,
  "true_ans": 0.5,
  "true_R": 2.5,
  "mu_hat": 0.8087342277428526,
  "beta_hat": 2.128305603261605,
  "Ksh_hat": 0.13633881658918062,
  "Kns_hat": 0.2916514020555181,
  "ash_hat": 1.3119109671114206,
  "ans_hat": 1.0000000000000004e-06,
  "R_hat": 0.4674718366799673,
  "ll2": -79.53606891310207,
  "aic2": 171.07213782620414,
  "ll1": -81.26179257853043,
  "aic1": 170.52358515706086,
  "LR": 3.4514473308567233,
  "lrt_p": 0.1780441607376828,
  "R_lo": 0.14027142454003394,
  "R_hi": 22.986393307305057,
  "R_covered": true,
  "n_boot_ok": 34,
  "ks_p": 0.8144832719116483
}