{
  "rep": 135,
  "scenario": "B",
  "status": "ok",
  "n": 85,
  "n_sh": 70,
  "n_ns": 15,
  "true_mu": 1.0,
  "true_beta": 4.0,
  "true_Ksh": 0.15,
  "true_Kns": 0.06,
  "true_ash": 1.0,
  "true_ans": 0.5,
  "true_R": 2.5,
  "mu_hat": 0.6727986173169157,
  "beta_hat": 1.9034059728250041,
  "Ksh_hat": 0.173812621242678,
  "Kns_hat": 0.13774569260344174,
  "ash_hat": 0.9483940234830589,
  "ans_hat": 1.29431388889695,
  "R_hat": 1.2618370706013284,
  "ll2": -85.17125129197662,
  "aic2": 182.34250258395323,
  "ll1": -85.19506156910388,
  "aic1": 178.39012313820777,
  "LR": 0.04762055425453582,
  "lrt_p": 0.9764709510590721,
  "R_lo": 0.19699722545524748,
  "R_hi": 22.87117982542641,
  "R_covered": true,
  "n_boot_ok": 36,
  "ks_p": 0.7838011509830454
}