{
  "rep": 90,
  "scenario": "B",
  "status": "ok",
  "n": 128,
  "n_sh": 98,
  "n_ns": 30,
  "true_mu": 1.0,
  "true_beta": 4.0,
  "true_Ksh": 0.15,
  "true_Kns": 0.06,
  "true_ash": 1.0,
  "true_ans": 0.5,
  "true_R": 2.5,
  "mu_hat": 1.0350975325408838,
  "beta_hat": 2.8640345418025923,
  "Ksh_hat": 0.12345283872573957,
  "Kns_hat": 1.7560824379304262e-07,
  "ash_hat": 1.361899559401449,
  "ans_hat": 0.011924831884085078,
  "R_hat": 703001.3856936631,
  "ll2": -56.99652312077025,
  "aic2": 125.9930462415405,
  "ll1": -58.09193720734105,
  "aic1": 124.1838744146821,
  "LR": 2.190828173141597,
  "lrt_p": 0.33440110726737804,
  "R_lo": 0.07674903968309706,
  "R_hi": 23.992527379735836,
  "R_covered": true,
  "n_boot_ok": 41,
  "ks_p": 0.6577529788638146
}