{
  "rep": 69,
  "scenario": "B",
  "status": "ok",
  "n": 125,
  "n_sh": 100,
  "n_ns": 25,
  "true_mu": 1.0,
  "true_beta": 4.0,
  "true_Ksh": 0.15,
  "true_Kns": 0.06,
  "true_ash": 1.0,
  "true_ans": 0.5,
  "true_R": 2.5,
  "mu_hat": 1.124179765602634,
  "beta_hat": 9.86535026564671,
  "Ksh_hat": 0.05229413171024849,
  "Kns_hat": 0.09968483474873091,
  "ash_hat": 1.8713193787167814,
  "ans_hat": 1.4224214507481996,
  "R_hat": 0.524594657171905,
  "ll2": -68.74513313757859,
  "aic2": 149.49026627515718,
  "ll1": -68.81582798340496,
  "aic1": 145.63165596680992,
  "LR": 0.14138969165273352,
  "lrt_p": 0.9317461749843993,
  "R_lo": 3.0575883940257083e-08,
  "R_hi": 42.43671080097178,
  "R_covered": true,
  "n_boot_ok": 35,
  "ks_p": 0.9941521015578958
}