{
  "rep": 74,
  "scenario": "B",
  "status": "ok",
  "n": 145,
  "n_sh": 115,
  "n_ns": 30,
  "true_mu": 1.0,
  "true_beta": 4.0,
  "true_Ksh": 0.15,
  "true_Kns": 0.06,
  "true_ash": 1.0,
  "true_ans": 0.5,
  "true_R": 2.5,
  "mu_hat": 1.2914477577664487,
  "beta_hat": 4.257891661117802,
  "Ksh_hat": 0.0745143363712355,
  "Kns_hat": 8.055569941372867e-07,
  "ash_hat": 1.5135833812272816,
  "ans_hat": 1.0348656656702782,
  "R_hat": 92500.39030576206,
  "ll2": -59.801941516724995,
  "aic2": 131.60388303345,
  "ll1": -60.44281102178513,
  "aic1": 128.88562204357027,
  "LR": 1.2817390101202761,
  "lrt_p": 0.5268341398812428,
  "R_lo": 0.18429276837650108,
  "R_hi": 40.015529848828784,
  "R_covered": true,
  "n_boot_ok": 40,
  "ks_p": 0.9522369174116837
}