{
  "rep": 184,
  "scenario": "B",
  "status": "ok",
  "n": 104,
  "n_sh": 80,
  "n_ns": 24,
  "true_mu": 1.0,
  "true_beta": 4.0,
  "true_Ksh": 0.15,
  "true_Kns": 0.06,
  "true_ash": 1.0,
  "true_ans": 0.5,
  "true_R": 2.5,
  "mu_hat": 0.8355987745034689,
  "beta_hat": 2.8286280859233357,
  "Ksh_hat": 0.14759013196908838,
  "Kns_hat": 2.3439350723613905e-08,
  "ash_hat": 1.103877253275322,
  "ans_hat": 2.2346213821575846e-06,
  "R_hat": 6296681.751529881,
  "ll2": -72.12579330701712,
  "aic2": 156.25158661403424,
  "ll1": -76.84153685823745,
  "aic1": 161.6830737164749,
  "LR": 9.431487102440656,
  "lrt_p": 0.008953206423730653,
  "R_lo": 0.19786369820599786,
  "R_hi": 88.91089984361302,
  "R_covered": true,
  "n_boot_ok": 41,
  "ks_p": 0.9807308441302248
}