{
  "rep": 148,
  "scenario": "B",
  "status": "ok",
  "n": 97,
  "n_sh": 74,
  "n_ns": 23,
  "true_mu": 1.0,
  "true_beta": 4.0,
  "true_Ksh": 0.15,
  "true_Kns": 0.06,
  "true_ash": 1.0,
  "true_ans": 0.5,
  "true_R": 2.5,
  "mu_hat": 0.8737609950629016,
  "beta_hat": 1.614747786014508,
  "Ksh_hat": 0.053534466072297775,
  "Kns_hat": 0.26436594541811415,
  "ash_hat": 2.25,
  "ans_hat": 1.0000000000000004e-06,
  "R_hat": 0.20250136978735703,
  "ll2": -86.17767776282973,
  "aic2": 184.35535552565946,
  "ll1": -87.21334934133372,
  "aic1": 182.42669868266745,
  "LR": 2.0713431570079877,
  "lrt_p": 0.35498789861223157,
  "R_lo": 0.2767868467487321,
  "R_hi": 25.209797054700786,
  "R_covered": true,
  "n_boot_ok": 39,
  "ks_p": 0.9298820503145966
}