{
  "rep": 78,
  "scenario": "B",
  "status": "ok",
  "n": 118,
  "n_sh": 85,
  "n_ns": 33,
  "true_mu": 1.0,
  "true_beta": 4.0,
  "true_Ksh": 0.15,
  "true_Kns": 0.06,
  "true_ash": 1.0,
  "true_ans": 0.5,
  "true_R": 2.5,
  "mu_hat": 0.9057728020221306,
  "beta_hat": 1.4442157567611926,
  "Ksh_hat": 0.4295915455144978,
  "Kns_hat": 9.999999999999982e-09,
  "ash_hat": 1.0000000000000004e-06,
  "ans_hat": 0.009131127714516804,
  "R_hat": 42959154.55144986,
  "ll2": -81.51314143097673,
  "aic2": 175.02628286195346,
  "ll1": -83.73773650346595,
  "aic1": 175.4754730069319,
  "LR": 4.449190144978445,
  "lrt_p": 0.10811118696655597,
  "R_lo": 0.1631367996797549,
  "R_hi": 92.75183640881622,
  "R_covered": true,
  "n_boot_ok": 34,
  "ks_p": 0.8945715947047854
}