{
  "rep": 37,
  "scenario": "B",
  "status": "ok",
  "n": 121,
  "n_sh": 87,
  "n_ns": 34,
  "true_mu": 1.0,
  "true_beta": 4.0,
  "true_Ksh": 0.15,
  "true_Kns": 0.06,
  "true_ash": 1.0,
  "true_ans": 0.5,
  "true_R": 2.5,
  "mu_hat": 0.9570591871417259,
  "beta_hat": 1.543837561907826,
  "Ksh_hat": 0.31796734862461135,
  "Kns_hat": 0.010777360896924142,
  "ash_hat": 0.3896648947879058,
  "ans_hat": 2.25,
  "R_hat": 29.50326630662978,
  "ll2": -81.12825794596854,
  "aic2": 174.25651589193708,
  "ll1": -82.08264708898454,
  "aic1": 172.1652941779691,
  "LR": 1.9087782860320033,
  "lrt_p": 0.3850472815492324,
  "R_lo": 0.07209165721541763,
  "R_hi": 272.60444229079906,
  "R_covered": true,
  "n_boot_ok": 36,
  "ks_p": 0.9132586561882696
}