{
  "rep": 53,
  "scenario": "B",
  "status": "ok",
  "n": 115,
  "n_sh": 84,
  "n_ns": 31,
  "true_mu": 1.0,
  "true_beta": 4.0,
  "true_Ksh": 0.15,
  "true_Kns": 0.06,
  "true_ash": 1.0,
  "true_ans": 0.5,
  "true_R": 2.5,
  "mu_hat": 1.1945351670602458,
  "beta_hat": 6.373069569637739,
  "Ksh_hat": 0.07660582185330003,
  "Kns_hat": 1.5721939032648482e-08,
  "ash_hat": 0.3884657073690815,
  "ans_hat": 0.015513242874210359,
  "R_hat": 4872542.864733091,
  "ll2": -86.12772759366696,
  "aic2": 184.25545518733392,
  "ll1": -86.63300795459244,
  "aic1": 181.2660159091849,
  "LR": 1.0105607218509647,
  "lrt_p": 0.6033363997616112,
  "R_lo": 0.10971633303019544,
  "R_hi": 45.25639617805987,
  "R_covered": true,
  "n_boot_ok": 36,
  "ks_p": 0.8994964997823109
}