{
  "rep": 186,
  "scenario": "B",
  "status": "ok",
  "n": 125,
  "n_sh": 94,
  "n_ns": 31,
  "true_mu": 1.0,
  "true_beta": 4.0,
  "true_Ksh": 0.15,
  "true_Kns": 0.06,
  "true_ash": 1.0,
  "true_ans": 0.5,
  "true_R": 2.5,
  "mu_hat": 0.9927639048469211,
  "beta_hat": 2.7762843275713105,
  "Ksh_hat": 0.17501251419011726,
  "Kns_hat": 0.026165445229924623,
  "ash_hat": 1.121433660346813,
  "ans_hat": 1.0000000000000004e-06,
  "R_hat": 6.688688560512656,
  "ll2": -72.04785574952498,
  "aic2": 156.09571149904997,
  "ll1": -72.88987146768872,
  "aic1": 153.77974293537744,
  "LR": 1.6840314363274729,
  "lrt_p": 0.4308411931423015,
  "R_lo": 0.08264298950731343,
  "R_hi": 22.473897323764735,
  "R_covered": true,
  "n_boot_ok": 40,
  "ks_p": 0.4508463244860189
}