{
  "rep": 191,
  "scenario": "B",
  "status": "ok",
  "n": 119,
  "n_sh": 85,
  "n_ns": 34,
  "true_mu": 1.0,
  "true_beta": 4.0,
  "true_Ksh": 0.15,
  "true_Kns": 0.06,
  "true_ash": 1.0,
  "true_ans": 0.5,
  "true_R": 2.5,
  "mu_hat": 1.0364568884075138,
  "beta_hat": 5.24386101664504,
  "Ksh_hat": 0.08579202866453466,
  "Kns_hat": 0.3882437820348159,
  "ash_hat": 1.1459118638865975,
  "ans_hat": 1.0000000000000004e-06,
  "R_hat": 0.22097463664425468,
  "ll2": -78.76751929679975,
  "aic2": 169.5350385935995,
  "ll1": -79.83746975831565,
  "aic1": 167.6749395166313,
  "LR": 2.139900923031803,
  "lrt_p": 0.3430255099615813,
  "R_lo": 0.19300272984099356,
  "R_hi": 9.955969798475827,
  "R_covered": true,
  "n_boot_ok": 43,
  "ks_p": 0.9868469545506394
}