{
  "rep": 176,
  "scenario": "B",
  "status": "ok",
  "n": 106,
  "n_sh": 81,
  "n_ns": 25,
  "true_mu": 1.0,
  "true_beta": 4.0,
  "true_Ksh": 0.15,
  "true_Kns": 0.06,
  "true_ash": 1.0,
  "true_ans": 0.5,
  "true_R": 2.5,
  "mu_hat": 0.8345005154447105,
  "beta_hat": 1.122723325668546,
  "Ksh_hat": 0.06820069189371819,
  "Kns_hat": 0.511939153059528,
  "ash_hat": 1.226412943031572,
  "ans_hat": 0.6495754129459259,
  "R_hat": 0.13322030848026944,
  "ll2": -84.66801686663162,
  "aic2": 181.33603373326324,
  "ll1": -85.84983165222533,
  "aic1": 179.69966330445067,
  "LR": 2.363629571187431,
  "lrt_p": 0.3067215992701876,
  "R_lo": 0.11525121507172226,
  "R_hi": 28.09949143354755,
  "R_covered": true,
  "n_boot_ok": 37,
  "ks_p": 0.7079994566171598
}