{
  "rep": 146,
  "scenario": "B",
  "status": "ok",
  "n": 93,
  "n_sh": 71,
  "n_ns": 22,
  "true_mu": 1.0,
  "true_beta": 4.0,
  "true_Ksh": 0.15,
  "true_Kns": 0.06,
  "true_ash": 1.0,
  "true_ans": 0.5,
  "true_R": 2.5,
  "mu_hat": 0.8452566521938276,
  "beta_hat": 4.307416558385372,
  "Ksh_hat": 0.1081014241059646,
  "Kns_hat": 0.15864939255645,
  "ash_hat": 1.2374669947243153,
  "ans_hat": 1.0000000000000004e-06,
  "R_hat": 0.6813856792266026,
  "ll2": -86.15656961110534,
  "aic2": 184.31313922221068,
  "ll1": -86.52443766068008,
  "aic1": 181.04887532136016,
  "LR": 0.7357360991494772,
  "lrt_p": 0.6922085128706466,
  "R_lo": 5.685521330716018e-07,
  "R_hi": 28.12591133269472,
  "R_covered": true,
  "n_boot_ok": 38,
  "ks_p": 0.8565506607712566
}