{
  "rep": 196,
  "scenario": "B",
  "status": "ok",
  "n": 131,
  "n_sh": 101,
  "n_ns": 30,
  "true_mu": 1.0,
  "true_beta": 4.0,
  "true_Ksh": 0.15,
  "true_Kns": 0.06,
  "true_ash": 1.0,
  "true_ans": 0.5,
  "true_R": 2.5,
  "mu_hat": 1.120306042521857,
  "beta_hat": 9.668152773712814,
  "Ksh_hat": 0.24989108522843648,
  "Kns_hat": 0.06522178095687993,
  "ash_hat": 1.0000000000000004e-06,
  "ans_hat": 1.4550150496439924,
  "R_hat": 3.8314054225788,
  "ll2": -69.88937950311626,
  "aic2": 151.77875900623252,
  "ll1": -71.17001793831624,
  "aic1": 150.34003587663247,
  "LR": 2.5612768703999507,
  "lrt_p": 0.27785984830555477,
  "R_lo": 1.9558554556374597e-06,
  "R_hi": 28.26554565303631,
  "R_covered": true,
  "n_boot_ok": 37,
  "ks_p": 0.9004823023383787
}