{
  "rep": 111,
  "scenario": "B",
  "status": "ok",
  "n": 89,
  "n_sh": 67,
  "n_ns": 22,
  "true_mu": 1.0,
  "true_beta": 4.0,
  "true_Ksh": 0.15,
  "true_Kns": 0.06,
  "true_ash": 1.0,
  "true_ans": 0.5,
  "true_R": 2.5,
  "mu_hat": 0.778509940835541,
  "beta_hat": 10.000000000000002,
  "Ksh_hat": 0.19019577791642067,
  "Kns_hat": 3.5921212968668205e-08,
  "ash_hat": 0.6985159992323949,
  "ans_hat": 0.008836279150350224,
  "R_hat": 5294803.883218431,
  "ll2": -77.56233397599985,
  "aic2": 167.1246679519997,
  "ll1": -80.62948249882432,
  "aic1": 169.25896499764863,
  "LR": 6.134297045648935,
  "lrt_p": 0.046553712623873755,
  "R_lo": 0.10018689864848822,
  "R_hi": 53.16234833489683,
  "R_covered": true,
  "n_boot_ok": 40,
  "ks_p": 0.9513643500022656
}