{
  "rep": 110,
  "scenario": "B",
  "status": "ok",
  "n": 122,
  "n_sh": 98,
  "n_ns": 24,
  "true_mu": 1.0,
  "true_beta": 4.0,
  "true_Ksh": 0.15,
  "true_Kns": 0.06,
  "true_ash": 1.0,
  "true_ans": 0.5,
  "true_R": 2.5,
  "mu_hat": 1.0382391494465237,
  "beta_hat": 5.964080172463623,
  "Ksh_hat": 0.2521295247265679,
  "Kns_hat": 0.029016868391139417,
  "ash_hat": 0.19982615972336373,
  "ans_hat": 2.25,
  "R_hat": 8.689067384113653,
  "ll2": -77.10391373048947,
  "aic2": 166.20782746097893,
  "ll1": -78.08509093083092,
  "aic1": 164.17018186166183,
  "LR": 1.962354400682898,
  "lrt_p": 0.3748695424488485,
  "R_lo": 0.18391829332410028,
  "R_hi": 21.841517221614346,
  "R_covered": true,
  "n_boot_ok": 40,
  "ks_p": 0.9661377458529319
}