{
  "rep": 41,
  "scenario": "B",
  "status": "ok",
  "n": 140,
  "n_sh": 108,
  "n_ns": 32,
  "true_mu": 1.0,
  "true_beta": 4.0,
  "true_Ksh": 0.15,
  "true_Kns": 0.06,
  "true_ash": 1.0,
  "true_ans": 0.5,
  "true_R": 2.5,
  "mu_hat": 0.995841196271287,
  "beta_hat": 3.8311331355299174,
  "Ksh_hat": 0.30601752892628636,
  "Kns_hat": 0.03221655558633109,
  "ash_hat": 0.6040940196056608,
  "ans_hat": 2.25,
  "R_hat": 9.498766188900845,
  "ll2": -57.10576821591853,
  "aic2": 126.21153643183706,
  "ll1": -58.57000065625755,
  "aic1": 125.1400013125151,
  "LR": 2.9284648806780353,
  "lrt_p": 0.23125542570909707,
  "R_lo": 0.00787053757477542,
  "R_hi": 11.150724206196632,
  "R_covered": true,
  "n_boot_ok": 38,
  "ks_p": 0.533381348075223
}