{
  "rep": 133,
  "scenario": "B",
  "status": "ok",
  "n": 109,
  "n_sh": 82,
  "n_ns": 27,
  "true_mu": 1.0,
  "true_beta": 4.0,
  "true_Ksh": 0.15,
  "true_Kns": 0.06,
  "true_ash": 1.0,
  "true_ans": 0.5,
  "true_R": 2.5,
  "mu_hat": 1.1064709023182524,
  "beta_hat": 5.011476876737879,
  "Ksh_hat": 0.012317681856268928,
  "Kns_hat": 0.020251888835361467,
  "ash_hat": 2.25,
  "ans_hat": 1.856348459958522,
  "R_hat": 0.6082238529159434,
  "ll2": -83.82061081657632,
  "aic2": 179.64122163315264,
  "ll1": -83.86985023674902,
  "aic1": 175.73970047349803,
  "LR": 0.09847884034539334,
  "lrt_p": 0.9519531856162885,
  "R_lo": 0.10498982760485334,
  "R_hi": 86.2247393127947,
  "R_covered": true,
  "n_boot_ok": 38,
  "ks_p": 0.43368047587078806
}