{
  "rep": 178,
  "scenario": "B",
  "status": "ok",
  "n": 118,
  "n_sh": 94,
  "n_ns": 24,
  "true_mu": 1.0,
  "true_beta": 4.0,
  "true_Ksh": 0.15,
  "true_Kns": 0.06,
  "true_ash": 1.0,
  "true_ans": 0.5,
  "true_R": 2.5,
  "mu_hat": 1.0471730924695248,
  "beta_hat": 4.491565236805885,
  "Ksh_hat": 0.2030943527224337,
  "Kns_hat": 2.2578655611287342e-08,
  "ash_hat": 0.4933503013362606,
  "ans_hat": 0.0709992525570143,
  "R_hat": 8994971.012397407,
  "ll2": -80.90833786909562,
  "aic2": 173.81667573819124,
  "ll1": -82.24444941955437,
  "aic1": 172.48889883910874,
  "LR": 2.672223100917506,
  "lrt_p": 0.26286582437696504,
  "R_lo": 0.12875269420398833,
  "R_hi": 78.43466378843453,
  "R_covered": true,
  "n_boot_ok": 37,
  "ks_p": 0.9969132262606124
}