{
  "rep": 166,
  "scenario": "B",
  "status": "ok",
  "n": 117,
  "n_sh": 91,
  "n_ns": 26,
  "true_mu": 1.0,
  "true_beta": 4.0,
  "true_Ksh": 0.15,
  "true_Kns": 0.06,
  "true_ash": 1.0,
  "true_ans": 0.5,
  "true_R": 2.5,
  "mu_hat": 1.0197606305860738,
  "beta_hat": 3.414766880744779,
  "Ksh_hat": 0.10522033881948138,
  "Kns_hat": 1.597179525671299e-08,
  "ash_hat": 1.2870075677839428,
  "ans_hat": 0.02434582459667541,
  "R_hat": 6587884.2752668625,
  "ll2": -75.16525728446013,
  "aic2": 162.33051456892025,
  "ll1": -76.63779055731871,
  "aic1": 161.27558111463742,
  "LR": 2.945066545717168,
  "lrt_p": 0.2293437583431167,
  "R_lo": 0.16695114844980763,
  "R_hi": 350.28985068168134,
  "R_covered": true,
  "n_boot_ok": 40,
  "ks_p": 0.46410629010244064
}