{
  "rep": 8,
  "scenario": "B",
  "status": "ok",
  "n": 130,
  "n_sh": 96,
  "n_ns": 34,
  "true_mu": 1.0,
  "true_beta": 4.0,
  "true_Ksh": 0.15,
  "true_Kns": 0.06,
  "true_ash": 1.0,
  "true_ans": 0.5,
  "true_R": 2.5,
  "mu_hat": 0.9395104882872095,
  "beta_hat": 2.1499043428089415,
  "Ksh_hat": 0.26375291996187283,
  "Kns_hat": 0.14072603417740207,
  "ash_hat": 0.8454777778906716,
  "ans_hat": 1.814194581610245e-06,
  "R_hat": 1.8742297507608336,
  "ll2": -69.26647396421552,
  "aic2": 150.53294792843104,
  "ll1": -70.08698444488817,
  "aic1": 148.17396888977635,
  "LR": 1.6410209613453048,
  "lrt_p": 0.4402068800351425,
  "R_lo": 0.200445888509453,
  "R_hi": 1775.3708389706135,
  "R_covered": true,
  "n_boot_ok": 37,
  "ks_p": 0.7458982975884
}