{
  "rep": 76,
  "scenario": "B",
  "status": "ok",
  "n": 111,
  "n_sh": 86,
  "n_ns": 25,
  "true_mu": 1.0,
  "true_beta": 4.0,
  "true_Ksh": 0.15,
  "true_Kns": 0.06,
  "true_ash": 1.0,
  "true_ans": 0.5,
  "true_R": 2.5,
  "mu_hat": 1.0734560643985682,
  "beta_hat": 3.0305475958211967,
  "Ksh_hat": 0.14939058774529,
  "Kns_hat": 0.062342921877397615,
  "ash_hat": 1.0000000000000004e-06,
  "ans_hat": 1.0000000000000004e-06,
  "R_hat": 2.396271834019564,
  "ll2": -86.00703813638114,
  "aic2": 184.01407627276228,
  "ll1": -86.04160578153378,
  "aic1": 180.08321156306755,
  "LR": 0.06913529030526888,
  "lrt_p": 0.966022990703591,
  "R_lo": 0.0932335020413165,
  "R_hi": 46.03947440079383,
  "R_covered": true,
  "n_boot_ok": 37,
  "ks_p": 0.7700592504671728
}