{
  "rep": 145,
  "scenario": "B",
  "status": "ok",
  "n": 119,
  "n_sh": 86,
  "n_ns": 33,
  "true_mu": 1.0,
  "true_beta": 4.0,
  "true_Ksh": 0.15,
  "true_Kns": 0.06,
  "true_ash": 1.0,
  "true_ans": 0.5,
  "true_R": 2.5,
  "mu_hat": 0.911031277468916,
  "beta_hat": 3.9004773695962993,
  "Ksh_hat": 0.3295376695622751,
  "Kns_hat": 1.2631366067964266e-08,
  "ash_hat": 0.5191704468764394,
  "ans_hat": 0.012524060872530806,
  "R_hat": 26088838.514311623,
  "ll2": -71.03308827869589,
  "aic2": 154.06617655739177,
  "ll1": -75.38042522324602,
  "aic1": 158.76085044649204,
  "LR": 8.694673889100272,
  "lrt_p": 0.012941229945398036,
  "R_lo": 1.4188993942634776e-07,
  "R_hi": 24.699741955623367,
  "R_covered": true,
  "n_boot_ok": 38,
  "ks_p": 0.6404820642672067
}