{
  "rep": 150,
  "scenario": "B",
  "status": "ok",
  "n": 91,
  "n_sh": 62,
  "n_ns": 29,
  "true_mu": 1.0,
  "true_beta": 4.0,
  "true_Ksh": 0.15,
  "true_Kns": 0.06,
  "true_ash": 1.0,
  "true_ans": 0.5,
  "true_R": 2.5,
  "mu_hat": 0.7276088675961035,
  "beta_hat": 1.5838440765235517,
  "Ksh_hat": 0.28292338668526257,
  "Kns_hat": 0.01635049670894842,
  "ash_hat": 0.47440494599313626,
  "ans_hat": 2.25,
  "R_hat": 17.303656991070014,
  "ll2": -85.62421412215572,
  "aic2": 183.24842824431144,
  "ll1": -86.47723326498205,
  "aic1": 180.9544665299641,
  "LR": 1.706038285652653,
  "lrt_p": 0.42612645125542215,
  "R_lo": 0.18862463106204705,
  "R_hi": 19.160503720652297,
  "R_covered": true,
  "n_boot_ok": 35,
  "ks_p": 0.8674712295082536
}