{
  "rep": 123,
  "scenario": "B",
  "status": "ok",
  "n": 125,
  "n_sh": 88,
  "n_ns": 37,
  "true_mu": 1.0,
  "true_beta": 4.0,
  "true_Ksh": 0.15,
  "true_Kns": 0.06,
  "true_ash": 1.0,
  "true_ans": 0.5,
  "true_R": 2.5,
  "mu_hat": 1.3108628440031862,
  "beta_hat": 5.6838606105016485,
  "Ksh_hat": 0.04194201712037301,
  "Kns_hat": 0.002154577987458602,
  "ash_hat": 1.0503500081556374,
  "ans_hat": 0.035387362098202244,
  "R_hat": 19.46646506392885,
  "ll2": -82.61238139577537,
  "aic2": 177.22476279155075,
  "ll1": -82.94954023391767,
  "aic1": 173.89908046783535,
  "LR": 0.6743176762846019,
  "lrt_p": 0.7137954529541423,
  "R_lo": 0.2507015695949058,
  "R_hi": 9.845219850986417,
  "R_covered": true,
  "n_boot_ok": 43,
  "ks_p": 0.7680110294029688
}