{
  "rep": 124,
  "scenario": "B",
  "status": "ok",
  "n": 118,
  "n_sh": 88,
  "n_ns": 30,
  "true_mu": 1.0,
  "true_beta": 4.0,
  "true_Ksh": 0.15,
  "true_Kns": 0.06,
  "true_ash": 1.0,
  "true_ans": 0.5,
  "true_R": 2.5,
  "mu_hat": 1.1526248972982103,
  "beta_hat": 10.000000000000002,
  "Ksh_hat": 0.08597063089916589,
  "Kns_hat": 0.00892458902072184,
  "ash_hat": 1.0539534665920034,
  "ans_hat": 2.25,
  "R_hat": 9.633007267847546,
  "ll2": -81.84885956735985,
  "aic2": 175.6977191347197,
  "ll1": -82.56799770241295,
  "aic1": 173.1359954048259,
  "LR": 1.4382762701062006,
  "lrt_p": 0.48717195150166603,
  "R_lo": 0.14269392659803828,
  "R_hi": 78.9607097548989,
  "R_covered": true,
  "n_boot_ok": 37,
  "ks_p": 0.9083921304910435
}