{
  "rep": 141,
  "scenario": "B",
  "status": "ok",
  "n": 115,
  "n_sh": 80,
  "n_ns": 35,
  "true_mu": 1.0,
  "true_beta": 4.0,
  "true_Ksh": 0.15,
  "true_Kns": 0.06,
  "true_ash": 1.0,
  "true_ans": 0.5,
  "true_R": 2.5,
  "mu_hat": 0.7711641730605074,
  "beta_hat": 1.2398647749011593,
  "Ksh_hat": 0.20539732383651327,
  "Kns_hat": 1.3713939391094298e-07,
  "ash_hat": 2.0088738359192986,
  "ans_hat": 0.015673518791611173,
  "R_hat": 1497726.641331785,
  "ll2": -74.52136532030838,
  "aic2": 161.04273064061675,
  "ll1": -78.14648602255714,
  "aic1": 164.29297204511428,
  "LR": 7.25024140449753,
  "lrt_p": 0.026645880924497378,
  "R_lo": 0.2564167074717068,
  "R_hi": 37.40507936111666,
  "R_covered": true,
  "n_boot_ok": 37,
  "ks_p": 0.6981345587040422
}