{
  "rep": 128,
  "scenario": "B",
  "status": "ok",
  "n": 119,
  "n_sh": 97,
  "n_ns": 22,
  "true_mu": 1.0,
  "true_beta": 4.0,
  "true_Ksh": 0.15,
  "true_Kns": 0.06,
  "true_ash": 1.0,
  "true_ans": 0.5,
  "true_R": 2.5,
  "mu_hat": 1.0369708094889343,
  "beta_hat": 5.191581057882322,
  "Ksh_hat": 0.05016350307273241,
  "Kns_hat": 2.0997563929970413e-08,
  "ash_hat": 2.25,
  "ans_hat": 0.05275114925517407,
  "R_hat": 2389015.3753089723,
  "ll2": -69.75655823029072,
  "aic2": 151.51311646058144,
  "ll1": -70.56841354336595,
  "aic1": 149.1368270867319,
  "LR": 1.623710626150455,
  "lrt_p": 0.44403348040501367,
  "R_lo": 0.11288159031046323,
  "R_hi": 29.904947266904664,
  "R_covered": true,
  "n_boot_ok": 37,
  "ks_p": 0.7358106722014728
}