{
  "rep": 185,
  "scenario": "B",
  "status": "ok",
  "n": 101,
  "n_sh": 74,
  "n_ns": 27,
  "true_mu": 1.0,
  "true_beta": 4.0,
  "true_Ksh": 0.15,
  "true_Kns": 0.06,
  "true_ash": 1.0,
  "true_ans": 0.5,
  "true_R": 2.5,
  "mu_hat": 0.991526543552743,
  "beta_hat": 7.603658473772781,
  "Ksh_hat": 0.035559159504868355,
  "Kns_hat": 1.58272503712534e-08,
  "ash_hat": 1.961213931184196,
  "ans_hat": 0.0029813892668485386,
  "R_hat": 2246704.8078959743,
  "ll2": -79.95466481210536,
  "aic2": 171.90932962421073,
  "ll1": -80.72613023787068,
  "aic1": 169.45226047574135,
  "LR": 1.5429308515306275,
  "lrt_p": 0.46233505394244534,
  "R_lo": 0.10305640956420743,
  "R_hi": 35.162635808423616,
  "R_covered": true,
  "n_boot_ok": 38,
  "ks_p": 0.8220927546664998
}