{
  "rep": 3,
  "scenario": "B",
  "status": "ok",
  "n": 114,
  "n_sh": 79,
  "n_ns": 35,
  "true_mu": 1.0,
  "true_beta": 4.0,
  "true_Ksh": 0.15,
  "true_Kns": 0.06,
  "true_ash": 1.0,
  "true_ans": 0.5,
  "true_R": 2.5,
  "mu_hat": 0.9243215180507673,
  "beta_hat": 4.248241946557361,
  "Ksh_hat": 0.22172736215516345,
  "Kns_hat": 0.025335464205169193,
  "ash_hat": 0.7657934896526344,
  "ans_hat": 2.25,
  "R_hat": 8.751659743022369,
  "ll2": -77.11118060747762,
  "aic2": 166.22236121495524,
  "ll1": -78.10980591818246,
  "aic1": 164.21961183636492,
  "LR": 1.9972506214096768,
  "lrt_p": 0.3683855088643547,
  "R_lo": 0.162499058267461,
  "R_hi": 113.03030399624389,
  "R_covered": true,
  "n_boot_ok": 38,
  "ks_p": 0.458949683948898
}