{
  "rep": 6,
  "scenario": "B",
  "status": "ok",
  "n": 136,
  "n_sh": 111,
  "n_ns": 25,
  "true_mu": 1.0,
  "true_beta": 4.0,
  "true_Ksh": 0.15,
  "true_Kns": 0.06,
  "true_ash": 1.0,
  "true_ans": 0.5,
  "true_R": 2.5,
  "mu_hat": 1.1187501889990048,
  "beta_hat": 2.9185495410850155,
  "Ksh_hat": 0.09659680729886148,
  "Kns_hat": 9.999999999999982e-09,
  "ash_hat": 1.6085319212877105,
  "ans_hat": 0.0012125805299870811,
  "R_hat": 9659680.729886165,
  "ll2": -65.51202589339613,
  "aic2": 143.02405178679226,
  "ll1": -69.88375574833854,
  "aic1": 147.7675114966771,
  "LR": 8.743459709884831,
  "lrt_p": 0.012629374674845373,
  "R_lo": 0.027898624909661385,
  "R_hi": 125.45577335223103,
  "R_covered": true,
  "n_boot_ok": 38,
  "ks_p": 0.9325221914670748
}