{
  "rep": 10,
  "scenario": "B",
  "status": "ok",
  "n": 71,
  "n_sh": 55,
  "n_ns": 16,
  "true_mu": 1.0,
  "true_beta": 4.0,
  "true_Ksh": 0.15,
  "true_Kns": 0.06,
  "true_ash": 1.0,
  "true_ans": 0.5,
  "true_R": 2.5,
  "mu_hat": 0.644233403118128,
  "beta_hat": 3.1735461043994917,
  "Ksh_hat": 0.06916105860571696,
  "Kns_hat": 0.012870435770927406,
  "ash_hat": 1.2264614650357697,
  "ans_hat": 2.25,
  "R_hat": 5.37363767914856,
  "ll2": -82.80131630957985,
  "aic2": 177.6026326191597,
  "ll1": -83.23624797674893,
  "aic1": 174.47249595349786,
  "LR": 0.869863334338163,
  "lrt_p": 0.6473088980162851,
  "R_lo": 0.10883317820502217,
  "R_hi": 48.5351286861429,
  "R_covered": true,
  "n_boot_ok": 40,
  "ks_p": 0.4819136988270909
}