{
  "rep": 70,
  "scenario": "B",
  "status": "ok",
  "n": 124,
  "n_sh": 93,
  "n_ns": 31,
  "true_mu": 1.0,
  "true_beta": 4.0,
  "true_Ksh": 0.15,
  "true_Kns": 0.06,
  "true_ash": 1.0,
  "true_ans": 0.5,
  "true_R": 2.5,
  "mu_hat": 1.1081375449175865,
  "beta_hat": 6.740510058141776,
  "Ksh_hat": 0.19765567421271388,
  "Kns_hat": 0.05832245872338279,
  "ash_hat": 0.39283278125834425,
  "ans_hat": 3.75263314534163e-06,
  "R_hat": 3.3890147730254943,
  "ll2": -76.48582844587168,
  "aic2": 164.97165689174335,
  "ll1": -77.34497738859937,
  "aic1": 162.68995477719875,
  "LR": 1.7182978854553994,
  "lrt_p": 0.42352237077657706,
  "R_lo": 0.04668864771165289,
  "R_hi": 49.347420693782034,
  "R_covered": true,
  "n_boot_ok": 39,
  "ks_p": 0.9802577483045003
}