{
  "rep": 24,
  "scenario": "B",
  "status": "ok",
  "n": 122,
  "n_sh": 92,
  "n_ns": 30,
  "true_mu": 1.0,
  "true_beta": 4.0,
  "true_Ksh": 0.15,
  "true_Kns": 0.06,
  "true_ash": 1.0,
  "true_ans": 0.5,
  "true_R": 2.5,
  "mu_hat": 0.9382150690699255,
  "beta_hat": 5.103518999199227,
  "Ksh_hat": 0.11823320447861585,
  "Kns_hat": 0.460502383103425,
  "ash_hat": 1.0636554757666603,
  "ans_hat": 1.0000000000000004e-06,
  "R_hat": 0.25674830102249796,
  "ll2": -66.04975765587155,
  "aic2": 144.0995153117431,
  "ll1": -68.35033487484927,
  "aic1": 144.70066974969853,
  "LR": 4.601154437955444,
  "lrt_p": 0.1002009891145178,
  "R_lo": 0.0637289298024385,
  "R_hi": 34.46141450163926,
  "R_covered": true,
  "n_boot_ok": 36,
  "ks_p": 0.5188888543440319
}