{
  "rep": 42,
  "scenario": "B",
  "status": "ok",
  "n": 113,
  "n_sh": 87,
  "n_ns": 26,
  "true_mu": 1.0,
  "true_beta": 4.0,
  "true_Ksh": 0.15,
  "true_Kns": 0.06,
  "true_ash": 1.0,
  "true_ans": 0.5,
  "true_R": 2.5,
  "mu_hat": 0.92746469716953,
  "beta_hat": 3.598051637074193,
  "Ksh_hat": 0.08751025512424157,
  "Kns_hat": 0.010265981346344355,
  "ash_hat": 2.25,
  "ans_hat": 2.25,
  "R_hat": 8.524295162040536,
  "ll2": -69.54834507367067,
  "aic2": 151.09669014734135,
  "ll1": -71.45597537966893,
  "aic1": 150.91195075933786,
  "LR": 3.815260611996507,
  "lrt_p": 0.14843170789694216,
  "R_lo": 0.28031254529073213,
  "R_hi": 52.78484924959339,
  "R_covered": true,
  "n_boot_ok": 37,
  "ks_p": 0.41121773846963827
}