{
  "rep": 194,
  "scenario": "B",
  "status": "ok",
  "n": 112,
  "n_sh": 84,
  "n_ns": 28,
  "true_mu": 1.0,
  "true_beta": 4.0,
  "true_Ksh": 0.15,
  "true_Kns": 0.06,
  "true_ash": 1.0,
  "true_ans": 0.5,
  "true_R": 2.5,
  "mu_hat": 1.1327381915482044,
  "beta_hat": 10.000000000000002,
  "Ksh_hat": 0.08867923595677914,
  "Kns_hat": 0.0929798880191748,
  "ash_hat": 1.0000000000000004e-06,
  "ans_hat": 1.2744962517522835e-06,
  "R_hat": 0.9537464267379118,
  "ll2": -85.88319403593627,
  "aic2": 183.76638807187254,
  "ll1": -85.88346284662683,
  "aic1": 179.76692569325365,
  "LR": 0.0005376213811132402,
  "lrt_p": 0.9997312254358,
  "R_lo": 0.21136088743690595,
  "R_hi": 24.77113587544346,
  "R_covered": true,
  "n_boot_ok": 36,
  "ks_p": 0.9781605620209856
}