{
  "rep": 160,
  "scenario": "B",
  "status": "ok",
  "n": 100,
  "n_sh": 78,
  "n_ns": 22,
  "true_mu": 1.0,
  "true_beta": 4.0,
  "true_Ksh": 0.15,
  "true_Kns": 0.06,
  "true_ash": 1.0,
  "true_ans": 0.5,
  "true_R": 2.5,
  "mu_hat": 0.9739094765725766,
  "beta_hat": 10.000000000000002,
  "Ksh_hat": 0.041231491027172835,
  "Kns_hat": 0.1602366362630584,
  "ash_hat": 1.4306252248124538,
  "ans_hat": 0.5799686123713182,
  "R_hat": 0.2573162541897325,
  "ll2": -84.83802245561834,
  "aic2": 181.6760449112367,
  "ll1": -85.11875705963628,
  "aic1": 178.23751411927256,
  "LR": 0.5614692080358736,
  "lrt_p": 0.7552287435593614,
  "R_lo": 0.0573142097267704,
  "R_hi": 257.04538222328625,
  "R_covered": true,
  "n_boot_ok": 31,
  "ks_p": 0.9948977278346365
}