{
  "rep": 103,
  "scenario": "B",
  "status": "ok",
  "n": 117,
  "n_sh": 95,
  "n_ns": 22,
  "true_mu": 1.0,
  "true_beta": 4.0,
  "true_Ksh": 0.15,
  "true_Kns": 0.06,
  "true_ash": 1.0,
  "true_ans": 0.5,
  "true_R": 2.5,
  "mu_hat": 1.0990562390804632,
  "beta_hat": 10.000000000000002,
  "Ksh_hat": 0.14988765297610643,
  "Kns_hat": 6.135426378576258e-08,
  "ash_hat": 0.5222509905363081,
  "ans_hat": 0.1864058458337876,
  "R_hat": 2442986.7417118005,
  "ll2": -80.80494434244903,
  "aic2": 173.60988868489807,
  "ll1": -81.94248042999132,
  "aic1": 171.88496085998264,
  "LR": 2.275072175084574,
  "lrt_p": 0.32060799947516394,
  "R_lo": 0.17520347480757328,
  "R_hi": 266.2071939325352,
  "R_covered": true,
  "n_boot_ok": 39,
  "ks_p": 0.9955313859286063
}