{
  "rep": 13,
  "scenario": "B",
  "status": "ok",
  "n": 95,
  "n_sh": 66,
  "n_ns": 29,
  "true_mu": 1.0,
  "true_beta": 4.0,
  "true_Ksh": 0.15,
  "true_Kns": 0.06,
  "true_ash": 1.0,
  "true_ans": 0.5,
  "true_R": 2.5,
  "mu_hat": 0.8655785636878983,
  "beta_hat": 4.807942363164365,
  "Ksh_hat": 0.09439702754535828,
  "Kns_hat": 0.15307584236817148,
  "ash_hat": 1.1242701315974097,
  "ans_hat": 0.6873738404530751,
  "R_hat": 0.6166683526608894,
  "ll2": -85.1248461721165,
  "aic2": 182.249692344233,
  "ll1": -85.16110695931371,
  "aic1": 178.32221391862743,
  "LR": 0.07252157439441476,
  "lrt_p": 0.9643887604443959,
  "R_lo": 0.09651571236454945,
  "R_hi": 935.1077167823998,
  "R_covered": true,
  "n_boot_ok": 37,
  "ks_p": 0.66677282545286
}