{
  "rep": 17,
  "scenario": "B",
  "status": "ok",
  "n": 111,
  "n_sh": 86,
  "n_ns": 25,
  "true_mu": 1.0,
  "true_beta": 4.0,
  "true_Ksh": 0.15,
  "true_Kns": 0.06,
  "true_ash": 1.0,
  "true_ans": 0.5,
  "true_R": 2.5,
  "mu_hat": 1.0404080850880615,
  "beta_hat": 10.000000000000002,
  "Ksh_hat": 0.13220746179842177,
  "Kns_hat": 0.026804129295646996,
  "ash_hat": 0.7677228192516795,
  "ans_hat": 1.0000000000000004e-06,
  "R_hat": 4.932354277961655,
  "ll2": -80.80039916196787,
  "aic2": 173.60079832393575,
  "ll1": -81.82023966935675,
  "aic1": 171.6404793387135,
  "LR": 2.0396810147777558,
  "lrt_p": 0.36065245698827564,
  "R_lo": 5.496166946155469e-07,
  "R_hi": 102.32526512899673,
  "R_covered": true,
  "n_boot_ok": 38,
  "ks_p": 0.6112192490004251
}