{
  "rep": 108,
  "scenario": "B",
  "status": "ok",
  "n": 96,
  "n_sh": 73,
  "n_ns": 23,
  "true_mu": 1.0,
  "true_beta": 4.0,
  "true_Ksh": 0.15,
  "true_Kns": 0.06,
  "true_ash": 1.0,
  "true_ans": 0.5,
  "true_R": 2.5,
  "mu_hat": 0.7265012839692836,
  "beta_hat": 0.21278018722667608,
  "Ksh_hat": 0.09316743698824072,
  "Kns_hat": 0.061543523183159324,
  "ash_hat": 2.25,
  "ans_hat": 1.771540281417148,
  "R_hat": 1.5138463345844801,
  "ll2": -88.34193532943787,
  "aic2": 188.68387065887575,
  "ll1": -88.72491476123584,
  "aic1": 185.44982952247167,
  "LR": 0.7659588635959267,
  "lrt_p": 0.6818269230956762,
  "R_lo": 0.15192006481629156,
  "R_hi": 227.42791328177492,
  "R_covered": true,
  "n_boot_ok": 41,
  "ks_p": 0.9638659518623075
}