{
  "rep": 84,
  "scenario": "B",
  "status": "ok",
  "n": 90,
  "n_sh": 65,
  "n_ns": 25,
  "true_mu": 1.0,
  "true_beta": 4.0,
  "true_Ksh": 0.15,
  "true_Kns": 0.06,
  "true_ash": 1.0,
  "true_ans": 0.5,
  "true_R": 2.5,
  "mu_hat": 0.7889389629780861,
  "beta_hat": 5.991896375024298,
  "Ksh_hat": 0.2800788673244523,
  "Kns_hat": 0.03174311587131087,
  "ash_hat": 1.0000000000000004e-06,
  "ans_hat": 1.0000000000000004e-06,
  "R_hat": 8.823294740816069,
  "ll2": -83.23630760878751,
  "aic2": 178.47261521757503,
  "ll1": -84.33370138037338,
  "aic1": 176.66740276074677,
  "LR": 2.194787543171742,
  "lrt_p": 0.33373975325860317,
  "R_lo": 0.008710891736385364,
  "R_hi": 508.1235876938723,
  "R_covered": true,
  "n_boot_ok": 37,
  "ks_p": 0.5687175685436038
}