{
  "rep": 59,
  "scenario": "B",
  "status": "ok",
  "n": 126,
  "n_sh": 93,
  "n_ns": 33,
  "true_mu": 1.0,
  "true_beta": 4.0,
  "true_Ksh": 0.15,
  "true_Kns": 0.06,
  "true_ash": 1.0,
  "true_ans": 0.5,
  "true_R": 2.5,
  "mu_hat": 0.9101782757485691,
  "beta_hat": 1.0512993837381912,
  "Ksh_hat": 0.24807400833394472,
  "Kns_hat": 0.05107746748804891,
  "ash_hat": 0.846052381183717,
  "ans_hat": 2.25,
  "R_hat": 4.856818877952182,
  "ll2": -77.93756255363847,
  "aic2": 167.87512510727694,
  "ll1": -78.23943202805052,
  "aic1": 164.47886405610103,
  "LR": 0.6037389488240876,
  "lrt_p": 0.7394345737234491,
  "R_lo": 0.14577868046649436,
  "R_hi": 57.810533969513706,
  "R_covered": true,
  "n_boot_ok": 36,
  "ks_p": 0.7239604331954773
}