{
  "rep": 113,
  "scenario": "B",
  "status": "ok",
  "n": 127,
  "n_sh": 102,
  "n_ns": 25,
  "true_mu": 1.0,
  "true_beta": 4.0,
  "true_Ksh": 0.15,
  "true_Kns": 0.06,
  "true_ash": 1.0,
  "true_ans": 0.5,
  "true_R": 2.5,
  "mu_hat": 1.1031099393344241,
  "beta_hat": 9.192048029400532,
  "Ksh_hat": 0.13679638113229844,
  "Kns_hat": 0.11239129000691987,
  "ash_hat": 0.7880460976090922,
  "ans_hat": 1.9245249056474811,
  "R_hat": 1.2171439719561539,
  "ll2": -73.33165486252506,
  "aic2": 158.6633097250501,
  "ll1": -73.58421203970806,
  "aic1": 155.16842407941613,
  "LR": 0.5051143543660146,
  "lrt_p": 0.7768117956592981,
  "R_lo": 0.07172888361580226,
  "R_hi": 79.37347195191508,
  "R_covered": true,
  "n_boot_ok": 42,
  "ks_p": 0.6724666792752418
}