{
  "rep": 153,
  "scenario": "B",
  "status": "ok",
  "n": 102,
  "n_sh": 80,
  "n_ns": 22,
  "true_mu": 1.0,
  "true_beta": 4.0,
  "true_Ksh": 0.15,
  "true_Kns": 0.06,
  "true_ash": 1.0,
  "true_ans": 0.5,
  "true_R": 2.5,
  "mu_hat": 0.9245034029275296,
  "beta_hat": 4.563047103084456,
  "Ksh_hat": 0.11480114474705289,
  "Kns_hat": 0.15564090395554855,
  "ash_hat": 0.9192197498911979,
  "ans_hat": 1.0000000000000004e-06,
  "R_hat": 0.737602659901284,
  "ll2": -85.61498429832758,
  "aic2": 183.22996859665517,
  "ll1": -86.01694823721371,
  "aic1": 180.03389647442742,
  "LR": 0.8039278777722529,
  "lrt_p": 0.6690048703161742,
  "R_lo": 0.08468494980161663,
  "R_hi": 359.2476908065303,
  "R_covered": true,
  "n_boot_ok": 43,
  "ks_p": 0.7121179501495463
}