{
  "rep": 61,
  "scenario": "B",
  "status": "ok",
  "n": 122,
  "n_sh": 90,
  "n_ns": 32,
  "true_mu": 1.0,
  "true_beta": 4.0,
  "true_Ksh": 0.15,
  "true_Kns": 0.06,
  "true_ash": 1.0,
  "true_ans": 0.5,
  "true_R": 2.5,
  "mu_hat": 1.1496743036280135,
  "beta_hat": 10.000000000000002,
  "Ksh_hat": 0.2058809848002875,
  "Kns_hat": 9.999999999999982e-09,
  "ash_hat": 1.0000000000000004e-06,
  "ans_hat": 0.22743282492416844,
  "R_hat": 20588098.480028786,
  "ll2": -78.36720577109651,
  "aic2": 168.73441154219302,
  "ll1": -79.67422341882586,
  "aic1": 167.34844683765172,
  "LR": 2.614035295458706,
  "lrt_p": 0.27062595598342654,
  "R_lo": 0.07653400719107209,
  "R_hi": 46.433902317843305,
  "R_covered": true,
  "n_boot_ok": 39,
  "ks_p": 0.7989306200432853
}