{
  "rep": 179,
  "scenario": "B",
  "status": "ok",
  "n": 132,
  "n_sh": 99,
  "n_ns": 33,
  "true_mu": 1.0,
  "true_beta": 4.0,
  "true_Ksh": 0.15,
  "true_Kns": 0.06,
  "true_ash": 1.0,
  "true_ans": 0.5,
  "true_R": 2.5,
  "mu_hat": 1.0862497339020856,
  "beta_hat": 5.770540247714855,
  "Ksh_hat": 0.1592952568943997,
  "Kns_hat": 9.999999999999982e-09,
  "ash_hat": 1.1778199087613341,
  "ans_hat": 0.00779181736566959,
  "R_hat": 15929525.689439997,
  "ll2": -64.07873642361325,
  "aic2": 140.1574728472265,
  "ll1": -68.05366702955857,
  "aic1": 144.10733405911714,
  "LR": 7.949861211890635,
  "lrt_p": 0.01878060471177645,
  "R_lo": 0.35911300357300646,
  "R_hi": 2576.5122123344977,
  "R_covered": true,
  "n_boot_ok": 30,
  "ks_p": 0.7666878340405594
}