{
  "rep": 165,
  "scenario": "B",
  "status": "ok",
  "n": 105,
  "n_sh": 84,
  "n_ns": 21,
  "true_mu": 1.0,
  "true_beta": 4.0,
  "true_Ksh": 0.15,
  "true_Kns": 0.06,
  "true_ash": 1.0,
  "true_ans": 0.5,
  "true_R": 2.5,
  "mu_hat": 0.9679264616368931,
  "beta_hat": 3.618263671589302,
  "Ksh_hat": 0.05167681723597414,
  "Kns_hat": 0.25827985001412823,
  "ash_hat": 1.8234002800673887,
  "ans_hat": 1.0000000000000004e-06,
  "R_hat": 0.20008071567777105,
  "ll2": -84.16053384973829,
  "aic2": 180.32106769947657,
  "ll1": -84.83716813469673,
  "aic1": 177.67433626939345,
  "LR": 1.353268569916878,
  "lrt_p": 0.5083249935073135,
  "R_lo": 9.129898154870078e-05,
  "R_hi": 17.17678324450538,
  "R_covered": true,
  "n_boot_ok": 33,
  "ks_p": 0.6355013260763982
}