{
  "rep": 30,
  "scenario": "B",
  "status": "ok",
  "n": 96,
  "n_sh": 71,
  "n_ns": 25,
  "true_mu": 1.0,
  "true_beta": 4.0,
  "true_Ksh": 0.15,
  "true_Kns": 0.06,
  "true_ash": 1.0,
  "true_ans": 0.5,
  "true_R": 2.5,
  "mu_hat": 0.6278134612556338,
  "beta_hat": 1.1687870203372497,
  "Ksh_hat": 0.40504484737821245,
  "Kns_hat": 0.18852004911279224,
  "ash_hat": 0.4894869681115377,
  "ans_hat": 1.0000000000000004e-06,
  "R_hat": 2.148550508470707,
  "ll2": -82.18880655802388,
  "aic2": 176.37761311604777,
  "ll1": -82.48090676001131,
  "aic1": 172.96181352002262,
  "LR": 0.5842004039748474,
  "lrt_p": 0.7466937120307237,
  "R_lo": 0.21422826845950244,
  "R_hi": 22.710265521374414,
  "R_covered": true,
  "n_boot_ok": 40,
  "ks_p": 0.6787762371553602
}