{
  "rep": 172,
  "scenario": "B",
  "status": "ok",
  "n": 106,
  "n_sh": 81,
  "n_ns": 25,
  "true_mu": 1.0,
  "true_beta": 4.0,
  "true_Ksh": 0.15,
  "true_Kns": 0.06,
  "true_ash": 1.0,
  "true_ans": 0.5,
  "true_R": 2.5,
  "mu_hat": 0.8359569377608332,
  "beta_hat": 3.8311756093811873,
  "Ksh_hat": 0.31122386809174263,
  "Kns_hat": 2.7899726588838767e-08,
  "ash_hat": 0.38540037021212314,
  "ans_hat": 0.0459857237876519,
  "R_hat": 11155086.667273907,
  "ll2": -80.17325832172335,
  "aic2": 172.3465166434467,
  "ll1": -82.71594253962722,
  "aic1": 173.43188507925444,
  "LR": 5.085368435807737,
  "lrt_p": 0.07865498905152368,
  "R_lo": 0.03895061774918053,
  "R_hi": 696.6969992760565,
  "R_covered": true,
  "n_boot_ok": 38,
  "ks_p": 0.6955334947950899
}