{
  "rep": 199,
  "scenario": "B",
  "status": "ok",
  "n": 103,
  "n_sh": 82,
  "n_ns": 21,
  "true_mu": 1.0,
  "true_beta": 4.0,
  "true_Ksh": 0.15,
  "true_Kns": 0.06,
  "true_ash": 1.0,
  "true_ans": 0.5,
  "true_R": 2.5,
  "mu_hat": 0.8608952305935031,
  "beta_hat": 4.555513388669472,
  "Ksh_hat": 0.17171459491018617,
  "Kns_hat": 1.1604983029550963e-07,
  "ash_hat": 0.9476727902225137,
  "ans_hat": 0.04440576347454694,
  "R_hat": 1479662.6110777727,
  "ll2": -79.7343437366056,
  "aic2": 171.4686874732112,
  "ll1": -80.68057697748335,
  "aic1": 169.3611539549667,
  "LR": 1.8924664817555197,
  "lrt_p": 0.38820053081319017,
  "R_lo": 0.26267789033614486,
  "R_hi": 76.62061299625098,
  "R_covered": true,
  "n_boot_ok": 40,
  "ks_p": 0.9635668227940294
}