{
  "rep": 23,
  "scenario": "B",
  "status": "ok",
  "n": 118,
  "n_sh": 96,
  "n_ns": 22,
  "true_mu": 1.0,
  "true_beta": 4.0,
  "true_Ksh": 0.15,
  "true_Kns": 0.06,
  "true_ash": 1.0,
  "true_ans": 0.5,
  "true_R": 2.5,
  "mu_hat": 1.062137556682464,
  "beta_hat": 5.1294112059901416,
  "Ksh_hat": 0.07231799648224271,
  "Kns_hat": 0.06371679344900896,
  "ash_hat": 1.6181170903458917,
  "ans_hat": 0.7600158403301103,
  "R_hat": 1.134991147037509,
  "ll2": -75.8288362054479,
  "aic2": 163.6576724108958,
  "ll1": -76.84831265378332,
  "aic1": 161.69662530756665,
  "LR": 2.0389528966708497,
  "lrt_p": 0.3607837796835497,
  "R_lo": 6.313331728257334e-08,
  "R_hi": 33.08774369534038,
  "R_covered": true,
  "n_boot_ok": 39,
  "ks_p": 0.9516220072488707
}