{
  "rep": 62,
  "scenario": "B",
  "status": "ok",
  "n": 102,
  "n_sh": 81,
  "n_ns": 21,
  "true_mu": 1.0,
  "true_beta": 4.0,
  "true_Ksh": 0.15,
  "true_Kns": 0.06,
  "true_ash": 1.0,
  "true_ans": 0.5,
  "true_R": 2.5,
  "mu_hat": 0.95415808332133,
  "beta_hat": 7.06504428185792,
  "Ksh_hat": 0.07656108402060345,
  "Kns_hat": 9.999999999999982e-09,
  "ash_hat": 2.25,
  "ans_hat": 0.07633203423594852,
  "R_hat": 7656108.402060359,
  "ll2": -80.81171957232033,
  "aic2": 173.62343914464066,
  "ll1": -85.16853765850732,
  "aic1": 178.33707531701464,
  "LR": 8.713636172373981,
  "lrt_p": 0.012819112134246136,
  "R_lo": 0.01561534022613266,
  "R_hi": 188.9541973988932,
  "R_covered": true,
  "n_boot_ok": 44,
  "ks_p": 0.8021144383637675
}