{
  "rep": 83,
  "scenario": "B",
  "status": "ok",
  "n": 123,
  "n_sh": 94,
  "n_ns": 29,
  "true_mu": 1.0,
  "true_beta": 4.0,
  "true_Ksh": 0.15,
  "true_Kns": 0.06,
  "true_ash": 1.0,
  "true_ans": 0.5,
  "true_R": 2.5,
  "mu_hat": 1.239686207374302,
  "beta_hat": 10.000000000000002,
  "Ksh_hat": 0.0478251517868606,
  "Kns_hat": 0.0017450529597642895,
  "ash_hat": 1.4279770007328059,
  "ans_hat": 2.25,
  "R_hat": 27.406132014079684,
  "ll2": -79.72466619251136,
  "aic2": 171.44933238502273,
  "ll1": -80.35364415638252,
  "aic1": 168.70728831276503,
  "LR": 1.2579559277423016,
  "lrt_p": 0.5331364073257159,
  "R_lo": 0.12271713583909104,
  "R_hi": 49.40088547441495,
  "R_covered": true,
  "n_boot_ok": 34,
  "ks_p": 0.7858228020221452
}