{
  "rep": 67,
  "scenario": "B",
  "status": "ok",
  "n": 122,
  "n_sh": 93,
  "n_ns": 29,
  "true_mu": 1.0,
  "true_beta": 4.0,
  "true_Ksh": 0.15,
  "true_Kns": 0.06,
  "true_ash": 1.0,
  "true_ans": 0.5,
  "true_R": 2.5,
  "mu_hat": 1.195489250143722,
  "beta_hat": 10.000000000000002,
  "Ksh_hat": 0.07883645590894164,
  "Kns_hat": 6.060275804893263e-08,
  "ash_hat": 1.0965415731570913,
  "ans_hat": 0.0011503468653319183,
  "R_hat": 1300872.4098874598,
  "ll2": -79.44972150688963,
  "aic2": 170.89944301377926,
  "ll1": -80.79651986555353,
  "aic1": 169.59303973110707,
  "LR": 2.6935967173278073,
  "lrt_p": 0.2600715850715536,
  "R_lo": 0.13939018679909876,
  "R_hi": 13.687204765743694,
  "R_covered": true,
  "n_boot_ok": 43,
  "ks_p": 0.722149269482264
}