{
  "rep": 71,
  "scenario": "B",
  "status": "ok",
  "n": 105,
  "n_sh": 82,
  "n_ns": 23,
  "true_mu": 1.0,
  "true_beta": 4.0,
  "true_Ksh": 0.15,
  "true_Kns": 0.06,
  "true_ash": 1.0,
  "true_ans": 0.5,
  "true_R": 2.5,
  "mu_hat": 0.9792166680976478,
  "beta_hat": 7.019092072637281,
  "Ksh_hat": 0.09216479993312296,
  "Kns_hat": 3.685207078186984e-08,
  "ash_hat": 1.2056898292955156,
  "ans_hat": 0.0007309953143891052,
  "R_hat": 2500939.512426677,
  "ll2": -79.1320223484089,
  "aic2": 170.2640446968178,
  "ll1": -81.27421530764995,
  "aic1": 170.5484306152999,
  "LR": 4.284385918482116,
  "lrt_p": 0.11739711344503456,
  "R_lo": 0.07067893277402428,
  "R_hi": 27.753164710326963,
  "R_covered": true,
  "n_boot_ok": 38,
  "ks_p": 0.6504431138676285
}