{
  "rep": 119,
  "scenario": "B",
  "status": "ok",
  "n": 104,
  "n_sh": 79,
  "n_ns": 25,
  "true_mu": 1.0,
  "true_beta": 4.0,
  "true_Ksh": 0.15,
  "true_Kns": 0.06,
  "true_ash": 1.0,
  "true_ans": 0.5,
  "true_R": 2.5,
  "mu_hat": 1.0131012649413533,
  "beta_hat": 10.000000000000002,
  "Ksh_hat": 0.13632142389322496,
  "Kns_hat": 0.0360484811180776,
  "ash_hat": 1.0000000000000004e-06,
  "ans_hat": 1.8284932056308374,
  "R_hat": 3.7816135289223736,
  "ll2": -85.76311800446224,
  "aic2": 183.52623600892449,
  "ll1": -86.03950072538842,
  "aic1": 180.07900145077684,
  "LR": 0.5527654418523582,
  "lrt_p": 0.7585225727401733,
  "R_lo": 0.08013044758362532,
  "R_hi": 46.282233769394544,
  "R_covered": true,
  "n_boot_ok": 35,
  "ks_p": 0.9707634494561624
}