{
  "rep": 143,
  "scenario": "B",
  "status": "ok",
  "n": 114,
  "n_sh": 84,
  "n_ns": 30,
  "true_mu": 1.0,
  "true_beta": 4.0,
  "true_Ksh": 0.15,
  "true_Kns": 0.06,
  "true_ash": 1.0,
  "true_ans": 0.5,
  "true_R": 2.5,
  "mu_hat": 0.840742350792734,
  "beta_hat": 4.66895615111793,
  "Ksh_hat": 0.2406785442296038,
  "Kns_hat": 0.0909669509313436,
  "ash_hat": 1.107300248245794,
  "ans_hat": 1.3393832315693706,
  "R_hat": 2.6457800527056636,
  "ll2": -72.97007207154404,
  "aic2": 157.94014414308808,
  "ll1": -73.58937827629723,
  "aic1": 155.17875655259445,
  "LR": 1.2386124095063735,
  "lrt_p": 0.5383177903887482,
  "R_lo": 0.0222232982445533,
  "R_hi": 38.248768269550155,
  "R_covered": true,
  "n_boot_ok": 41,
  "ks_p": 0.8296184008635591
}