{
  "rep": 22,
  "scenario": "B",
  "status": "ok",
  "n": 142,
  "n_sh": 103,
  "n_ns": 39,
  "true_mu": 1.0,
  "true_beta": 4.0,
  "true_Ksh": 0.15,
  "true_Kns": 0.06,
  "true_ash": 1.0,
  "true_ans": 0.5,
  "true_R": 2.5,
  "mu_hat": 1.072473303546959,
  "beta_hat": 3.9850859641238636,
  "Ksh_hat": 0.16259962729601907,
  "Kns_hat": 0.18947750388505774,
  "ash_hat": 0.9495285395207274,
  "ans_hat": 0.5572819909661149,
  "R_hat": 0.8581473998868829,
  "ll2": -61.30887891290851,
  "aic2": 134.61775782581702,
  "ll1": -61.377323480384604,
  "aic1": 130.7546469607692,
  "LR": 0.13688913495218458,
  "lrt_p": 0.9338452240665152,
  "R_lo": 0.055079508762467304,
  "R_hi": 46.497386484693706,
  "R_covered": true,
  "n_boot_ok": 36,
  "ks_p": 0.8790744550310331
}