{
  "rep": 63,
  "scenario": "B",
  "status": "ok",
  "n": 138,
  "n_sh": 103,
  "n_ns": 35,
  "true_mu": 1.0,
  "true_beta": 4.0,
  "true_Ksh": 0.15,
  "true_Kns": 0.06,
  "true_ash": 1.0,
  "true_ans": 0.5,
  "true_R": 2.5,
  "mu_hat": 1.0017219008058467,
  "beta_hat": 2.2417427764967934,
  "Ksh_hat": 0.34200625278270697,
  "Kns_hat": 0.0029301705531132446,
  "ash_hat": 0.536352992399378,
  "ans_hat": 2.25,
  "R_hat": 116.71888942414377,
  "ll2": -69.5596748595484,
  "aic2": 151.1193497190968,
  "ll1": -71.20460883430584,
  "aic1": 150.4092176686117,
  "LR": 3.2898679495148997,
  "lrt_p": 0.1930253069157476,
  "R_lo": 0.11803347704823455,
  "R_hi": 193.31094368477758,
  "R_covered": true,
  "n_boot_ok": 38,
  "ks_p": 0.47734915731337885
}