{
  "rep": 161,
  "scenario": "B",
  "status": "ok",
  "n": 103,
  "n_sh": 85,
  "n_ns": 18,
  "true_mu": 1.0,
  "true_beta": 4.0,
  "true_Ksh": 0.15,
  "true_Kns": 0.06,
  "true_ash": 1.0,
  "true_ans": 0.5,
  "true_R": 2.5,
  "mu_hat": 0.8885488213545784,
  "beta_hat": 3.9995829774671936,
  "Ksh_hat": 0.16289917395347722,
  "Kns_hat": 1.5359118029060822e-07,
  "ash_hat": 0.97182182353788,
  "ans_hat": 0.01177779133387891,
  "R_hat": 1060602.396864569,
  "ll2": -82.31188238118173,
  "aic2": 176.62376476236346,
  "ll1": -83.71120112375533,
  "aic1": 175.42240224751066,
  "LR": 2.7986374851471965,
  "lrt_p": 0.2467650171918826,
  "R_lo": 0.13170588573613098,
  "R_hi": 1962.211825639625,
  "R_covered": true,
  "n_boot_ok": 36,
  "ks_p": 0.9922172440829751
}