{
  "rep": 95,
  "scenario": "B",
  "status": "ok",
  "n": 131,
  "n_sh": 99,
  "n_ns": 32,
  "true_mu": 1.0,
  "true_beta": 4.0,
  "true_Ksh": 0.15,
  "true_Kns": 0.06,
  "true_ash": 1.0,
  "true_ans": 0.5,
  "true_R": 2.5,
  "mu_hat": 1.3574038090039207,
  "beta_hat": 10.000000000000002,
  "Ksh_hat": 0.04651393587014952,
  "Kns_hat": 0.008819002902357428,
  "ash_hat": 0.8018921416767304,
  "ans_hat": 2.25,
  "R_hat": 5.274285130092856,
  "ll2": -80.09452029624435,
  "aic2": 172.1890405924887,
  "ll1": -80.3961627387325,
  "aic1": 168.792325477465,
  "LR": 0.60328488497629,
  "lrt_p": 0.7396024680352821,
  "R_lo": 0.06326670587415653,
  "R_hi": 110.94288877649456,
  "R_covered": true,
  "n_boot_ok": 36,
  "ks_p": 0.8533788280239463
}