{
  "rep": 104,
  "scenario": "B",
  "status": "ok",
  "n": 128,
  "n_sh": 94,
  "n_ns": 34,
  "true_mu": 1.0,
  "true_beta": 4.0,
  "true_Ksh": 0.15,
  "true_Kns": 0.06,
  "true_ash": 1.0,
  "true_ans": 0.5,
  "true_R": 2.5,
  "mu_hat": 1.2459055999292534,
  "beta_hat": 10.000000000000002,
  "Ksh_hat": 0.03312228822506195,
  "Kns_hat": 0.16092064968945904,
  "ash_hat": 1.4565345098209772,
  "ans_hat": 0.001623720517183971,
  "R_hat": 0.20582994344716216,
  "ll2": -74.64943686866351,
  "aic2": 161.29887373732703,
  "ll1": -75.23759687782544,
  "aic1": 158.47519375565088,
  "LR": 1.1763200183238496,
  "lrt_p": 0.5553481807913834,
  "R_lo": 0.15375100745512954,
  "R_hi": 35.79989265365338,
  "R_covered": true,
  "n_boot_ok": 44,
  "ks_p": 0.6333978830067211
}