{
  "rep": 52,
  "scenario": "B",
  "status": "ok",
  "n": 99,
  "n_sh": 79,
  "n_ns": 20,
  "true_mu": 1.0,
  "true_beta": 4.0,
  "true_Ksh": 0.15,
  "true_Kns": 0.06,
  "true_ash": 1.0,
  "true_ans": 0.5,
  "true_R": 2.5,
  "mu_hat": 0.8913678004620236,
  "beta_hat": 3.208859210615456,
  "Ksh_hat": 0.045010677921091105,
  "Kns_hat": 1.5663985091647535e-08,
  "ash_hat": 2.195535098865052,
  "ans_hat": 0.010686724320718804,
  "R_hat": 2873513.8381287167,
  "ll2": -80.89695632884884,
  "aic2": 173.7939126576977,
  "ll1": -82.1647429831215,
  "aic1": 172.329485966243,
  "LR": 2.5355733085453096,
  "lrt_p": 0.28145388763925383,
  "R_lo": 0.2913145299720005,
  "R_hi": 25.761007239280538,
  "R_covered": true,
  "n_boot_ok": 37,
  "ks_p": 0.7223503618055402
}