{
  "rep": 180,
  "scenario": "B",
  "status": "ok",
  "n": 102,
  "n_sh": 84,
  "n_ns": 18,
  "true_mu": 1.0,
  "true_beta": 4.0,
  "true_Ksh": 0.15,
  "true_Kns": 0.06,
  "true_ash": 1.0,
  "true_ans": 0.5,
  "true_R": 2.5,
  "mu_hat": 0.9572578810268403,
  "beta_hat": 3.1799326553086216,
  "Ksh_hat": 0.047497118139680466,
  "Kns_hat": 0.043287838225779765,
  "ash_hat": 1.7049499136420971,
  "ans_hat": 5.240453944926492e-06,
  "R_hat": 1.0972393190887941,
  "ll2": -82.95026518570926,
  "aic2": 177.9005303714185,
  "ll1": -84.00301133198346,
  "aic1": 176.00602266396692,
  "LR": 2.105492292548405,
  "lrt_p": 0.3489780871543776,
  "R_lo": 0.11106418197637218,
  "R_hi": 49.07491881507292,
  "R_covered": true,
  "n_boot_ok": 40,
  "ks_p": 0.7814532171765641
}