{
  "rep": 182,
  "scenario": "B",
  "status": "ok",
  "n": 98,
  "n_sh": 67,
  "n_ns": 31,
  "true_mu": 1.0,
  "true_beta": 4.0,
  "true_Ksh": 0.15,
  "true_Kns": 0.06,
  "true_ash": 1.0,
  "true_ans": 0.5,
  "true_R": 2.5,
  "mu_hat": 0.9777100115890023,
  "beta_hat": 10.000000000000002,
  "Ksh_hat": 0.01264891385305335,
  "Kns_hat": 0.138704650202649,
  "ash_hat": 2.25,
  "ans_hat": 1.0000000000000004e-06,
  "R_hat": 0.09119314914513067,
  "ll2": -84.58147996012079,
  "aic2": 181.16295992024158,
  "ll1": -86.2733458875982,
  "aic1": 180.5466917751964,
  "LR": 3.383731854954817,
  "lrt_p": 0.18417554496281663,
  "R_lo": 0.05108486883550637,
  "R_hi": 25.445823520211945,
  "R_covered": true,
  "n_boot_ok": 38,
  "ks_p": 0.8247826480113291
}