{
  "rep": 106,
  "scenario": "B",
  "status": "ok",
  "n": 105,
  "n_sh": 75,
  "n_ns": 30,
  "true_mu": 1.0,
  "true_beta": 4.0,
  "true_Ksh": 0.15,
  "true_Kns": 0.06,
  "true_ash": 1.0,
  "true_ans": 0.5,
  "true_R": 2.5,
  "mu_hat": 0.883163738481489,
  "beta_hat": 4.445744203641659,
  "Ksh_hat": 0.1514372439124773,
  "Kns_hat": 0.13758423694487565,
  "ash_hat": 1.1811941762192455,
  "ans_hat": 1.0000000809496898e-06,
  "R_hat": 1.100687457191422,
  "ll2": -80.08502203624258,
  "aic2": 172.17004407248515,
  "ll1": -80.6822553980052,
  "aic1": 169.3645107960104,
  "LR": 1.1944667235252382,
  "lrt_p": 0.5503321016708255,
  "R_lo": 0.05043663578885721,
  "R_hi": 18.072745810666436,
  "R_covered": true,
  "n_boot_ok": 36,
  "ks_p": 0.736187051973713
}