{
  "rep": 19,
  "scenario": "B",
  "status": "ok",
  "n": 121,
  "n_sh": 91,
  "n_ns": 30,
  "true_mu": 1.0,
  "true_beta": 4.0,
  "true_Ksh": 0.15,
  "true_Kns": 0.06,
  "true_ash": 1.0,
  "true_ans": 0.5,
  "true_R": 2.5,
  "mu_hat": 1.0133128656035084,
  "beta_hat": 5.632809689488929,
  "Ksh_hat": 0.10822026411750374,
  "Kns_hat": 0.09029580733222298,
  "ash_hat": 1.5116755514414923,
  "ans_hat": 1.891727561430815e-05,
  "R_hat": 1.198508184542077,
  "ll2": -70.55971755785127,
  "aic2": 153.11943511570254,
  "ll1": -71.81138960354986,
  "aic1": 151.6227792070997,
  "LR": 2.5033440913971674,
  "lrt_p": 0.2860261480198584,
  "R_lo": 0.054303556383713814,
  "R_hi": 26.666600311966103,
  "R_covered": true,
  "n_boot_ok": 40,
  "ks_p": 0.9890129541189582
}