{
  "rep": 5,
  "scenario": "B",
  "status": "ok",
  "n": 97,
  "n_sh": 72,
  "n_ns": 25,
  "true_mu": 1.0,
  "true_beta": 4.0,
  "true_Ksh": 0.15,
  "true_Kns": 0.06,
  "true_ash": 1.0,
  "true_ans": 0.5,
  "true_R": 2.5,
  "mu_hat": 0.8242939327422514,
  "beta_hat": 3.3296996626281694,
  "Ksh_hat": 0.10643706765041813,
  "Kns_hat": 0.17658770164558873,
  "ash_hat": 1.4420013975335457,
  "ans_hat": 4.1299795491035766e-06,
  "R_hat": 0.6027433771352728,
  "ll2": -82.1796670197046,
  "aic2": 176.3593340394092,
  "ll1": -82.33984178611159,
  "aic1": 172.67968357222318,
  "LR": 0.32034953281399225,
  "lrt_p": 0.851994875870852,
  "R_lo": 0.09962358639537276,
  "R_hi": 498.79218109567296,
  "R_covered": true,
  "n_boot_ok": 38,
  "ks_p": 0.8970115741643672
}