{
  "rep": 114,
  "scenario": "B",
  "status": "ok",
  "n": 131,
  "n_sh": 96,
  "n_ns": 35,
  "true_mu": 1.0,
  "true_beta": 4.0,
  "true_Ksh": 0.15,
  "true_Kns": 0.06,
  "true_ash": 1.0,
  "true_ans": 0.5,
  "true_R": 2.5,
  "mu_hat": 1.366292665472765,
  "beta_hat": 3.3394725241406604,
  "Ksh_hat": 0.020676017370310013,
  "Kns_hat": 0.009715555447762833,
  "ash_hat": 2.25,
  "ans_hat": 2.25,
  "R_hat": 2.1281353888079564,
  "ll2": -80.86144689475076,
  "aic2": 173.7228937895015,
  "ll1": -80.94132799748132,
  "aic1": 169.88265599496265,
  "LR": 0.15976220546113495,
  "lrt_p": 0.9232261089246934,
  "R_lo": 0.35601188482319185,
  "R_hi": 1173.2617511757485,
  "R_covered": true,
  "n_boot_ok": 36,
  "ks_p": 0.975765396082915
}