{
  "rep": 120,
  "scenario": "B",
  "status": "ok",
  "n": 107,
  "n_sh": 83,
  "n_ns": 24,
  "true_mu": 1.0,
  "true_beta": 4.0,
  "true_Ksh": 0.15,
  "true_Kns": 0.06,
  "true_ash": 1.0,
  "true_ans": 0.5,
  "true_R": 2.5,
  "mu_hat": 0.7364940579318212,
  "beta_hat": 1.2704143452391368,
  "Ksh_hat": 0.35480645629452634,
  "Kns_hat": 0.3035723501207976,
  "ash_hat": 0.27331710398793585,
  "ans_hat": 1.0580546857648103e-06,
  "R_hat": 1.1687706609424136,
  "ll2": -81.24792928723386,
  "aic2": 174.49585857446772,
  "ll1": -81.3325572763629,
  "aic1": 170.6651145527258,
  "LR": 0.1692559782580929,
  "lrt_p": 0.9188540445216576,
  "R_lo": 0.0500864781850673,
  "R_hi": 25.194246402640587,
  "R_covered": true,
  "n_boot_ok": 41,
  "ks_p": 0.38983981606086343
}