{
  "rep": 171,
  "scenario": "B",
  "status": "ok",
  "n": 122,
  "n_sh": 100,
  "n_ns": 22,
  "true_mu": 1.0,
  "true_beta": 4.0,
  "true_Ksh": 0.15,
  "true_Kns": 0.06,
  "true_ash": 1.0,
  "true_ans": 0.5,
  "true_R": 2.5,
  "mu_hat": 0.9592164436165157,
  "beta_hat": 5.110057464344638,
  "Ksh_hat": 0.18777131399931385,
  "Kns_hat": 0.1999725797015891,
  "ash_hat": 0.8273352580682641,
  "ans_hat": 1.2830958047699914e-06,
  "R_hat": 0.9389853062830779,
  "ll2": -69.8778153947869,
  "aic2": 151.7556307895738,
  "ll1": -70.38925081976043,
  "aic1": 148.77850163952087,
  "LR": 1.0228708499470827,
  "lrt_p": 0.5996342308100511,
  "R_lo": 0.18337834212513326,
  "R_hi": 57.55686367803584,
  "R_covered": true,
  "n_boot_ok": 40,
  "ks_p": 0.9692853444744786
}