{
  "rep": 60,
  "scenario": "B",
  "status": "ok",
  "n": 120,
  "n_sh": 95,
  "n_ns": 25,
  "true_mu": 1.0,
  "true_beta": 4.0,
  "true_Ksh": 0.15,
  "true_Kns": 0.06,
  "true_ash": 1.0,
  "true_ans": 0.5,
  "true_R": 2.5,
  "mu_hat": 0.9330248578180379,
  "beta_hat": 3.963866649268335,
  "Ksh_hat": 0.1059531370557914,
  "Kns_hat": 0.14859344160333185,
  "ash_hat": 1.929022403047128,
  "ans_hat": 0.5561616052458125,
  "R_hat": 0.713040467415997,
  "ll2": -70.75490202984462,
  "aic2": 153.50980405968923,
  "ll1": -71.86111667292523,
  "aic1": 151.72223334585047,
  "LR": 2.212429286161239,
  "lrt_p": 0.33080882346402796,
  "R_lo": 0.2792123068354906,
  "R_hi": 141.24086173851003,
  "R_covered": true,
  "n_boot_ok": 44,
  "ks_p": 0.8555640637954429
}