{
  "rep": 93,
  "scenario": "B",
  "status": "ok",
  "n": 98,
  "n_sh": 75,
  "n_ns": 23,
  "true_mu": 1.0,
  "true_beta": 4.0,
  "true_Ksh": 0.15,
  "true_Kns": 0.06,
  "true_ash": 1.0,
  "true_ans": 0.5,
  "true_R": 2.5,
  "mu_hat": 0.9750706895179564,
  "beta_hat": 3.888982599972531,
  "Ksh_hat": 0.05108589347256256,
  "Kns_hat": 6.337095671037983e-08,
  "ash_hat": 1.8873664647348982,
  "ans_hat": 0.04002244773585883,
  "R_hat": 806140.4801893255,
  "ll2": -87.24483283198622,
  "aic2": 186.48966566397243,
  "ll1": -88.09139302450733,
  "aic1": 184.18278604901465,
  "LR": 1.6931203850422207,
  "lrt_p": 0.4288876885756915,
  "R_lo": 1.2726954055696786e-07,
  "R_hi": 224.110683505688,
  "R_covered": true,
  "n_boot_ok": 38,
  "ks_p": 0.806796233811371
}