{
  "rep": 173,
  "scenario": "B",
  "status": "ok",
  "n": 99,
  "n_sh": 71,
  "n_ns": 28,
  "true_mu": 1.0,
  "true_beta": 4.0,
  "true_Ksh": 0.15,
  "true_Kns": 0.06,
  "true_ash": 1.0,
  "true_ans": 0.5,
  "true_R": 2.5,
  "mu_hat": 0.6719968297358767,
  "beta_hat": 0.5240814861853054,
  "Ksh_hat": 0.203895678447517,
  "Kns_hat": 0.31439808816230286,
  "ash_hat": 1.6285860736255087,
  "ans_hat": 1.28249189621728e-06,
  "R_hat": 0.6485270939124134,
  "ll2": -86.60432314348937,
  "aic2": 185.20864628697873,
  "ll1": -86.86509703695408,
  "aic1": 181.73019407390817,
  "LR": 0.5215477869294318,
  "lrt_p": 0.7704551048564774,
  "R_lo": 0.23757310292263928,
  "R_hi": 75.36513671340799,
  "R_covered": true,
  "n_boot_ok": 36,
  "ks_p": 0.7652542238040136
}