{
  "rep": 200,
  "scenario": "B",
  "status": "ok",
  "n": 140,
  "n_sh": 108,
  "n_ns": 32,
  "true_mu": 1.0,
  "true_beta": 4.0,
  "true_Ksh": 0.15,
  "true_Kns": 0.06,
  "true_ash": 1.0,
  "true_ans": 0.5,
  "true_R": 2.5,
  "mu_hat": 0.8722575799373851,
  "beta_hat": 3.019967416118147,
  "Ksh_hat": 0.36813340053524196,
  "Kns_hat": 0.36754852483618244,
  "ash_hat": 0.4831327951602317,
  "ans_hat": 1.0000000000000004e-06,
  "R_hat": 1.0015912883865339,
  "ll2": -58.412270766282006,
  "aic2": 128.824541532564,
  "ll1": -58.83399659939569,
  "aic1": 125.66799319879138,
  "LR": 0.8434516662273666,
  "lrt_p": 0.6559138446004646,
  "R_lo": 0.04713160058452478,
  "R_hi": 34.438996355305505,
  "R_covered": true,
  "n_boot_ok": 41,
  "ks_p": 0.9223838402295478
}