{
  "rep": 44,
  "scenario": "B",
  "status": "ok",
  "n": 88,
  "n_sh": 65,
  "n_ns": 23,
  "true_mu": 1.0,
  "true_beta": 4.0,
  "true_Ksh": 0.15,
  "true_Kns": 0.06,
  "true_ash": 1.0,
  "true_ans": 0.5,
  "true_R": 2.5,
  "mu_hat": 0.813655170436384,
  "beta_hat": 3.249918922531413,
  "Ksh_hat": 0.07827018933294838,
  "Kns_hat": 4.259117631451381e-07,
  "ash_hat": 2.011150823264399,
  "ans_hat": 2.0794204429323948e-05,
  "R_hat": 183770.903050349,
  "ll2": -86.05753394928068,
  "aic2": 184.11506789856136,
  "ll1": -88.08046177712605,
  "aic1": 184.1609235542521,
  "LR": 4.04585565569073,
  "lrt_p": 0.13226764073412145,
  "R_lo": 0.02014513832863256,
  "R_hi": 52.26142624519701,
  "R_covered": true,
  "n_boot_ok": 39,
  "ks_p": 0.6463642373982534
}