{
  "rep": 77,
  "scenario": "B",
  "status": "ok",
  "n": 108,
  "n_sh": 85,
  "n_ns": 23,
  "true_mu": 1.0,
  "true_beta": 4.0,
  "true_Ksh": 0.15,
  "true_Kns": 0.06,
  "true_ash": 1.0,
  "true_ans": 0.5,
  "true_R": 2.5,
  "mu_hat": 0.8857516578052733,
  "beta_hat": 4.168201295636256,
  "Ksh_hat": 0.2770162649165881,
  "Kns_hat": 2.269978519709512e-08,
  "ash_hat": 0.44680541082956643,
  "ans_hat": 4.89862825463097e-05,
  "R_hat": 12203475.165572833,
  "ll2": -80.18762352912745,
  "aic2": 172.3752470582549,
  "ll1": -81.65897746213659,
  "aic1": 171.31795492427318,
  "LR": 2.9427078660182815,
  "lrt_p": 0.22961439212978918,
  "R_lo": 0.03360605976768154,
  "R_hi": 25.26378130376754,
  "R_covered": true,
  "n_boot_ok": 32,
  "ks_p": 0.9908876630836171
}