{
  "rep": 142,
  "scenario": "B",
  "status": "ok",
  "n": 110,
  "n_sh": 90,
  "n_ns": 20,
  "true_mu": 1.0,
  "true_beta": 4.0,
  "true_Ksh": 0.15,
  "true_Kns": 0.06,
  "true_ash": 1.0,
  "true_ans": 0.5,
  "true_R": 2.5,
  "mu_hat": 0.7430627127020647,
  "beta_hat": 1.0986271468688025,
  "Ksh_hat": 0.1231184668046513,
  "Kns_hat": 0.0405045384882427,
  "ash_hat": 1.874223222371659,
  "ans_hat": 2.25,
  "R_hat": 3.0396215189660545,
  "ll2": -73.49845533601263,
  "aic2": 158.99691067202525,
  "ll1": -73.81411333233837,
  "aic1": 155.62822666467673,
  "LR": 0.63131599265148,
  "lrt_p": 0.7293088338209672,
  "R_lo": 0.11926127883562589,
  "R_hi": 21.850997978407584,
  "R_covered": true,
  "n_boot_ok": 33,
  "ks_p": 0.9362034266696014
}