{
  "rep": 28,
  "scenario": "B",
  "status": "ok",
  "n": 89,
  "n_sh": 65,
  "n_ns": 24,
  "true_mu": 1.0,
  "true_beta": 4.0,
  "true_Ksh": 0.15,
  "true_Kns": 0.06,
  "true_ash": 1.0,
  "true_ans": 0.5,
  "true_R": 2.5,
  "mu_hat": 0.76442167976925,
  "beta_hat": 6.967460829062088,
  "Ksh_hat": 0.12406548145525245,
  "Kns_hat": 0.23338076985206874,
  "ash_hat": 1.1980814164061602,
  "ans_hat": 0.3846619886764508,
  "R_hat": 0.5316011320636781,
  "ll2": -82.4488334736129,
  "aic2": 176.8976669472258,
  "ll1": -82.57435409443718,
  "aic1": 173.14870818887437,
  "LR": 0.2510412416485792,
  "lrt_p": 0.8820375758976329,
  "R_lo": 0.08858080425965205,
  "R_hi": 35.38434344986002,
  "R_covered": true,
  "n_boot_ok": 35,
  "ks_p": 0.8395868566327804
}