{
  "rep": 192,
  "scenario": "B",
  "status": "ok",
  "n": 104,
  "n_sh": 85,
  "n_ns": 19,
  "true_mu": 1.0,
  "true_beta": 4.0,
  "true_Ksh": 0.15,
  "true_Kns": 0.06,
  "true_ash": 1.0,
  "true_ans": 0.5,
  "true_R": 2.5,
  "mu_hat": 0.7802642276841331,
  "beta_hat": 3.407218228791197,
  "Ksh_hat": 0.15369749144507402,
  "Kns_hat": 0.003627861188894962,
  "ash_hat": 1.685642109732901,
  "ans_hat": 0.0715920891197424,
  "R_hat": 42.36586888041599,
  "ll2": -72.62985051931324,
  "aic2": 157.25970103862647,
  "ll1": -75.79057503846656,
  "aic1": 159.5811500769331,
  "LR": 6.321449038306639,
  "lrt_p": 0.042395013951045835,
  "R_lo": 0.11405999949653439,
  "R_hi": 15.278582808624146,
  "R_covered": true,
  "n_boot_ok": 40,
  "ks_p": 0.9235392798059683
}