{
  "rep": 101,
  "scenario": "B",
  "status": "ok",
  "n": 84,
  "n_sh": 60,
  "n_ns": 24,
  "true_mu": 1.0,
  "true_beta": 4.0,
  "true_Ksh": 0.15,
  "true_Kns": 0.06,
  "true_ash": 1.0,
  "true_ans": 0.5,
  "true_R": 2.5,
  "mu_hat": 0.7168112357931202,
  "beta_hat": 4.387363121437706,
  "Ksh_hat": 0.2881136152553185,
  "Kns_hat": 0.014192693272251375,
  "ash_hat": 1.0000000000000004e-06,
  "ans_hat": 2.25,
  "R_hat": 20.30013681889535,
  "ll2": -84.2302904681856,
  "aic2": 180.4605809363712,
  "ll1": -85.44268924587652,
  "aic1": 178.88537849175304,
  "LR": 2.4247975553818435,
  "lrt_p": 0.29748282769652457,
  "R_lo": 0.12805383788107247,
  "R_hi": 136.4954854886368,
  "R_covered": true,
  "n_boot_ok": 37,
  "ks_p": 0.9378114126656969
}