{
  "rep": 73,
  "scenario": "B",
  "status": "ok",
  "n": 123,
  "n_sh": 94,
  "n_ns": 29,
  "true_mu": 1.0,
  "true_beta": 4.0,
  "true_Ksh": 0.15,
  "true_Kns": 0.06,
  "true_ash": 1.0,
  "true_ans": 0.5,
  "true_R": 2.5,
  "mu_hat": 0.8418574830551282,
  "beta_hat": 1.4525452804576864,
  "Ksh_hat": 0.36591244929394084,
  "Kns_hat": 9.999999999999982e-09,
  "ash_hat": 0.6450633610157172,
  "ans_hat": 0.003217664571641884,
  "R_hat": 36591244.92939415,
  "ll2": -75.15818748495988,
  "aic2": 162.31637496991976,
  "ll1": -77.4035009185041,
  "aic1": 162.8070018370082,
  "LR": 4.490626867088423,
  "lrt_p": 0.1058943443317848,
  "R_lo": 5.6683954234471e-07,
  "R_hi": 646.4846054371403,
  "R_covered": true,
  "n_boot_ok": 39,
  "ks_p": 0.6909605821610798
}