{
  "rep": 65,
  "scenario": "B",
  "status": "ok",
  "n": 138,
  "n_sh": 106,
  "n_ns": 32,
  "true_mu": 1.0,
  "true_beta": 4.0,
  "true_Ksh": 0.15,
  "true_Kns": 0.06,
  "true_ash": 1.0,
  "true_ans": 0.5,
  "true_R": 2.5,
  "mu_hat": 0.9973567298164333,
  "beta_hat": 3.6418799589453577,
  "Ksh_hat": 0.2293560183780727,
  "Kns_hat": 0.0032697010123332536,
  "ash_hat": 0.9811440504734666,
  "ans_hat": 2.25,
  "R_hat": 70.14586884640092,
  "ll2": -52.13148942166691,
  "aic2": 116.26297884333383,
  "ll1": -54.198072514186606,
  "aic1": 116.39614502837321,
  "LR": 4.133166185039386,
  "lrt_p": 0.1266176843118647,
  "R_lo": 0.15275082824021044,
  "R_hi": 52.66254668951334,
  "R_covered": true,
  "n_boot_ok": 38,
  "ks_p": 0.9985645259570544
}