{
  "rep": 100,
  "scenario": "B",
  "status": "ok",
  "n": 121,
  "n_sh": 84,
  "n_ns": 37,
  "true_mu": 1.0,
  "true_beta": 4.0,
  "true_Ksh": 0.15,
  "true_Kns": 0.06,
  "true_ash": 1.0,
  "true_ans": 0.5,
  "true_R": 2.5,
  "mu_hat": 0.8875119489735294,
  "beta_hat": 1.904487496403391,
  "Ksh_hat": 0.3771274129221497,
  "Kns_hat": 9.641073630227685e-08,
  "ash_hat": 0.5571058017838445,
  "ans_hat": 0.0042086391961675355,
  "R_hat": 3911674.439864675,
  "ll2": -77.499503564707,
  "aic2": 166.999007129414,
  "ll1": -79.14393765645238,
  "aic1": 166.28787531290476,
  "LR": 3.288868183490763,
  "lrt_p": 0.1931218211084671,
  "R_lo": 0.03185243149286488,
  "R_hi": 23.74217602972585,
  "R_covered": true,
  "n_boot_ok": 36,
  "ks_p": 0.43959562326429846
}