{
  "rep": 187,
  "scenario": "B",
  "status": "ok",
  "n": 130,
  "n_sh": 98,
  "n_ns": 32,
  "true_mu": 1.0,
  "true_beta": 4.0,
  "true_Ksh": 0.15,
  "true_Kns": 0.06,
  "true_ash": 1.0,
  "true_ans": 0.5,
  "true_R": 2.5,
  "mu_hat": 1.1730606354864075,
  "beta_hat": 10.000000000000002,
  "Ksh_hat": 0.08630713319914747,
  "Kns_hat": 0.006557533254338868,
  "ash_hat": 1.5744889684426844,
  "ans_hat": 2.25,
  "R_hat": 13.161524288426804,
  "ll2": -68.36683133666313,
  "aic2": 148.73366267332625,
  "ll1": -70.60056548057125,
  "aic1": 149.2011309611425,
  "LR": 4.467468287816246,
  "lrt_p": 0.1071276522503013,
  "R_lo": 0.136535479168747,
  "R_hi": 53.374796116361495,
  "R_covered": true,
  "n_boot_ok": 35,
  "ks_p": 0.05548405032335438
}