{
  "rep": 38,
  "scenario": "B",
  "status": "ok",
  "n": 121,
  "n_sh": 94,
  "n_ns": 27,
  "true_mu": 1.0,
  "true_beta": 4.0,
  "true_Ksh": 0.15,
  "true_Kns": 0.06,
  "true_ash": 1.0,
  "true_ans": 0.5,
  "true_R": 2.5,
  "mu_hat": 0.7989380470415165,
  "beta_hat": 0.1528540994459687,
  "Ksh_hat": 0.23793591319107169,
  "Kns_hat": 1.0620471241866075e-06,
  "ash_hat": 1.5618170135563534,
  "ans_hat": 0.06068928077145871,
  "R_hat": 224035.1748735257,
  "ll2": -81.82129870016985,
  "aic2": 175.6425974003397,
  "ll1": -81.9094063874988,
  "aic1": 171.8188127749976,
  "LR": 0.17621537465791448,
  "lrt_p": 0.9156622661901955,
  "R_lo": 0.1468299284752488,
  "R_hi": 7.383976971413797,
  "R_covered": true,
  "n_boot_ok": 38,
  "ks_p": 0.3390791703253481
}