{
  "rep": 49,
  "scenario": "B",
  "status": "ok",
  "n": 107,
  "n_sh": 84,
  "n_ns": 23,
  "true_mu": 1.0,
  "true_beta": 4.0,
  "true_Ksh": 0.15,
  "true_Kns": 0.06,
  "true_ash": 1.0,
  "true_ans": 0.5,
  "true_R": 2.5,
  "mu_hat": 1.0700727978800706,
  "beta_hat": 3.7710773860160183,
  "Ksh_hat": 0.014070068761796341,
  "Kns_hat": 0.09389647063328468,
  "ash_hat": 2.25,
  "ans_hat": 8.140792246267299e-06,
  "R_hat": 0.14984662007954902,
  "ll2": -84.46395716264391,
  "aic2": 180.92791432528782,
  "ll1": -84.82851843407317,
  "aic1": 177.65703686814635,
  "LR": 0.7291225428585335,
  "lrt_p": 0.6945012816026412,
  "R_lo": 0.11649505078219748,
  "R_hi": 28.678657914765356,
  "R_covered": true,
  "n_boot_ok": 41,
  "ks_p": 0.8775907679361511
}