{
  "rep": 164,
  "scenario": "B",
  "status": "ok",
  "n": 92,
  "n_sh": 70,
  "n_ns": 22,
  "true_mu": 1.0,
  "true_beta": 4.0,
  "true_Ksh": 0.15,
  "true_Kns": 0.06,
  "true_ash": 1.0,
  "true_ans": 0.5,
  "true_R": 2.5,
  "mu_hat": 0.6974604232022814,
  "beta_hat": 0.9542624942916,
  "Ksh_hat": 0.2156864108832781,
  "Kns_hat": 0.04930118246348055,
  "ash_hat": 0.8772455863159256,
  "ans_hat": 2.25,
  "R_hat": 4.374872976790082,
  "ll2": -85.493397934892,
  "aic2": 182.986795869784,
  "ll1": -85.97650853236817,
  "aic1": 179.95301706473634,
  "LR": 0.9662211949523396,
  "lrt_p": 0.6168615962650509,
  "R_lo": 0.15984722392926026,
  "R_hi": 95.17870268954468,
  "R_covered": true,
  "n_boot_ok": 36,
  "ks_p": 0.9276905898708531
}