{
  "rep": 130,
  "scenario": "B",
  "status": "ok",
  "n": 114,
  "n_sh": 93,
  "n_ns": 21,
  "true_mu": 1.0,
  "true_beta": 4.0,
  "true_Ksh": 0.15,
  "true_Kns": 0.06,
  "true_ash": 1.0,
  "true_ans": 0.5,
  "true_R": 2.5,
  "mu_hat": 1.1035601867271316,
  "beta_hat": 10.000000000000002,
  "Ksh_hat": 0.06252239220394976,
  "Kns_hat": 9.999999999999982e-09,
  "ash_hat": 1.4981211943030888,
  "ans_hat": 0.05887818006393397,
  "R_hat": 6252239.220394987,
  "ll2": -80.42795437440306,
  "aic2": 172.85590874880612,
  "ll1": -81.49604005496,
  "aic1": 170.99208010992,
  "LR": 2.1361713611138953,
  "lrt_p": 0.3436657741917276,
  "R_lo": 0.04386036318281809,
  "R_hi": 61.50247249459285,
  "R_covered": true,
  "n_boot_ok": 33,
  "ks_p": 0.7672873561880588
}