{
  "rep": 126,
  "scenario": "B",
  "status": "ok",
  "n": 126,
  "n_sh": 80,
  "n_ns": 46,
  "true_mu": 1.0,
  "true_beta": 4.0,
  "true_Ksh": 0.15,
  "true_Kns": 0.06,
  "true_ash": 1.0,
  "true_ans": 0.5,
  "true_R": 2.5,
  "mu_hat": 1.3003574083580094,
  "beta_hat": 5.532288991213944,
  "Ksh_hat": 0.01659864386630124,
  "Kns_hat": 0.0066086447599895915,
  "ash_hat": 2.25,
  "ans_hat": 2.25,
  "R_hat": 2.511656242561808,
  "ll2": -79.46747915168353,
  "aic2": 170.93495830336707,
  "ll1": -79.66199168825611,
  "aic1": 167.32398337651222,
  "LR": 0.3890250731451488,
  "lrt_p": 0.8232358576357556,
  "R_lo": 0.32125996839359583,
  "R_hi": 39.34708932114492,
  "R_covered": true,
  "n_boot_ok": 36,
  "ks_p": 0.9156287536246338
}