{
  "rep": 29,
  "scenario": "B",
  "status": "ok",
  "n": 111,
  "n_sh": 82,
  "n_ns": 29,
  "true_mu": 1.0,
  "true_beta": 4.0,
  "true_Ksh": 0.15,
  "true_Kns": 0.06,
  "true_ash": 1.0,
  "true_ans": 0.5,
  "true_R": 2.5,
  "mu_hat": 0.8556612994539329,
  "beta_hat": 5.007977761623513,
  "Ksh_hat": 0.3309519151275068,
  "Kns_hat": 9.999999999999982e-09,
  "ash_hat": 0.4085707632044259,
  "ans_hat": 0.02636853466292874,
  "R_hat": 33095191.51275074,
  "ll2": -73.63460436693106,
  "aic2": 159.26920873386211,
  "ll1": -76.27379106197344,
  "aic1": 160.54758212394688,
  "LR": 5.2783733900847665,
  "lrt_p": 0.07141933163858727,
  "R_lo": 0.23221771217708828,
  "R_hi": 142.2580645670668,
  "R_covered": true,
  "n_boot_ok": 38,
  "ks_p": 0.8634040551195576
}