{
  "rep": 91,
  "scenario": "B",
  "status": "ok",
  "n": 113,
  "n_sh": 82,
  "n_ns": 31,
  "true_mu": 1.0,
  "true_beta": 4.0,
  "true_Ksh": 0.15,
  "true_Kns": 0.06,
  "true_ash": 1.0,
  "true_ans": 0.5,
  "true_R": 2.5,
  "mu_hat": 0.912057706256048,
  "beta_hat": 5.476558710862561,
  "Ksh_hat": 0.29465858577953125,
  "Kns_hat": 0.21829107903730938,
  "ash_hat": 1.0000000000000004e-06,
  "ans_hat": 1.0000000000000004e-06,
  "R_hat": 1.3498425454627463,
  "ll2": -78.98999542542938,
  "aic2": 169.97999085085877,
  "ll1": -79.07853224823769,
  "aic1": 166.15706449647539,
  "LR": 0.1770736456166162,
  "lrt_p": 0.9152694073255381,
  "R_lo": 0.026667470637835863,
  "R_hi": 25.1000255939271,
  "R_covered": true,
  "n_boot_ok": 36,
  "ks_p": 0.6317582428062238
}