{
  "rep": 138,
  "scenario": "B",
  "status": "ok",
  "n": 115,
  "n_sh": 86,
  "n_ns": 29,
  "true_mu": 1.0,
  "true_beta": 4.0,
  "true_Ksh": 0.15,
  "true_Kns": 0.06,
  "true_ash": 1.0,
  "true_ans": 0.5,
  "true_R": 2.5,
  "mu_hat": 1.0190186935019405,
  "beta_hat": 5.739271112575498,
  "Ksh_hat": 0.14043425327881146,
  "Kns_hat": 1.5277519165840273e-07,
  "ash_hat": 0.9696695936649427,
  "ans_hat": 0.0004809831614723629,
  "R_hat": 919221.5814254388,
  "ll2": -74.1084376241619,
  "aic2": 160.2168752483238,
  "ll1": -75.96986929032806,
  "aic1": 159.93973858065613,
  "LR": 3.722863332332338,
  "lrt_p": 0.15544991859259816,
  "R_lo": 9.561810553056611e-09,
  "R_hi": 391.5428191106231,
  "R_covered": true,
  "n_boot_ok": 36,
  "ks_p": 0.9167290713528687
}