{
  "rep": 40,
  "scenario": "B",
  "status": "ok",
  "n": 114,
  "n_sh": 84,
  "n_ns": 30,
  "true_mu": 1.0,
  "true_beta": 4.0,
  "true_Ksh": 0.15,
  "true_Kns": 0.06,
  "true_ash": 1.0,
  "true_ans": 0.5,
  "true_R": 2.5,
  "mu_hat": 1.0269872108975924,
  "beta_hat": 1.1798927570720013,
  "Ksh_hat": 0.015642092395872893,
  "Kns_hat": 0.06614650745629296,
  "ash_hat": 2.25,
  "ans_hat": 2.25,
  "R_hat": 0.23647646712426323,
  "ll2": -79.99720150523476,
  "aic2": 171.9944030104695,
  "ll1": -80.0842904242052,
  "aic1": 168.1685808484104,
  "LR": 0.17417783794087427,
  "lrt_p": 0.9165955892733698,
  "R_lo": 0.06283662681536532,
  "R_hi": 20.03839849075573,
  "R_covered": true,
  "n_boot_ok": 40,
  "ks_p": 0.7648931135952497
}