{
  "rep": 188,
  "scenario": "B",
  "status": "ok",
  "n": 119,
  "n_sh": 86,
  "n_ns": 33,
  "true_mu": 1.0,
  "true_beta": 4.0,
  "true_Ksh": 0.15,
  "true_Kns": 0.06,
  "true_ash": 1.0,
  "true_ans": 0.5,
  "true_R": 2.5,
  "mu_hat": 1.035724092381795,
  "beta_hat": 3.3365790866432405,
  "Ksh_hat": 0.253245999325362,
  "Kns_hat": 0.12138662088775135,
  "ash_hat": 6.673033220624606e-06,
  "ans_hat": 1.0000000000000004e-06,
  "R_hat": 2.086276044866128,
  "ll2": -81.45619429326018,
  "aic2": 174.91238858652036,
  "ll1": -81.64663574050067,
  "aic1": 171.29327148100134,
  "LR": 0.3808828944809761,
  "lrt_p": 0.8265941556809371,
  "R_lo": 0.044879447450108044,
  "R_hi": 63.07857856312225,
  "R_covered": true,
  "n_boot_ok": 35,
  "ks_p": 0.6253885102532144
}