{
  "rep": 50,
  "scenario": "B",
  "status": "ok",
  "n": 128,
  "n_sh": 102,
  "n_ns": 26,
  "true_mu": 1.0,
  "true_beta": 4.0,
  "true_Ksh": 0.15,
  "true_Kns": 0.06,
  "true_ash": 1.0,
  "true_ans": 0.5,
  "true_R": 2.5,
  "mu_hat": 1.1733575503156164,
  "beta_hat": 3.898512840132674,
  "Ksh_hat": 0.1953441502361596,
  "Kns_hat": 0.04536746529334203,
  "ash_hat": 0.0779246957799991,
  "ans_hat": 0.6451524811070738,
  "R_hat": 4.305820238646386,
  "ll2": -80.31108047109676,
  "aic2": 172.62216094219352,
  "ll1": -80.51507548413946,
  "aic1": 169.03015096827892,
  "LR": 0.40799002608540036,
  "lrt_p": 0.8154664378734576,
  "R_lo": 0.01839613651901107,
  "R_hi": 57.81722002053272,
  "R_covered": true,
  "n_boot_ok": 36,
  "ks_p": 0.9051266785028159
}