{
  "rep": 197,
  "scenario": "B",
  "status": "ok",
  "n": 121,
  "n_sh": 91,
  "n_ns": 30,
  "true_mu": 1.0,
  "true_beta": 4.0,
  "true_Ksh": 0.15,
  "true_Kns": 0.06,
  "true_ash": 1.0,
  "true_ans": 0.5,
  "true_R": 2.5,
  "mu_hat": 0.9476840317150779,
  "beta_hat": 4.496741431919765,
  "Ksh_hat": 0.34207028455102706,
  "Kns_hat": 0.05199306497247681,
  "ash_hat": 0.11199215242074542,
  "ans_hat": 1.0899063751200713,
  "R_hat": 6.579152137541926,
  "ll2": -75.47705099646083,
  "aic2": 162.95410199292166,
  "ll1": -76.42300804626612,
  "aic1": 160.84601609253224,
  "LR": 1.8919140996105739,
  "lrt_p": 0.3883077631417542,
  "R_lo": 0.11753939773950439,
  "R_hi": 69.60256717871404,
  "R_covered": true,
  "n_boot_ok": 44,
  "ks_p": 0.9786026223125633
}