{
  "rep": 58,
  "scenario": "B",
  "status": "ok",
  "n": 97,
  "n_sh": 70,
  "n_ns": 27,
  "true_mu": 1.0,
  "true_beta": 4.0,
  "true_Ksh": 0.15,
  "true_Kns": 0.06,
  "true_ash": 1.0,
  "true_ans": 0.5,
  "true_R": 2.5,
  "mu_hat": 0.9123308583150757,
  "beta_hat": 8.404617420410887,
  "Ksh_hat": 0.20504770598664626,
  "Kns_hat": 0.019857919023950937,
  "ash_hat": 1.0000000000000004e-06,
  "ans_hat": 1.0966573537084255e-06,
  "R_hat": 10.325739859213602,
  "ll2": -85.1485055011335,
  "aic2": 182.297011002267,
  "ll1": -85.89237459269697,
  "aic1": 179.78474918539393,
  "LR": 1.487738183126936,
  "lrt_p": 0.47527148466093927,
  "R_lo": 0.10275916195543106,
  "R_hi": 20.072475427336528,
  "R_covered": true,
  "n_boot_ok": 36,
  "ks_p": 0.7373210180228502
}