{
  "rep": 122,
  "scenario": "B",
  "status": "ok",
  "n": 104,
  "n_sh": 80,
  "n_ns": 24,
  "true_mu": 1.0,
  "true_beta": 4.0,
  "true_Ksh": 0.15,
  "true_Kns": 0.06,
  "true_ash": 1.0,
  "true_ans": 0.5,
  "true_R": 2.5,
  "mu_hat": 1.0661728617361406,
  "beta_hat": 6.104930164727316,
  "Ksh_hat": 0.019718517923650147,
  "Kns_hat": 0.07439182226546488,
  "ash_hat": 2.25,
  "ans_hat": 1.1445482203297554e-06,
  "R_hat": 0.2650629776655455,
  "ll2": -87.34860454022427,
  "aic2": 186.69720908044854,
  "ll1": -88.25445382481018,
  "aic1": 184.50890764962037,
  "LR": 1.8116985691718241,
  "lrt_p": 0.4041984597692083,
  "R_lo": 0.11634299449324687,
  "R_hi": 111.38083729939352,
  "R_covered": true,
  "n_boot_ok": 39,
  "ks_p": 0.9330539632627783
}