{
  "rep": 99,
  "scenario": "B",
  "status": "ok",
  "n": 107,
  "n_sh": 81,
  "n_ns": 26,
  "true_mu": 1.0,
  "true_beta": 4.0,
  "true_Ksh": 0.15,
  "true_Kns": 0.06,
  "true_ash": 1.0,
  "true_ans": 0.5,
  "true_R": 2.5,
  "mu_hat": 0.7528056434232893,
  "beta_hat": 1.610968072190499,
  "Ksh_hat": 0.15656616043305754,
  "Kns_hat": 0.23233207429180502,
  "ash_hat": 1.229136480553373,
  "ans_hat": 0.4399280016683537,
  "R_hat": 0.6738895647977264,
  "ll2": -80.01400935718804,
  "aic2": 172.0280187143761,
  "ll1": -80.42037391398559,
  "aic1": 168.84074782797117,
  "LR": 0.8127291135950827,
  "lrt_p": 0.6660673037955639,
  "R_lo": 0.22211803968088933,
  "R_hi": 108.89555671272647,
  "R_covered": true,
  "n_boot_ok": 36,
  "ks_p": 0.8019225166311653
}