{
  "rep": 152,
  "scenario": "B",
  "status": "ok",
  "n": 108,
  "n_sh": 92,
  "n_ns": 16,
  "true_mu": 1.0,
  "true_beta": 4.0,
  "true_Ksh": 0.15,
  "true_Kns": 0.06,
  "true_ash": 1.0,
  "true_ans": 0.5,
  "true_R": 2.5,
  "mu_hat": 0.9191326902231132,
  "beta_hat": 2.4992858866653416,
  "Ksh_hat": 0.07866702004713612,
  "Kns_hat": 4.471767921758965e-08,
  "ash_hat": 2.25,
  "ans_hat": 0.07687893969523425,
  "R_hat": 1759192.8164329361,
  "ll2": -77.92051560989687,
  "aic2": 167.84103121979373,
  "ll1": -78.93079120908808,
  "aic1": 165.86158241817617,
  "LR": 2.020551198382435,
  "lrt_p": 0.3641186149461674,
  "R_lo": 0.14051720022093886,
  "R_hi": 105.27196658112858,
  "R_covered": true,
  "n_boot_ok": 40,
  "ks_p": 0.11119640220387905
}