{
  "rep": 129,
  "scenario": "B",
  "status": "ok",
  "n": 93,
  "n_sh": 67,
  "n_ns": 26,
  "true_mu": 1.0,
  "true_beta": 4.0,
  "true_Ksh": 0.15,
  "true_Kns": 0.06,
  "true_ash": 1.0,
  "true_ans": 0.5,
  "true_R": 2.5,
  "mu_hat": 0.7740397267997745,
  "beta_hat": 2.099131486576876,
  "Ksh_hat": 0.04434182543110363,
  "Kns_hat": 0.3438885074668098,
  "ash_hat": 2.25,
  "ans_hat": 0.06259507189649872,
  "R_hat": 0.12894244636943342,
  "ll2": -79.56435909110465,
  "aic2": 171.1287181822093,
  "ll1": -84.06963002533305,
  "aic1": 176.1392600506661,
  "LR": 9.010541868456812,
  "lrt_p": 0.011050595796590734,
  "R_lo": 0.09029410558284287,
  "R_hi": 31.362396646473982,
  "R_covered": true,
  "n_boot_ok": 36,
  "ks_p": 0.6428810021153264
}