{
  "rep": 189,
  "scenario": "B",
  "status": "ok",
  "n": 105,
  "n_sh": 77,
  "n_ns": 28,
  "true_mu": 1.0,
  "true_beta": 4.0,
  "true_Ksh": 0.15,
  "true_Kns": 0.06,
  "true_ash": 1.0,
  "true_ans": 0.5,
  "true_R": 2.5,
  "mu_hat": 1.1016282265154922,
  "beta_hat": 3.0637247155739953,
  "Ksh_hat": 0.013069210120136164,
  "Kns_hat": 0.0008405507336023524,
  "ash_hat": 1.9807493978297623,
  "ans_hat": 2.25,
  "R_hat": 15.548389404319936,
  "ll2": -87.17801523957223,
  "aic2": 186.35603047914447,
  "ll1": -87.37049772120568,
  "aic1": 182.74099544241136,
  "LR": 0.38496496326689567,
  "lrt_p": 0.8249087691312145,
  "R_lo": 0.18218230025608548,
  "R_hi": 57.2587744585388,
  "R_covered": true,
  "n_boot_ok": 40,
  "ks_p": 0.41452632418719104
}