{
  "rep": 117,
  "scenario": "B",
  "status": "ok",
  "n": 145,
  "n_sh": 115,
  "n_ns": 30,
  "true_mu": 1.0,
  "true_beta": 4.0,
  "true_Ksh": 0.15,
  "true_Kns": 0.06,
  "true_ash": 1.0,
  "true_ans": 0.5,
  "true_R": 2.5,
  "mu_hat": 1.1388620760235273,
  "beta_hat": 4.98645056974259,
  "Ksh_hat": 0.11601295168251363,
  "Kns_hat": 0.1931941441326777,
  "ash_hat": 1.6266113719917492,
  "ans_hat": 0.21706956082644052,
  "R_hat": 0.6004993174267268,
  "ll2": -57.521369607883756,
  "aic2": 127.04273921576751,
  "ll1": -58.60363443033039,
  "aic1": 125.20726886066078,
  "LR": 2.164529644893264,
  "lrt_p": 0.3388272723826903,
  "R_lo": 0.22283347278328242,
  "R_hi": 104.59539777713127,
  "R_covered": true,
  "n_boot_ok": 39,
  "ks_p": 0.8193836372239683
}