{
  "rep": 16,
  "scenario": "B",
  "status": "ok",
  "n": 129,
  "n_sh": 97,
  "n_ns": 32,
  "true_mu": 1.0,
  "true_beta": 4.0,
  "true_Ksh": 0.15,
  "true_Kns": 0.06,
  "true_ash": 1.0,
  "true_ans": 0.5,
  "true_R": 2.5,
  "mu_hat": 1.0205024676135999,
  "beta_hat": 1.9545872697365454,
  "Ksh_hat": 0.1333828194637832,
  "Kns_hat": 0.05455883778011118,
  "ash_hat": 1.4513938835036826,
  "ans_hat": 1.8988685715691882,
  "R_hat": 2.4447518475623835,
  "ll2": -74.46996009208196,
  "aic2": 160.93992018416392,
  "ll1": -74.54955338569938,
  "aic1": 157.09910677139877,
  "LR": 0.15918658723484214,
  "lrt_p": 0.9234918600533005,
  "R_lo": 0.058798150200110796,
  "R_hi": 48.39866563584848,
  "R_covered": true,
  "n_boot_ok": 36,
  "ks_p": 0.8875616386797732
}