{
  "rep": 32,
  "scenario": "B",
  "status": "ok",
  "n": 137,
  "n_sh": 105,
  "n_ns": 32,
  "true_mu": 1.0,
  "true_beta": 4.0,
  "true_Ksh": 0.15,
  "true_Kns": 0.06,
  "true_ash": 1.0,
  "true_ans": 0.5,
  "true_R": 2.5,
  "mu_hat": 0.9951176764642696,
  "beta_hat": 3.4030132286202086,
  "Ksh_hat": 0.2213101764543011,
  "Kns_hat": 3.630930673593281e-08,
  "ash_hat": 0.9952356324210598,
  "ans_hat": 0.00025002293558847385,
  "R_hat": 6095136.380978756,
  "ll2": -51.37922829422956,
  "aic2": 114.75845658845913,
  "ll1": -53.53273438810169,
  "aic1": 115.06546877620337,
  "LR": 4.307012187744249,
  "lrt_p": 0.11607646849779651,
  "R_lo": 0.01445881749856957,
  "R_hi": 108.15636696819482,
  "R_covered": true,
  "n_boot_ok": 40,
  "ks_p": 0.6609987465208481
}