{
  "rep": 26,
  "scenario": "B",
  "status": "ok",
  "n": 133,
  "n_sh": 100,
  "n_ns": 33,
  "true_mu": 1.0,
  "true_beta": 4.0,
  "true_Ksh": 0.15,
  "true_Kns": 0.06,
  "true_ash": 1.0,
  "true_ans": 0.5,
  "true_R": 2.5,
  "mu_hat": 0.8783573339838192,
  "beta_hat": 0.32425075457393426,
  "Ksh_hat": 0.06619256577530569,
  "Kns_hat": 0.06457239679117412,
  "ash_hat": 2.25,
  "ans_hat": 2.25,
  "R_hat": 1.0250907363617177,
  "ll2": -66.43697549684839,
  "aic2": 144.87395099369678,
  "ll1": -66.43768797018569,
  "aic1": 140.87537594037138,
  "LR": 0.0014249466746036887,
  "lrt_p": 0.9992877804115596,
  "R_lo": 0.0761548027340677,
  "R_hi": 164.70074109959887,
  "R_covered": true,
  "n_boot_ok": 42,
  "ks_p": 0.9268434185238243
}