{
  "rep": 92,
  "scenario": "B",
  "status": "ok",
  "n": 109,
  "n_sh": 78,
  "n_ns": 31,
  "true_mu": 1.0,
  "true_beta": 4.0,
  "true_Ksh": 0.15,
  "true_Kns": 0.06,
  "true_ash": 1.0,
  "true_ans": 0.5,
  "true_R": 2.5,
  "mu_hat": 1.092193787528918,
  "beta_hat": 10.000000000000002,
  "Ksh_hat": 0.08596730309472711,
  "Kns_hat": 6.115260610925729e-08,
  "ash_hat": 0.9601781694763426,
  "ans_hat": 0.06412693978806516,
  "R_hat": 1405783.147510264,
  "ll2": -84.7330507613253,
  "aic2": 181.4661015226506,
  "ll1": -85.32133745105617,
  "aic1": 178.64267490211233,
  "LR": 1.176573379461729,
  "lrt_p": 0.5552778334237974,
  "R_lo": 0.0508223820606131,
  "R_hi": 342.79974927466606,
  "R_covered": true,
  "n_boot_ok": 42,
  "ks_p": 0.8689075509373367
}