{
  "rep": 118,
  "scenario": "B",
  "status": "ok",
  "n": 90,
  "n_sh": 62,
  "n_ns": 28,
  "true_mu": 1.0,
  "true_beta": 4.0,
  "true_Ksh": 0.15,
  "true_Kns": 0.06,
  "true_ash": 1.0,
  "true_ans": 0.5,
  "true_R": 2.5,
  "mu_hat": 0.756562081709709,
  "beta_hat": 1.3972618386911058,
  "Ksh_hat": 0.20344529840842474,
  "Kns_hat": 0.33584935709942515,
  "ash_hat": 1.0000000000000004e-06,
  "ans_hat": 1.0000000000000004e-06,
  "R_hat": 0.6057635487692674,
  "ll2": -87.71999063389805,
  "aic2": 187.4399812677961,
  "ll1": -87.77671639923106,
  "aic1": 183.55343279846213,
  "LR": 0.1134515306660262,
  "lrt_p": 0.9448531453287553,
  "R_lo": 1.3222135984141235e-06,
  "R_hi": 27.146283638480384,
  "R_covered": true,
  "n_boot_ok": 38,
  "ks_p": 0.9652438330333898
}