{
  "rep": 121,
  "scenario": "B",
  "status": "ok",
  "n": 114,
  "n_sh": 86,
  "n_ns": 28,
  "true_mu": 1.0,
  "true_beta": 4.0,
  "true_Ksh": 0.15,
  "true_Kns": 0.06,
  "true_ash": 1.0,
  "true_ans": 0.5,
  "true_R": 2.5,
  "mu_hat": 1.0567286678543528,
  "beta_hat": 6.646259195808616,
  "Ksh_hat": 0.10010571455295184,
  "Kns_hat": 1.8990649325903366e-08,
  "ash_hat": 1.3159169982870516,
  "ans_hat": 0.0002757281686228783,
  "R_hat": 5271316.047967196,
  "ll2": -79.99071640965133,
  "aic2": 171.98143281930265,
  "ll1": -82.53595361963193,
  "aic1": 173.07190723926385,
  "LR": 5.090474419961197,
  "lrt_p": 0.07845443959719167,
  "R_lo": 0.1140047181952652,
  "R_hi": 121.56349964664093,
  "R_covered": true,
  "n_boot_ok": 40,
  "ks_p": 0.958595899803145
}