{
  "rep": 89,
  "scenario": "B",
  "status": "ok",
  "n": 121,
  "n_sh": 90,
  "n_ns": 31,
  "true_mu": 1.0,
  "true_beta": 4.0,
  "true_Ksh": 0.15,
  "true_Kns": 0.06,
  "true_ash": 1.0,
  "true_ans": 0.5,
  "true_R": 2.5,
  "mu_hat": 0.9061168975799615,
  "beta_hat": 4.4588931991901815,
  "Ksh_hat": 0.21370080308745926,
  "Kns_hat": 0.038140372250632146,
  "ash_hat": 0.8844546096579377,
  "ans_hat": 1.8466469780162726,
  "R_hat": 5.603007796650893,
  "ll2": -66.77002029801707,
  "aic2": 145.54004059603415,
  "ll1": -67.35975799775515,
  "aic1": 142.7195159955103,
  "LR": 1.1794753994761606,
  "lrt_p": 0.5544727039974037,
  "R_lo": 0.031424861873995576,
  "R_hi": 19.805143587665633,
  "R_covered": true,
  "n_boot_ok": 35,
  "ks_p": 0.5068795747788664
}