{
  "rep": 75,
  "scenario": "B",
  "status": "ok",
  "n": 81,
  "n_sh": 55,
  "n_ns": 26,
  "true_mu": 1.0,
  "true_beta": 4.0,
  "true_Ksh": 0.15,
  "true_Kns": 0.06,
  "true_ash": 1.0,
  "true_ans": 0.5,
  "true_R": 2.5,
  "mu_hat": 0.4858568375584714,
  "beta_hat": 1.292499791791119,
  "Ksh_hat": 0.3524837122343614,
  "Kns_hat": 0.053740585315988916,
  "ash_hat": 0.7767287096745087,
  "ans_hat": 2.25,
  "R_hat": 6.55898535830592,
  "ll2": -74.25054305758023,
  "aic2": 160.50108611516046,
  "ll1": -74.8282336148552,
  "aic1": 157.6564672297104,
  "LR": 1.1553811145499253,
  "lrt_p": 0.5611929140410766,
  "R_lo": 0.1203905135153588,
  "R_hi": 493.7184261207658,
  "R_covered": true,
  "n_boot_ok": 34,
  "ks_p": 0.7965268778627682
}