{
  "rep": 170,
  "scenario": "B",
  "status": "ok",
  "n": 91,
  "n_sh": 66,
  "n_ns": 25,
  "true_mu": 1.0,
  "true_beta": 4.0,
  "true_Ksh": 0.15,
  "true_Kns": 0.06,
  "true_ash": 1.0,
  "true_ans": 0.5,
  "true_R": 2.5,
  "mu_hat": 0.8000357563539306,
  "beta_hat": 3.1020959697191515,
  "Ksh_hat": 0.07610090147851462,
  "Kns_hat": 4.641023502913143e-07,
  "ash_hat": 1.5175658868300443,
  "ans_hat": 0.005617775972455861,
  "R_hat": 163974.39364559678,
  "ll2": -77.71614990027209,
  "aic2": 167.43229980054417,
  "ll1": -78.37420360996639,
  "aic1": 164.74840721993277,
  "LR": 1.3161074193886009,
  "lrt_p": 0.5178582567972136,
  "R_lo": 0.05151187177169108,
  "R_hi": 38.87581705436169,
  "R_covered": true,
  "n_boot_ok": 40,
  "ks_p": 0.9275964113268538
}