{
  "rep": 195,
  "scenario": "B",
  "status": "ok",
  "n": 83,
  "n_sh": 52,
  "n_ns": 31,
  "true_mu": 1.0,
  "true_beta": 4.0,
  "true_Ksh": 0.15,
  "true_Kns": 0.06,
  "true_ash": 1.0,
  "true_ans": 0.5,
  "true_R": 2.5,
  "mu_hat": 0.8365121748588322,
  "beta_hat": 10.000000000000002,
  "Ksh_hat": 0.04297860012090693,
  "Kns_hat": 0.04935590187082987,
  "ash_hat": 1.5869560376037448,
  "ans_hat": 1.6642438591045049e-06,
  "R_hat": 0.8707894799164428,
  "ll2": -86.36378513635653,
  "aic2": 184.72757027271305,
  "ll1": -86.86898015910019,
  "aic1": 181.73796031820038,
  "LR": 1.010390045487327,
  "lrt_p": 0.6033878895899849,
  "R_lo": 3.1466526890674484e-07,
  "R_hi": 404.39345233030343,
  "R_covered": true,
  "n_boot_ok": 39,
  "ks_p": 0.39596421836933665
}