{
  "rep": 96,
  "scenario": "B",
  "status": "ok",
  "n": 107,
  "n_sh": 79,
  "n_ns": 28,
  "true_mu": 1.0,
  "true_beta": 4.0,
  "true_Ksh": 0.15,
  "true_Kns": 0.06,
  "true_ash": 1.0,
  "true_ans": 0.5,
  "true_R": 2.5,
  "mu_hat": 0.8308747337788128,
  "beta_hat": 3.8039064350099587,
  "Ksh_hat": 0.2109557959152896,
  "Kns_hat": 0.22998250829507041,
  "ash_hat": 0.8680167872296811,
  "ans_hat": 1.2881463222962819e-06,
  "R_hat": 0.9172688717901567,
  "ll2": -78.36955382033376,
  "aic2": 168.73910764066753,
  "ll1": -79.09225381389687,
  "aic1": 166.18450762779375,
  "LR": 1.4453999871262226,
  "lrt_p": 0.48543980060986114,
  "R_lo": 0.0052782215237049445,
  "R_hi": 80.44948190740034,
  "R_covered": true,
  "n_boot_ok": 37,
  "ks_p": 0.6405450421292262
}