{
  "rep": 97,
  "scenario": "B",
  "status": "ok",
  "n": 100,
  "n_sh": 73,
  "n_ns": 27,
  "true_mu": 1.0,
  "true_beta": 4.0,
  "true_Ksh": 0.15,
  "true_Kns": 0.06,
  "true_ash": 1.0,
  "true_ans": 0.5,
  "true_R": 2.5,
  "mu_hat": 0.8787402982492813,
  "beta_hat": 0.9338700850952195,
  "Ksh_hat": 0.07480930923564091,
  "Kns_hat": 0.6025662207483409,
  "ash_hat": 2.8613963701055704e-06,
  "ans_hat": 1.0000129572018774e-06,
  "R_hat": 0.12415118315582561,
  "ll2": -87.54258181989839,
  "aic2": 187.08516363979678,
  "ll1": -88.0413779318505,
  "aic1": 184.082755863701,
  "LR": 0.9975922239042347,
  "lrt_p": 0.607261294437497,
  "R_lo": 0.06763829049051061,
  "R_hi": 126.03176276559735,
  "R_covered": true,
  "n_boot_ok": 41,
  "ks_p": 0.9519793258813986
}