{
  "rep": 55,
  "scenario": "B",
  "status": "ok",
  "n": 122,
  "n_sh": 92,
  "n_ns": 30,
  "true_mu": 1.0,
  "true_beta": 4.0,
  "true_Ksh": 0.15,
  "true_Kns": 0.06,
  "true_ash": 1.0,
  "true_ans": 0.5,
  "true_R": 2.5,
  "mu_hat": 1.0367188788997805,
  "beta_hat": 4.850465173333883,
  "Ksh_hat": 0.04171881479635154,
  "Kns_hat": 0.1040153542779012,
  "ash_hat": 2.25,
  "ans_hat": 1.384332280673881,
  "R_hat": 0.40108323512401856,
  "ll2": -66.96619423490722,
  "aic2": 145.93238846981444,
  "ll1": -68.02398294825025,
  "aic1": 144.0479658965005,
  "LR": 2.115577426686059,
  "lrt_p": 0.3472227711132203,
  "R_lo": 0.06288986203038542,
  "R_hi": 19.74249079767643,
  "R_covered": true,
  "n_boot_ok": 40,
  "ks_p": 0.9786081159852148
}