{
  "rep": 131,
  "scenario": "B",
  "status": "ok",
  "n": 122,
  "n_sh": 97,
  "n_ns": 25,
  "true_mu": 1.0,
  "true_beta": 4.0,
  "true_Ksh": 0.15,
  "true_Kns": 0.06,
  "true_ash": 1.0,
  "true_ans": 0.5,
  "true_R": 2.5,
  "mu_hat": 0.972306831320906,
  "beta_hat": 4.967261357870535,
  "Ksh_hat": 0.347638693853725,
  "Kns_hat": 0.03196935171378846,
  "ash_hat": 1.0505271952753334e-06,
  "ans_hat": 4.601390837967046e-06,
  "R_hat": 10.874123972422861,
  "ll2": -72.10612328104372,
  "aic2": 156.21224656208744,
  "ll1": -73.20801760243224,
  "aic1": 154.41603520486447,
  "LR": 2.2037886427770275,
  "lrt_p": 0.33224111575387216,
  "R_lo": 0.12650284098824166,
  "R_hi": 44.305882082282075,
  "R_covered": true,
  "n_boot_ok": 41,
  "ks_p": 0.9390637340025403
}