{
  "rep": 127,
  "scenario": "B",
  "status": "ok",
  "n": 110,
  "n_sh": 93,
  "n_ns": 17,
  "true_mu": 1.0,
  "true_beta": 4.0,
  "true_Ksh": 0.15,
  "true_Kns": 0.06,
  "true_ash": 1.0,
  "true_ans": 0.5,
  "true_R": 2.5,
  "mu_hat": 0.9870872583568202,
  "beta_hat": 1.9387651995607227,
  "Ksh_hat": 0.0357437667694271,
  "Kns_hat": 3.1263164944781396e-08,
  "ash_hat": 2.25,
  "ans_hat": 0.03764939888564451,
  "R_hat": 1143318.8812636076,
  "ll2": -83.2379414968738,
  "aic2": 178.4758829937476,
  "ll1": -83.80227966566008,
  "aic1": 175.60455933132016,
  "LR": 1.128676337572557,
  "lrt_p": 0.5687364297474788,
  "R_lo": 0.03933642165620632,
  "R_hi": 66.15020387278946,
  "R_covered": true,
  "n_boot_ok": 31,
  "ks_p": 0.8883073375058452
}