{
  "rep": 45,
  "scenario": "B",
  "status": "ok",
  "n": 95,
  "n_sh": 73,
  "n_ns": 22,
  "true_mu": 1.0,
  "true_beta": 4.0,
  "true_Ksh": 0.15,
  "true_Kns": 0.06,
  "true_ash": 1.0,
  "true_ans": 0.5,
  "true_R": 2.5,
  "mu_hat": 0.7602100553600685,
  "beta_hat": 3.0359659518560895,
  "Ksh_hat": 0.19315856420372532,
  "Kns_hat": 0.062236743755492326,
  "ash_hat": 1.0746378108259376,
  "ans_hat": 1.0459591835460635,
  "R_hat": 3.103609741579375,
  "ll2": -81.79597519665178,
  "aic2": 175.59195039330356,
  "ll1": -82.43100808641786,
  "aic1": 172.86201617283572,
  "LR": 1.2700657795321604,
  "lrt_p": 0.5299180591499424,
  "R_lo": 0.18114707312845219,
  "R_hi": 65.28467362328166,
  "R_covered": true,
  "n_boot_ok": 36,
  "ks_p": 0.9104106500417972
}