{
  "rep": 169,
  "scenario": "B",
  "status": "ok",
  "n": 105,
  "n_sh": 82,
  "n_ns": 23,
  "true_mu": 1.0,
  "true_beta": 4.0,
  "true_Ksh": 0.15,
  "true_Kns": 0.06,
  "true_ash": 1.0,
  "true_ans": 0.5,
  "true_R": 2.5,
  "mu_hat": 0.9429244733712461,
  "beta_hat": 8.60564187936385,
  "Ksh_hat": 0.1044466420574048,
  "Kns_hat": 2.6469033011013815e-08,
  "ash_hat": 1.4887956475786435,
  "ans_hat": 0.017713895130664372,
  "R_hat": 3945993.8719311864,
  "ll2": -77.44811886284326,
  "aic2": 166.89623772568652,
  "ll1": -80.1251226624842,
  "aic1": 168.2502453249684,
  "LR": 5.354007599281886,
  "lrt_p": 0.06876889116210927,
  "R_lo": 0.0524653923480784,
  "R_hi": 79.0577544599638,
  "R_covered": true,
  "n_boot_ok": 34,
  "ks_p": 0.7087359781874598
}