{
  "rep": 12,
  "scenario": "B",
  "status": "ok",
  "n": 122,
  "n_sh": 92,
  "n_ns": 30,
  "true_mu": 1.0,
  "true_beta": 4.0,
  "true_Ksh": 0.15,
  "true_Kns": 0.06,
  "true_ash": 1.0,
  "true_ans": 0.5,
  "true_R": 2.5,
  "mu_hat": 1.0528259286821569,
  "beta_hat": 10.000000000000002,
  "Ksh_hat": 0.15179580272328935,
  "Kns_hat": 9.999999999999982e-09,
  "ash_hat": 1.1543879780600446,
  "ans_hat": 0.011798223446701821,
  "R_hat": 15179580.272328962,
  "ll2": -69.15866329652013,
  "aic2": 150.31732659304026,
  "ll1": -72.0948435810974,
  "aic1": 152.1896871621948,
  "LR": 5.872360569154523,
  "lrt_p": 0.05306804693071743,
  "R_lo": 0.20909790634973446,
  "R_hi": 20.409559739801235,
  "R_covered": true,
  "n_boot_ok": 40,
  "ks_p": 0.9671002158195301
}