{
  "rep": 140,
  "scenario": "B",
  "status": "ok",
  "n": 131,
  "n_sh": 105,
  "n_ns": 26,
  "true_mu": 1.0,
  "true_beta": 4.0,
  "true_Ksh": 0.15,
  "true_Kns": 0.06,
  "true_ash": 1.0,
  "true_ans": 0.5,
  "true_R": 2.5,
  "mu_hat": 1.1644161311932015,
  "beta_hat": 8.956951095639946,
  "Ksh_hat": 0.1957306370566535,
  "Kns_hat": 0.09620945268066795,
  "ash_hat": 3.4584466560192154e-06,
  "ans_hat": 1.420917005411972,
  "R_hat": 2.034422103057895,
  "ll2": -73.60891272893076,
  "aic2": 159.21782545786152,
  "ll1": -74.03255719935359,
  "aic1": 156.06511439870718,
  "LR": 0.8472889408456581,
  "lrt_p": 0.6546565903197943,
  "R_lo": 0.06793722247489531,
  "R_hi": 63.00427366999158,
  "R_covered": true,
  "n_boot_ok": 41,
  "ks_p": 0.873373010889027
}