{
  "rep": 14,
  "scenario": "B",
  "status": "ok",
  "n": 133,
  "n_sh": 100,
  "n_ns": 33,
  "true_mu": 1.0,
  "true_beta": 4.0,
  "true_Ksh": 0.15,
  "true_Kns": 0.06,
  "true_ash": 1.0,
  "true_ans": 0.5,
  "true_R": 2.5,
  "mu_hat": 1.0607270465151202,
  "beta_hat": 5.174794810900797,
  "Ksh_hat": 0.11277514705323842,
  "Kns_hat": 0.28714851484382026,
  "ash_hat": 1.3811716137996357,
  "ans_hat": 0.800117521747929,
  "R_hat": 0.3927415299869362,
  "ll2": -67.72561065034945,
  "aic2": 147.4512213006989,
  "ll1": -68.11718754264771,
  "aic1": 144.23437508529543,
  "LR": 0.7831537845965215,
  "lrt_p": 0.675990070066189,
  "R_lo": 0.22204317392800363,
  "R_hi": 699.5556761744201,
  "R_covered": true,
  "n_boot_ok": 36,
  "ks_p": 0.836810227047904
}