{
  "rep": 151,
  "scenario": "B",
  "status": "ok",
  "n": 109,
  "n_sh": 85,
  "n_ns": 24,
  "true_mu": 1.0,
  "true_beta": 4.0,
  "true_Ksh": 0.15,
  "true_Kns": 0.06,
  "true_ash": 1.0,
  "true_ans": 0.5,
  "true_R": 2.5,
  "mu_hat": 0.9558147945797069,
  "beta_hat": 10.000000000000002,
  "Ksh_hat": 0.12859527304085686,
  "Kns_hat": 0.04407502245701604,
  "ash_hat": 1.137568456648876,
  "ans_hat": 2.8827686586220718e-06,
  "R_hat": 2.917645094027321,
  "ll2": -75.24412142331286,
  "aic2": 162.48824284662572,
  "ll1": -76.07929364478542,
  "aic1": 160.15858728957085,
  "LR": 1.6703444429451224,
  "lrt_p": 0.43379976536493203,
  "R_lo": 0.14471936278174585,
  "R_hi": 62.05305508265231,
  "R_covered": true,
  "n_boot_ok": 37,
  "ks_p": 0.3784452478176149
}