{
  "rep": 34,
  "scenario": "B",
  "status": "ok",
  "n": 119,
  "n_sh": 83,
  "n_ns": 36,
  "true_mu": 1.0,
  "true_beta": 4.0,
  "true_Ksh": 0.15,
  "true_Kns": 0.06,
  "true_ash": 1.0,
  "true_ans": 0.5,
  "true_R": 2.5,
  "mu_hat": 1.017939055180735,
  "beta_hat": 4.506912088941171,
  "Ksh_hat": 0.059486509620725776,
  "Kns_hat": 0.3241926261786741,
  "ash_hat": 2.25,
  "ans_hat": 1.0000000000000004e-06,
  "R_hat": 0.18349124815670742,
  "ll2": -76.54587260887405,
  "aic2": 165.0917452177481,
  "ll1": -78.60129564929304,
  "aic1": 165.20259129858607,
  "LR": 4.110846080837973,
  "lrt_p": 0.12803865859103558,
  "R_lo": 0.17136670967250764,
  "R_hi": 18.145332815490317,
  "R_covered": true,
  "n_boot_ok": 37,
  "ks_p": 0.6923120407455892
}