{
  "rep": 157,
  "scenario": "B",
  "status": "ok",
  "n": 125,
  "n_sh": 88,
  "n_ns": 37,
  "true_mu": 1.0,
  "true_beta": 4.0,
  "true_Ksh": 0.15,
  "true_Kns": 0.06,
  "true_ash": 1.0,
  "true_ans": 0.5,
  "true_R": 2.5,
  "mu_hat": 1.1420971929973618,
  "beta_hat": 8.236885863270299,
  "Ksh_hat": 0.1485343129223627,
  "Kns_hat": 1.617339967623895e-06,
  "ash_hat": 0.9548580642612312,
  "ans_hat": 0.0005731665979136985,
  "R_hat": 91838.6461076461,
  "ll2": -75.1090473501852,
  "aic2": 162.2180947003704,
  "ll1": -77.8645060419422,
  "aic1": 163.7290120838844,
  "LR": 5.510917383514027,
  "lrt_p": 0.06357984942636441,
  "R_lo": 0.26270297180291624,
  "R_hi": 13.739444410549968,
  "R_covered": true,
  "n_boot_ok": 39,
  "ks_p": 0.9750764078914741
}