{
  "rep": 136,
  "scenario": "B",
  "status": "ok",
  "n": 132,
  "n_sh": 99,
  "n_ns": 33,
  "true_mu": 1.0,
  "true_beta": 4.0,
  "true_Ksh": 0.15,
  "true_Kns": 0.06,
  "true_ash": 1.0,
  "true_ans": 0.5,
  "true_R": 2.5,
  "mu_hat": 0.955219428364225,
  "beta_hat": 3.0089709871029098,
  "Ksh_hat": 0.2131392441818272,
  "Kns_hat": 0.10604700761942673,
  "ash_hat": 0.9350853845313336,
  "ans_hat": 1.0598270627604878,
  "R_hat": 2.0098562794598105,
  "ll2": -69.48505912100505,
  "aic2": 150.9701182420101,
  "ll1": -69.72230064622624,
  "aic1": 147.4446012924525,
  "LR": 0.47448305044238737,
  "lrt_p": 0.7888007497330782,
  "R_lo": 0.055190120892464625,
  "R_hi": 22.09069397421055,
  "R_covered": true,
  "n_boot_ok": 38,
  "ks_p": 0.9804216368479856
}