{
  "rep": 85,
  "scenario": "B",
  "status": "ok",
  "n": 107,
  "n_sh": 83,
  "n_ns": 24,
  "true_mu": 1.0,
  "true_beta": 4.0,
  "true_Ksh": 0.15,
  "true_Kns": 0.06,
  "true_ash": 1.0,
  "true_ans": 0.5,
  "true_R": 2.5,
  "mu_hat": 0.8043636140659205,
  "beta_hat": 1.9905771325065489,
  "Ksh_hat": 0.1487210154503194,
  "Kns_hat": 0.43093560841373363,
  "ash_hat": 1.0371512944034111,
  "ans_hat": 1.0000000000000004e-06,
  "R_hat": 0.345111920543672,
  "ll2": -79.93680668088066,
  "aic2": 171.87361336176133,
  "ll1": -80.52154748238229,
  "aic1": 169.04309496476458,
  "LR": 1.1694816030032484,
  "lrt_p": 0.5572502815308706,
  "R_lo": 0.10904518489172203,
  "R_hi": 26.465414308574726,
  "R_covered": true,
  "n_boot_ok": 42,
  "ks_p": 0.9987405601919446
}