{
  "rep": 193,
  "scenario": "B",
  "status": "ok",
  "n": 88,
  "n_sh": 67,
  "n_ns": 21,
  "true_mu": 1.0,
  "true_beta": 4.0,
  "true_Ksh": 0.15,
  "true_Kns": 0.06,
  "true_ash": 1.0,
  "true_ans": 0.5,
  "true_R": 2.5,
  "mu_hat": 0.6521654906958438,
  "beta_hat": 2.659621768042251,
  "Ksh_hat": 0.20187818167119131,
  "Kns_hat": 1.7160688534908943e-08,
  "ash_hat": 1.8079994234497205,
  "ans_hat": 0.05489429547061587,
  "R_hat": 11763990.7781394,
  "ll2": -75.52538281257878,
  "aic2": 163.05076562515757,
  "ll1": -79.84991648386423,
  "aic1": 167.69983296772847,
  "LR": 8.649067342570902,
  "lrt_p": 0.013239722720070346,
  "R_lo": 2.5745163845341407e-07,
  "R_hi": 17.706382789846163,
  "R_covered": true,
  "n_boot_ok": 42,
  "ks_p": 0.9889863677110777
}