{
  "rep": 43,
  "scenario": "B",
  "status": "ok",
  "n": 120,
  "n_sh": 91,
  "n_ns": 29,
  "true_mu": 1.0,
  "true_beta": 4.0,
  "true_Ksh": 0.15,
  "true_Kns": 0.06,
  "true_ash": 1.0,
  "true_ans": 0.5,
  "true_R": 2.5,
  "mu_hat": 1.090592117604155,
  "beta_hat": 4.037596745519221,
  "Ksh_hat": 0.045249665817676504,
  "Kns_hat": 0.26303103632663893,
  "ash_hat": 1.650029898016247,
  "ans_hat": 1.0000003034769345e-06,
  "R_hat": 0.17203166002617373,
  "ll2": -77.98856375614518,
  "aic2": 167.97712751229037,
  "ll1": -78.62796864515758,
  "aic1": 165.25593729031516,
  "LR": 1.2788097780247938,
  "lrt_p": 0.527606314948976,
  "R_lo": 0.1141739380024797,
  "R_hi": 137.55282554785936,
  "R_covered": true,
  "n_boot_ok": 33,
  "ks_p": 0.9733159820132764
}