{
  "rep": 94,
  "scenario": "B",
  "status": "ok",
  "n": 118,
  "n_sh": 80,
  "n_ns": 38,
  "true_mu": 1.0,
  "true_beta": 4.0,
  "true_Ksh": 0.15,
  "true_Kns": 0.06,
  "true_ash": 1.0,
  "true_ans": 0.5,
  "true_R": 2.5,
  "mu_hat": 1.0393148417242455,
  "beta_hat": 1.4381652947921473,
  "Ksh_hat": 0.08084508442145875,
  "Kns_hat": 0.04909494283014874,
  "ash_hat": 1.5141827136003747,
  "ans_hat": 2.25,
  "R_hat": 1.6467090042482453,
  "ll2": -81.5554895389826,
  "aic2": 175.1109790779652,
  "ll1": -81.94152080810362,
  "aic1": 171.88304161620724,
  "LR": 0.7720625382420394,
  "lrt_p": 0.6797492701858101,
  "R_lo": 0.023793851218614315,
  "R_hi": 194.4525003294976,
  "R_covered": true,
  "n_boot_ok": 41,
  "ks_p": 0.8254829520302565
}