{
  "rep": 134,
  "scenario": "B",
  "status": "ok",
  "n": 105,
  "n_sh": 68,
  "n_ns": 37,
  "true_mu": 1.0,
  "true_beta": 4.0,
  "true_Ksh": 0.15,
  "true_Kns": 0.06,
  "true_ash": 1.0,
  "true_ans": 0.5,
  "true_R": 2.5,
  "mu_hat": 0.34261692637718943,
  "beta_hat": 0.19811393493419932,
  "Ksh_hat": 1.0714569004202372,
  "Kns_hat": 0.11562840821371909,
  "ash_hat": 1.0000000000000004e-06,
  "ans_hat": 0.5578233101688383,
  "R_hat": 9.266381133949666,
  "ll2": -82.52867655384325,
  "aic2": 177.0573531076865,
  "ll1": -83.26157857196108,
  "aic1": 174.52315714392216,
  "LR": 1.465804036235653,
  "lrt_p": 0.4805125087569456,
  "R_lo": 0.129619651222023,
  "R_hi": 155.87465590444353,
  "R_covered": true,
  "n_boot_ok": 37,
  "ks_p": 0.8108230123348554
}