{
  "rep": 147,
  "scenario": "B",
  "status": "ok",
  "n": 113,
  "n_sh": 83,
  "n_ns": 30,
  "true_mu": 1.0,
  "true_beta": 4.0,
  "true_Ksh": 0.15,
  "true_Kns": 0.06,
  "true_ash": 1.0,
  "true_ans": 0.5,
  "true_R": 2.5,
  "mu_hat": 1.0830606742434066,
  "beta_hat": 1.8132317432114755,
  "Ksh_hat": 0.18728200591239344,
  "Kns_hat": 9.999999999999982e-09,
  "ash_hat": 5.665090119914955e-06,
  "ans_hat": 4.3163576926554686e-05,
  "R_hat": 18728200.591239378,
  "ll2": -86.1269813821821,
  "aic2": 184.2539627643642,
  "ll1": -86.31863015868335,
  "aic1": 180.6372603173667,
  "LR": 0.3832975530025067,
  "lrt_p": 0.8255967865676139,
  "R_lo": 0.20166650536249225,
  "R_hi": 58.35703554737804,
  "R_covered": true,
  "n_boot_ok": 33,
  "ks_p": 0.7785564691877613
}