{
  "rep": 47,
  "scenario": "B",
  "status": "ok",
  "n": 120,
  "n_sh": 98,
  "n_ns": 22,
  "true_mu": 1.0,
  "true_beta": 4.0,
  "true_Ksh": 0.15,
  "true_Kns": 0.06,
  "true_ash": 1.0,
  "true_ans": 0.5,
  "true_R": 2.5,
  "mu_hat": 0.8788896149039714,
  "beta_hat": 3.1636077656593544,
  "Ksh_hat": 0.25473687144768076,
  "Kns_hat": 0.005792608764396123,
  "ash_hat": 0.811802012021008,
  "ans_hat": 2.25,
  "R_hat": 43.97619135153813,
  "ll2": -68.52144898055167,
  "aic2": 149.04289796110334,
  "ll1": -69.97636430084324,
  "aic1": 147.9527286016865,
  "LR": 2.909830640583152,
  "lrt_p": 0.23342012901275266,
  "R_lo": 5.3819468148192415e-08,
  "R_hi": 175.76218580541968,
  "R_covered": true,
  "n_boot_ok": 39,
  "ks_p": 0.7720411150101293
}