{
  "rep": 168,
  "scenario": "B",
  "status": "ok",
  "n": 132,
  "n_sh": 97,
  "n_ns": 35,
  "true_mu": 1.0,
  "true_beta": 4.0,
  "true_Ksh": 0.15,
  "true_Kns": 0.06,
  "true_ash": 1.0,
  "true_ans": 0.5,
  "true_R": 2.5,
  "mu_hat": 1.3076702391738402,
  "beta_hat": 10.000000000000002,
  "Ksh_hat": 0.07259639600117225,
  "Kns_hat": 0.005891027499152257,
  "ash_hat": 1.1182287919485145,
  "ans_hat": 2.25,
  "R_hat": 12.323214585506378,
  "ll2": -77.74993293346165,
  "aic2": 167.4998658669233,
  "ll1": -78.7630490355663,
  "aic1": 165.5260980711326,
  "LR": 2.0262322042092933,
  "lrt_p": 0.3630858025073833,
  "R_lo": 0.36294378563922525,
  "R_hi": 42.19029443924252,
  "R_covered": true,
  "n_boot_ok": 37,
  "ks_p": 0.45551521878916523
}