{
  "rep": 72,
  "scenario": "B",
  "status": "ok",
  "n": 110,
  "n_sh": 90,
  "n_ns": 20,
  "true_mu": 1.0,
  "true_beta": 4.0,
  "true_Ksh": 0.15,
  "true_Kns": 0.06,
  "true_ash": 1.0,
  "true_ans": 0.5,
  "true_R": 2.5,
  "mu_hat": 0.831088035540576,
  "beta_hat": 2.543629483723703,
  "Ksh_hat": 0.13959195314188053,
  "Kns_hat": 0.14817392624224635,
  "ash_hat": 1.4336296307495686,
  "ans_hat": 1.1914883605517372,
  "R_hat": 0.9420817594700478,
  "ll2": -78.58005753253056,
  "aic2": 169.16011506506112,
  "ll1": -78.59454121856058,
  "aic1": 165.18908243712116,
  "LR": 0.028967372060037633,
  "lrt_p": 0.9856206979877036,
  "R_lo": 0.056151319798840194,
  "R_hi": 38.17966708887731,
  "R_covered": true,
  "n_boot_ok": 43,
  "ks_p": 0.6273686320352387
}